ply
format ascii 1.0
element vertex 10671
property float x
property float y
property float z
end_header
-0.082962 -0.280172 0.467777
0.356522 -0.234252 0.339337
-0.15212 0.084905 -0.681471
0.207243 -0.080424 -0.800549
0.505126 -0.012818 0.151887
-0.032353 -0.49557 -0.271238
-0.34566 0.086209 -0.571299
0.01021 0.561416 0.138455
-0.264499 -0.112247 0.476808
0.471303 -0.18083 -0.444325
0.482033 0.229638 -0.020282
0.090233 0.149826 -0.540772
-0.24053 -0.388321 -0.699093
-0.13182 0.082008 -0.687209
-0.394395 0.314842 -0.199742
0.315926 -0.139949 -0.626301
-0.364561 -0.160518 -0.267551
-0.490645 -0.034654 0.147567
-0.328335 0.314097 -0.175753
0.430152 0.061234 -0.257889
-0.465944 0.325609 0.33236
-0.226721 -0.398473 -0.200685
0.42276 -0.154921 -0.530426
-0.464461 -0.184448 0.217551
0.355083 0.219019 -0.04808
-0.139704 -0.439254 -0.224282
-0.198104 -0.361792 -0.130706
-0.343761 -0.223283 -0.009586
0.323034 0.035968 0.404222
0.058504 -0.50959 0.25538
-0.084426 -0.468864 -0.736444
-0.231816 -0.043504 0.490382
0.381523 -0.242207 0.307096
-0.155969 -0.421354 -0.219915
-0.282565 -0.068144 -0.572168
-0.15053 -0.425067 -0.243604
0.247391 0.013596 -0.675198
0.184773 0.090218 -0.558696
-0.085055 0.154914 0.507654
0.321711 0.24011 -0.029643
0.411769 -0.239729 -0.310493
-0.270138 -0.261921 -0.564574
-0.120181 0.5043 0.135082
0.094197 -0.203701 0.485749
0.331478 0.353096 -0.022373
0.114812 0.014632 0.517096
-0.318132 0.390084 0.423292
0.181173 0.267662 -0.224823
-0.254237 -0.335011 -0.190443
-0.107797 -0.181345 0.481907
-0.189771 0.241557 -0.578682
-0.127874 0.126273 -0.66094
-0.12216 0.093381 0.517505
0.238731 0.450658 0.002337
-0.005495 0.254625 -0.509558
-0.31943 -0.085069 -0.51668
-0.437731 0.14782 0.062574
-0.255151 0.322966 -0.046768
0.431896 -0.338513 0.068873
-0.307403 0.302896 -0.123063
0.399115 -0.011509 -0.473314
0.554528 -0.013761 0.009551
0.434324 0.014946 0.342401
0.261477 0.169769 -0.202779
-0.330339 -0.419977 0.114606
0.21466 -0.505606 -0.528142
-0.441776 0.157049 0.240936
0.282348 -0.302941 -0.837257
-0.038456 -0.460722 -0.647966
-0.387201 -0.137445 0.380369
0.02942 -0.369501 0.419172
-0.408338 -0.195839 0.317068
0.197019 0.28105 0.359973
0.251617 -0.477484 -0.401196
0.44839 0.24377 -0.055927
0.375882 0.320282 0.035881
0.377216 0.017532 0.392189
0.333678 -0.40394 0.209742
0.277373 -0.48793 0.135561
0.008411 -0.374884 -0.817004
-0.381871 0.15249 -0.044145
0.207704 0.111465 -0.426628
0.126898 -0.556876 0.005422
-0.392269 -0.03497 -0.386111
-0.165682 -0.05695 -0.705564
0.30239 -0.26268 0.373835
0.285912 0.305255 0.294018
-0.137172 0.37296 -0.193882
-0.395909 -0.101924 -0.065466
0.395497 -0.266444 0.280453
-0.329276 -0.355425 0.101235
0.172973 0.062394 -0.756743
0.093117 -0.287367 -0.815856
-0.287114 0.292174 -0.345947
0.33923 -0.39432 -0.58346
0.082725 -0.505615 0.259735
-0.36794 -0.173881 -0.090809
-0.233491 0.291427 -0.418577
0.412019 -0.243188 0.256237
0.555109 -0.062846 -0.116444
0.197387 0.37467 0.305894
-0.400677 0.145907 -0.034518
0.402904 -0.250182 0.278334
0.170604 0.216496 -0.38432
-0.273405 0.046781 0.46595
-0.355631 0.167499 -0.575811
-0.436275 0.059629 0.005443
0.075297 0.204192 0.462084
-0.045311 -0.544343 0.144039
-0.151772 -0.345555 -0.773297
0.009534 -0.561988 -0.067398
-0.087401 -0.218849 0.475891
0.186572 0.290522 -0.15375
0.107655 -0.499608 0.264615
0.472849 -0.243815 -0.047708
0.436858 -0.214194 0.245881
-0.316552 -0.00701 -0.563477
0.379197 -0.06129 0.402772
-0.375587 -0.068648 0.399694
-0.27416 0.290917 -0.313217
-0.035215 -0.473685 -0.583094
0.151488 -0.303096 0.438109
-0.279711 -0.033776 0.482275
-0.265264 -0.057701 -0.640782
0.247995 -0.025262 -0.730121
-0.046756 0.391565 -0.175095
0.232562 0.207244 -0.270586
0.073743 0.473859 0.08513
-0.375411 0.201356 -0.204684
0.555349 -0.057085 0.042403
0.454467 -0.056344 -0.47238
-0.394115 -0.088292 0.016759
0.254941 0.05669 -0.511772
-0.30904 -0.452866 0.083546
0.216669 -0.369323 0.380273
-0.14215 0.468364 0.154789
0.191527 0.078191 -0.654096
-0.078829 0.362964 -0.311466
0.061191 0.067133 0.516346
-0.058701 0.34826 -0.344427
0.066322 -0.082933 -0.768639
0.140496 -0.197661 -0.808903
0.37292 0.350274 0.178631
-0.389996 -0.292444 0.117569
-0.352441 0.413603 0.206985
-0.354673 -0.180148 0.365611
0.516493 0.094701 0.117554
0.460093 0.028378 0.275889
0.307563 -0.034654 -0.541917
-0.185063 -0.047051 -0.69858
-0.117934 0.465531 0.291147
-0.306771 -0.119875 -0.50623
-0.397791 -0.112642 -0.084979
0.437722 0.07389 -0.241244
-0.345821 -0.074037 -0.486035
-0.117929 -0.429963 -0.51563
0.117766 -0.354538 0.418073
0.035909 0.343358 0.403336
0.466185 -0.166214 -0.36336
-0.09253 -0.230274 -0.762081
0.388506 0.216398 0.309072
-0.29561 -0.220953 -0.382113
-0.242699 -0.299791 0.387022
-0.320133 0.504615 0.219975
-0.358502 0.075429 -0.549633
0.372319 0.139135 -0.250922
-0.327223 -0.161185 -0.429234
-0.404209 0.046859 -0.370438
0.32537 -0.118074 -0.59192
-0.488492 0.341825 0.255882
0.029133 -0.534077 0.193653
0.472825 0.173348 0.22211
-0.512034 0.070062 0.259737
-0.17064 0.102452 0.511847
0.163289 -0.286077 0.442362
-0.4878 0.25301 0.34954
-0.369085 -0.162776 -0.071212
-0.128319 -0.177715 0.474754
0.478549 -0.231116 0.158227
-0.223767 -0.325161 -0.606477
-0.277453 -0.243345 -0.561869
0.010768 -0.509034 -0.582071
0.215384 0.073536 -0.589113
-0.385026 0.341118 -0.253605
-0.362269 0.333855 -0.250428
-0.156868 -0.468075 -0.743793
0.320776 0.139891 0.369179
0.181149 -0.423605 -0.853199
0.17111 -0.406121 -0.85462
0.110723 -0.025138 0.524189
0.535802 -0.108077 0.051599
-0.104291 0.269705 -0.523233
-0.2691 0.268544 -0.501243
0.046126 0.089977 -0.730077
0.313664 -0.420474 -0.56609
0.556811 -0.066545 -0.002552
-0.365389 0.100139 -0.540203
0.344688 0.33818 -0.016894
-0.102184 0.383748 -0.19249
0.223111 -0.200332 -0.825565
-0.234494 -0.432191 -0.730447
-0.166497 -0.398482 -0.781902
0.515033 -0.033364 0.113469
0.101585 0.175448 -0.516053
-0.321204 0.131526 -0.603862
-0.473824 -0.168038 0.156163
-0.423418 0.305347 0.41099
0.03516 -0.508552 0.249712
-0.398724 -0.053128 -0.343654
-0.238086 0.53276 0.231931
0.346091 0.090948 -0.279297
0.225012 0.15982 0.433282
-0.26663 0.504925 0.195192
0.072246 -0.406712 0.39916
-0.398674 -0.105335 -0.254962
0.168866 -0.498783 -0.329798
0.257644 0.44205 0.163659
0.444956 -0.167564 0.266529
0.424285 -0.187645 -0.231228
-0.360117 0.132471 -0.569948
-0.239176 -0.319516 0.374876
-0.334124 0.477642 0.284377
-0.276825 -0.137908 -0.562615
-0.18121 -0.376447 -0.305595
-0.317583 -0.057964 0.460051
-0.342387 0.162596 -0.592432
0.4814 -0.054542 0.233453
-0.465347 0.200479 0.221468
0.092207 0.052147 0.518256
0.480466 0.135581 0.242689
0.405038 -0.379521 0.10939
0.509171 0.079637 0.190924
0.225444 0.428738 0.185988
-0.277775 -0.05671 0.478255
-0.158505 0.352572 -0.301346
0.376294 -0.441084 -0.054848
-0.370244 0.034311 0.423365
0.328984 -0.160611 -0.633471
-0.09252 0.382344 -0.09694
-0.165538 -0.413391 -0.329389
-0.262408 -0.295436 -0.63316
-0.421325 0.000666 -0.136832
0.451657 -0.009169 -0.309946
-0.004697 -0.038483 -0.741324
-0.17853 0.448916 0.372104
0.537006 0.032005 -0.16456
-0.480916 -0.249288 0.202706
0.030384 -0.540956 -0.376566
0.23479 0.432723 0.164544
0.332758 0.052688 -0.361533
-0.477594 0.355288 0.307268
0.182232 -0.108624 -0.801174
-0.414148 0.169736 0.137086
-0.531434 -0.003171 0.283583
-0.359916 -0.361306 0.219525
-0.00244 -0.451908 0.348245
0.009508 -0.288205 -0.799965
0.376462 -0.349263 -0.237075
0.283882 -0.441769 -0.322897
0.208635 -0.42615 -0.743066
-0.118989 0.379349 -0.225094
0.227915 0.122916 -0.359977
-0.450643 0.166302 0.275805
-0.1918 0.473265 0.176243
-0.171101 -0.405017 -0.213745
-0.252615 0.235151 -0.595756
-0.415182 0.167072 0.409028
-0.292916 -0.268409 -0.707258
0.424625 -0.014152 -0.468495
-0.079704 -0.460758 -0.812821
0.271201 0.429218 0.02451
-0.437182 -0.214212 0.279591
-0.265207 -0.455444 0.014968
-0.066379 -0.185163 0.493135
-0.00378 -0.238158 -0.785754
0.04638 0.349011 -0.272742
0.022785 -0.508284 -0.260028
0.327715 0.086391 0.418454
-0.344472 -0.377525 0.153387
0.23633 -0.4743 -0.365874
0.127224 0.098761 -0.574777
-0.417898 0.061956 -0.264542
-0.034389 -0.476967 -0.779406
-0.368624 -0.170762 -0.162693
0.162962 0.175393 -0.458681
0.031952 -0.369404 -0.819864
-0.086709 -0.362518 0.398058
0.448656 0.241997 -0.037708
0.334777 0.277888 0.31679
-0.20839 -0.406792 -0.192954
-0.411835 0.09785 -0.045823
-0.19397 -0.452939 -0.775979
0.293752 0.263844 0.341544
0.304294 -0.145333 -0.661523
0.421513 0.257796 0.137968
-0.287498 0.303136 -0.274194
0.492647 -0.187915 0.118045
0.276747 0.071725 -0.360178
0.044815 -0.325135 -0.814299
-0.280991 0.288804 -0.416391
-0.039045 0.160092 -0.619864
0.501665 0.030022 -0.206175
-0.158252 -0.439876 -0.792603
-0.168309 -0.462232 -0.769617
-0.127816 -0.443477 -0.688766
0.022186 -0.474019 -0.811563
0.009738 -0.471908 -0.788741
-0.35409 0.205122 -0.497923
-0.173252 0.434537 0.155882
0.08058 -0.550489 0.12203
0.555583 -0.012881 -0.044285
-0.077345 -0.47123 -0.791518
-0.056157 -0.144029 -0.751935
-0.086931 0.383255 -0.159741
0.461719 -0.192601 0.229266
-0.242863 -0.026424 0.494554
-0.211192 0.312662 0.439718
-0.117439 0.280409 -0.507512
0.029622 0.571759 0.146238
0.432582 -0.238279 -0.186021
0.15897 -0.422365 -0.793225
-0.113229 0.132927 -0.654323
-0.314331 0.11199 0.447402
0.326348 -0.231397 -0.660897
-0.23684 0.522052 0.274132
0.163083 0.463064 0.161906
-0.43778 0.093588 0.078728
0.084159 0.187195 -0.522379
0.101164 0.376796 -0.042204
-0.218353 -0.444367 -0.774407
0.108137 0.224289 0.450927
-0.308848 0.492761 0.203097
0.171017 -0.467791 -0.715869
0.314328 0.026166 0.425895
0.453576 -0.01811 -0.324912
0.458684 -0.016746 -0.360103
-0.068486 0.27741 -0.499955
-0.276105 -0.473484 0.023846
0.354004 -0.388014 -0.451071
-0.137653 0.149099 0.511423
-0.390624 0.132509 -0.049977
0.264755 -0.392368 -0.702643
-0.167283 0.113496 -0.64658
0.184004 0.299674 -0.134356
0.496174 0.119895 0.206083
-0.251272 0.293081 -0.078028
-0.405564 -0.05631 -0.065081
0.049994 -0.518835 0.234017
-0.17133 0.356413 -0.214566
0.320081 -0.14996 0.420259
-0.34666 0.3368 0.182334
-0.050561 -0.522985 -0.192497
-0.030308 0.453427 0.073436
0.215332 -0.388689 -0.814045
-0.281809 -0.355797 -0.7198
0.246212 -0.479323 -0.201887
-0.256055 -0.529367 0.107776
0.528688 -0.022691 0.099885
0.1892 -0.368158 -0.857727
0.36993 0.107906 -0.266666
-0.520129 -0.012718 0.299943
0.270074 -0.352808 -0.708157
0.338886 -0.10275 -0.57727
0.421196 -0.07561 -0.507701
-0.13371 0.366915 -0.27316
-0.248125 -0.285808 -0.541213
-0.180606 -0.32258 -0.41078
-0.422629 0.435957 0.250858
-0.1252 0.007189 -0.702755
0.179016 0.431078 0.191743
-0.035375 -0.446439 -0.823244
-0.033064 -0.474196 -0.80244
0.541695 -0.053846 -0.166837
-0.314749 0.513253 0.278298
-0.098072 0.463054 0.112514
0.456305 -0.278933 -0.062729
-0.404226 -0.069285 -0.301774
-0.261013 -0.268169 -0.542921
-0.150476 -0.428655 -0.311006
-0.380229 0.201444 -0.251582
0.155749 -0.533046 -0.521943
0.175577 0.139401 0.459214
-0.009768 0.395883 -0.011243
-0.248887 -0.253649 -0.391979
-0.163947 -0.344948 -0.363066
0.110481 -0.527923 0.201045
0.508704 0.196482 -0.095637
-0.200706 -0.157151 0.477157
0.278734 -0.351662 0.32682
0.346859 -0.016968 -0.462705
0.383077 -0.228715 -0.595216
-0.412988 0.236118 -0.013179
-0.244015 -0.445464 0.204402
0.288436 -0.500232 0.060043
0.431776 0.215126 -0.116486
-0.285793 -0.317486 -0.704177
-0.072764 0.429949 0.340356
-0.408181 -0.037158 -0.079187
0.286938 -0.165204 -0.804676
0.174092 0.173925 -0.439033
0.27353 0.179076 0.426305
0.496578 0.216019 -0.013466
0.281522 0.37671 0.240662
0.435149 0.237502 0.083056
-0.137062 0.011867 0.514298
-0.119948 0.380446 -0.203919
-0.038036 -0.554839 0.068376
-0.188973 0.346621 -0.202345
-0.143758 -0.460343 0.304985
0.459342 -0.024729 -0.307779
0.511464 -0.136487 -0.050664
-0.156368 -0.514078 0.219316
0.018792 -0.554907 0.072173
-0.296249 0.312843 0.439857
-0.135702 0.378774 -0.110642
0.228555 -0.53127 -0.067843
0.458792 -0.004747 -0.373925
-0.471977 0.304135 0.327899
0.303175 0.007889 -0.458613
-0.185133 0.010877 0.509223
0.275649 -0.085033 -0.731182
-0.362664 0.057218 -0.527575
0.531876 0.080262 0.033507
0.301313 -0.108825 -0.640332
-0.13716 -0.506961 -0.15265
0.51237 0.135977 0.066215
-0.365301 0.328021 -0.21355
-0.378099 -0.132225 -0.050746
-0.04825 -0.537421 -0.365458
0.080223 0.10054 -0.724757
-0.405619 0.412203 0.369578
-0.415759 0.161471 0.187578
0.293207 0.087725 -0.307087
0.114406 -0.481162 -0.707335
-0.232669 -0.422508 -0.08345
-0.228112 -0.023272 -0.682715
0.09645 -0.326738 0.444171
-0.17862 -0.434871 -0.190852
-0.466047 -0.054231 0.126675
-0.207092 -0.54672 0.068856
0.085238 0.380523 0.347192
-0.243495 -0.41945 -0.721733
0.151639 0.487762 0.065803
0.261417 0.30137 0.317254
0.099656 0.106083 -0.690034
-0.097067 0.134315 -0.657998
-0.193123 0.43752 0.3819
0.296336 -0.190861 -0.742946
-0.300003 0.357982 0.104682
-0.377657 0.01235 -0.469362
0.260579 0.441851 0.075649
-0.153554 -0.148202 0.49312
-0.136207 -0.562684 -0.04648
0.400861 0.196738 -0.106358
0.159718 -0.114788 -0.798341
-0.212496 -0.385283 -0.102036
-0.45368 0.185047 0.396338
0.253989 0.336811 -0.041743
0.299716 -0.189162 -0.683227
0.347414 -0.26466 -0.651811
0.374091 0.205664 0.322233
-0.200164 0.010605 -0.682842
-0.304375 -0.245959 -0.168
-0.194369 -0.488578 0.181973
0.315029 -0.010879 0.417175
0.287346 -0.051459 -0.61339
0.008225 -0.172805 -0.774222
0.222801 -0.512956 0.12165
0.038744 0.278485 -0.442535
0.238314 0.07198 -0.50465
0.367434 -0.283538 0.303137
0.469413 0.042965 0.259755
-0.055238 -0.568383 -0.016822
-0.430738 -0.111823 0.06672
-0.303222 0.447956 0.39697
0.133723 -0.434352 -0.799801
0.536462 -0.083403 -0.02413
0.174754 -0.426096 -0.754244
-0.059555 0.436996 0.049876
-0.303661 0.48954 0.330353
0.513955 -0.134623 0.076861
-0.220056 -0.231298 -0.732164
0.540476 0.060915 0.038076
-0.110516 -0.470856 -0.422265
0.104905 0.444783 0.301009
0.461954 -0.235749 0.178696
-0.449742 0.075405 0.150498
-0.272657 -0.29274 -0.670328
-0.168156 0.355568 -0.258485
-0.466464 0.06517 0.139672
0.238202 0.196875 -0.215948
-0.377919 0.269423 0.11855
0.335131 0.161567 -0.267295
-0.204514 0.334864 -0.1883
0.374374 -0.177862 -0.592195
0.291999 -0.207476 -0.823414
0.487917 -0.150964 0.168913
-0.154047 0.365619 -0.225532
0.427172 -0.346365 -0.105939
-0.226269 0.432638 0.385048
-0.327259 0.294247 -0.314087
0.315833 0.369543 -0.023114
-0.212596 -0.36724 -0.764214
-0.11638 0.361728 -0.309983
0.062414 -0.251524 0.471083
0.536725 0.089215 0.016353
-0.346295 0.319364 -0.142239
-0.418861 0.014732 -0.020133
-0.424208 -0.284184 0.190453
0.52162 -0.143621 -0.133207
0.216212 0.227852 -0.2004
0.210885 -0.513367 -0.158005
0.011216 -0.506151 -0.608123
0.023932 0.309756 -0.386925
0.325394 0.153863 0.347857
-0.424002 -0.269675 0.267598
0.212516 0.416358 -0.040941
0.28919 -0.367976 0.295651
0.390647 -0.300661 -0.238968
-0.490078 0.296272 0.281836
0.479411 -0.067566 -0.413932
0.328291 0.101158 0.355413
-0.278175 -0.237584 -0.720703
-0.035988 0.392728 -0.063528
0.462236 -0.087614 -0.449112
-0.404915 0.303376 -0.214089
0.558253 -0.005933 -0.118032
-0.331538 0.346089 0.060667
0.471905 -0.100165 -0.434917
-0.192498 0.424644 0.001123
-0.170808 -0.174078 0.467042
0.190378 -0.457506 0.286285
-0.482401 0.296355 0.307062
-0.069631 0.449949 0.098799
-0.101877 0.441313 0.107983
-0.143415 -0.538215 -0.082592
0.05041 -0.561438 0.001573
0.253644 0.221075 -0.109538
-0.356532 0.307114 -0.30814
-0.153362 -0.385955 -0.599169
-0.090251 0.380181 -0.140142
0.446881 -0.278573 -0.128771
0.423984 0.091195 0.309215
-0.001125 0.431959 0.031843
-0.389084 -0.291222 0.280401
-0.2453 -0.262124 -0.372574
0.269451 0.226545 -0.073067
-0.505437 0.034831 0.132693
-0.33107 0.321735 -0.028323
-0.332529 0.309822 -0.081351
-0.055064 -0.451895 -0.632689
0.114064 -0.327993 -0.831258
-0.291443 -0.030619 -0.580289
-0.206557 0.179517 0.488635
0.005887 0.133151 -0.679757
-0.373361 -0.190761 -0.005543
-0.037564 -0.513014 -0.530875
0.26203 0.060684 -0.451142
-0.303279 0.376706 0.05424
0.275939 0.276429 0.344158
0.524009 0.091539 0.047753
-0.135765 0.426938 0.01151
-0.143319 -0.413446 0.345712
0.243815 0.439703 0.143188
0.395234 0.229391 -0.045864
-0.4258 -0.280478 0.247019
-0.41956 -0.274136 0.226343
-0.531019 -0.049305 0.262653
0.055739 0.187804 -0.539661
0.243665 0.112066 -0.349031
-0.001269 -0.000323 -0.73523
-0.289839 -0.238905 -0.337801
-0.238048 -0.377712 -0.066128
0.27505 0.077431 0.456673
0.136429 0.014247 0.501904
0.284742 -0.435705 -0.27938
-0.097216 -0.00363 0.516898
0.186599 0.489711 0.011117
0.283073 -0.291832 -0.686649
0.068283 -0.107325 -0.774534
-0.348659 0.458797 0.279358
-0.542206 0.035126 0.18279
-0.363247 0.438755 0.396924
0.456908 0.11128 -0.182365
-0.065799 -0.316392 0.456627
0.446036 0.061763 -0.222405
0.111333 0.430321 -0.027121
-0.328321 0.202559 -0.593424
-0.156114 -0.358167 -0.433319
0.309324 -0.41471 -0.312605
0.221623 -0.458093 -0.688716
-0.222875 -0.495917 -0.057105
-0.160418 -0.49126 -0.180024
-0.426473 0.200739 -0.004888
0.151916 -0.023011 -0.777385
-0.398706 0.245566 -0.268125
0.457246 -0.020244 -0.407673
-0.047859 -0.514728 -0.509263
-0.318614 -0.210073 -0.695006
0.064919 0.514483 0.100364
-0.448823 -0.231675 0.271321
0.058959 0.276142 -0.429974
-0.297134 -0.207118 0.374262
-0.395307 0.022937 -0.409213
-0.144693 0.344717 -0.346435
-0.17268 -0.266325 -0.750544
-0.335979 0.037388 0.443636
-0.126284 0.448054 0.33685
0.093992 0.34015 -0.220832
-0.139109 0.281024 -0.510569
-0.328017 0.250536 -0.525436
0.322849 -0.412782 -0.356965
0.452201 -0.294663 -0.094432
-0.120217 0.255467 0.481001
0.011997 0.416955 0.340486
0.094219 0.45945 0.041302
-0.349452 0.225346 0.419876
-0.433887 0.433114 0.297656
-0.28015 -0.263296 -0.228663
-0.214771 0.244759 -0.580128
0.376919 0.061931 0.336993
0.08712 0.488072 0.282333
0.295705 -0.014169 -0.509532
-0.392737 0.225942 0.146545
-0.447704 -0.212713 0.260593
0.231292 -0.486087 -0.474524
-0.027716 -0.563681 -0.08953
0.019292 0.336101 0.414703
0.052893 -0.189328 -0.788922
-0.153418 0.416086 0.072795
-0.251997 -0.401106 -0.714097
0.319183 -0.404734 0.224163
-0.370747 0.191124 0.416332
-0.277772 -0.320855 0.362143
-0.375637 0.355038 0.192772
0.569323 0.020619 -0.072525
0.120552 0.067198 -0.754115
0.08728 -0.397036 -0.840986
0.400898 -0.244863 -0.554961
0.183276 0.437415 0.229111
0.399749 0.089934 -0.285025
0.411253 0.043753 -0.348505
-0.248862 -0.495883 0.008895
-0.00931 -0.563111 -0.078772
0.29261 0.114902 -0.274879
0.368761 -0.348077 0.230062
0.051651 0.373773 0.363378
-0.002691 0.291428 -0.446888
-0.032346 0.389681 -0.137111
-0.271943 -0.391555 0.311031
-0.220797 0.361219 -0.054921
0.154609 0.169455 0.474654
-0.127144 -0.117016 0.531408
-0.253762 0.183949 0.47009
0.485722 -0.224155 0.110819
-0.399489 0.011639 -0.389651
-0.252346 -0.535252 0.089739
-0.400218 -0.258309 0.295938
-0.110351 -0.546943 0.011463
0.05196 0.374028 -0.170879
-0.391359 0.28329 0.193459
-0.227819 -0.391918 -0.764811
0.022791 0.187457 0.475663
-0.403296 -0.110779 0.027366
-0.084704 -0.27987 -0.775015
0.286002 -0.470363 -0.193977
-0.523467 -0.03367 0.215243
-0.304835 0.375242 0.425985
0.293646 -0.273552 -0.685701
-0.424646 0.134466 0.389049
-0.153302 -0.542807 0.01757
-0.282229 -0.226986 -0.398855
0.395106 -0.09776 0.361093
0.338721 -0.028216 -0.481526
0.269914 -0.409468 0.267275
-0.393439 0.438584 0.343944
0.214296 -0.469813 -0.307773
-0.012428 -0.533894 -0.181125
-0.317157 -0.146999 -0.464668
-0.064739 0.389809 -0.188852
-0.019852 -0.318726 0.449208
-0.213067 -0.415849 -0.702179
0.196851 -0.48988 -0.358945
-0.283964 0.369979 0.102907
-0.00219 0.395298 0.367776
-0.460332 0.415448 0.257198
-0.453462 -0.248107 0.257002
-0.286215 -0.508113 0.112425
-0.436044 0.113676 0.079429
0.534126 -0.08681 0.052778
0.055148 0.494444 0.088242
-0.005419 -0.552671 0.102708
0.327179 0.411905 0.033353
-0.232778 0.075069 -0.637673
-0.31529 0.523297 0.224915
0.54311 0.049018 -0.144473
0.413263 -0.272656 -0.238371
0.168629 0.408808 -0.039985
-0.235882 0.354584 -0.042199
0.252869 0.44162 0.117641
-0.378476 0.187105 -0.402431
0.217905 0.110237 0.462919
0.387318 0.192762 0.309392
0.280524 -0.504436 -0.065882
-0.344323 0.246338 -0.439403
-0.04724 0.408558 -0.003546
0.251496 0.204606 -0.234915
0.228281 0.164224 -0.321754
-0.366706 -0.350297 0.150735
0.127664 0.486708 0.2434
0.454375 -0.241582 0.196362
-0.218384 -0.374571 -0.223437
0.232796 -0.462777 -0.314415
-0.214726 0.408711 0.051983
0.423572 -0.383377 -0.030464
-0.160855 0.017014 0.51345
0.367955 -0.354036 -0.534861
0.262682 -0.515645 -0.067197
-0.246996 -0.065401 -0.688308
0.425107 -0.365812 -0.069728
-0.347623 0.329765 0.067197
0.136119 0.479444 0.182528
-0.214382 0.497633 0.19448
0.39749 0.369047 0.098296
0.044672 -0.542293 -0.15444
-0.32291 -0.42382 0.095222
0.175141 -0.486962 -0.295288
0.287525 0.212582 0.385924
-0.487942 -0.107964 0.159125
0.108393 0.236539 0.433203
-0.057423 -0.076627 -0.736672
0.199356 0.312514 -0.073312
0.132157 0.488877 0.163335
-0.486532 -0.125187 0.137163
-0.359619 -0.062544 -0.467217
0.027965 -0.308363 -0.807584
-0.042907 0.445607 0.30474
0.42583 -0.273853 -0.484495
-0.133205 -0.292958 0.421105
0.309704 0.063035 0.437274
-0.240581 -0.352137 -0.678125
-0.225958 -0.438052 0.213282
-0.10715 0.166237 0.506503
-0.316407 0.373074 0.037761
-0.304313 -0.108342 -0.65949
0.065248 0.239839 0.444165
0.260831 0.041249 0.464904
0.092164 -0.131839 0.503162
0.054866 0.211144 0.460303
-0.343906 0.449598 0.386888
0.18393 -0.515526 -0.421973
0.00609 -0.456726 -0.68724
-0.429245 0.099009 0.115801
-0.414328 -0.093467 0.063375
-0.441174 0.104986 0.061728
-0.263111 -0.238893 0.388262
0.520846 0.052998 -0.153999
0.231233 0.294522 -0.06183
-0.378889 0.336663 0.431918
-0.20755 -0.432615 0.272827
0.197478 0.108249 -0.446878
-0.026063 0.531853 0.234841
0.173393 0.247554 -0.2938
-0.151225 0.47897 0.17117
-0.409088 0.020327 0.385308
0.232987 0.344761 -0.042592
0.179478 0.460432 -0.028526
-0.197613 -0.339153 0.374224
0.388833 0.126842 0.298773
0.157738 0.126295 0.474946
-0.424065 0.022002 -0.268732
0.041429 -0.419581 0.373588
0.509216 -0.114891 0.085359
0.347423 -0.365173 -0.258156
0.06768 -0.151648 0.501624
-0.31907 -0.162413 -0.650955
-0.320081 -0.211303 -0.324233
0.440298 -0.27841 -0.14938
0.533525 0.11777 -0.12441
0.384888 0.317637 0.061362
0.3956 0.043245 -0.362416
-0.426653 -0.291844 0.139744
0.517177 0.1621 -0.114964
0.166809 0.102555 -0.50361
0.183941 0.480716 -0.014208
0.063219 0.492493 0.282271
0.012379 0.154878 0.490787
-0.233071 0.314766 -0.282781
0.238058 -0.238078 0.428218
0.349674 -0.380938 -0.549552
-0.257923 -0.338233 0.003498
-0.02949 0.401549 -0.019292
0.134505 -0.181623 0.48272
-0.296819 -0.340122 0.073118
-0.344066 0.208162 -0.570821
0.393682 0.335186 0.090313
0.158345 0.351653 0.349324
0.408795 -0.07976 0.330979
-0.183744 0.34627 -0.271294
0.392992 -0.371895 -0.20222
0.229819 0.422278 -0.028358
0.181957 0.066231 -0.732236
-0.488225 -0.192466 0.147381
-0.079015 -0.494954 -0.427191
-0.085464 -0.461613 -0.491561
-0.398856 -0.064309 0.36309
-0.380548 -0.310724 0.123198
-0.056489 -0.517351 -0.413695
0.067625 -0.121011 0.506362
-0.452612 0.391924 0.220038
0.183869 -0.515412 -0.504254
-0.385887 -0.156313 0.376583
0.321545 0.430598 0.130924
0.352304 -0.376031 -0.244151
-0.492752 -0.122198 0.108815
0.243158 0.428167 -0.010651
-0.388043 -0.235375 0.063361
-0.086386 -0.489092 -0.247094
0.467131 -0.012006 0.274721
-0.115284 -0.224135 -0.755099
-0.067038 -0.221892 0.485229
-0.153277 -0.533795 0.142304
-0.335254 -0.38424 0.200794
0.351626 -0.383012 -0.495226
0.281273 0.407733 -0.003063
-0.092469 -0.55837 0.003397
-0.152096 -0.01901 0.506264
0.472345 -0.11497 -0.335525
0.268602 0.367577 0.253989
-0.418192 -0.013911 0.368369
-0.359412 0.157627 -0.143513
0.323412 0.150946 0.390787
-0.438804 -0.129203 0.063326
0.477627 -0.09254 -0.337902
-0.034511 -0.115242 0.519899
0.224747 0.212701 0.412628
0.365322 -0.322214 -0.314639
-0.497983 0.238514 0.291892
0.441424 0.218643 0.081266
-0.13116 -0.488845 0.27411
0.173025 -0.334975 0.417733
0.327377 0.085423 -0.305128
-0.103363 0.381451 -0.171981
0.275703 -0.186608 0.43157
-0.245992 -0.535102 0.067825
-0.311854 -0.045752 -0.549439
-0.423789 0.235727 0.191847
0.147412 -0.453419 0.30622
-0.091166 0.12641 -0.674125
0.174175 0.121646 -0.472949
0.153923 -0.511844 -0.342666
0.26342 0.018985 0.463082
0.40435 0.2646 0.238798
-0.282969 0.452104 0.3905
0.437123 -0.202376 -0.318222
0.448512 -0.321559 -0.056582
-0.526173 0.023454 0.223273
-0.029556 0.224298 -0.552803
-0.323417 -0.11185 0.415309
-0.151629 0.252598 -0.561969
0.432233 -0.089571 -0.493124
-0.179775 0.345233 -0.293711
-0.039376 0.383818 -0.242929
-0.318609 0.12959 0.441458
-0.446751 -0.118658 0.325549
0.06789 -0.354566 0.441613
-0.463981 0.084431 0.298896
-0.063473 -0.330342 -0.791456
-0.365006 0.337006 0.189391
0.459264 -0.130823 -0.457327
-0.328612 -0.414909 0.160953
-0.241212 0.404735 0.159233
0.284499 -0.241796 -0.73141
0.209014 0.135068 -0.392931
0.119981 -0.534466 -0.54476
-0.292434 0.319138 -0.04041
0.194971 0.070192 -0.689775
0.012784 0.304445 0.430004
-0.012899 -0.536129 0.163205
0.126506 0.325223 -0.205944
-0.128997 -0.429161 -0.651321
0.558257 -0.02234 -0.103213
0.444928 0.021423 -0.357615
0.063063 0.312005 0.383348
0.298535 0.049893 -0.386105
0.301842 0.332422 0.25962
0.103551 -0.003143 0.525597
0.282716 -0.105865 -0.737913
0.45136 -0.200449 -0.178502
-0.115187 -0.473536 -0.221454
0.298572 -0.142617 -0.704029
0.153266 -0.549083 0.056811
-0.101118 0.299902 -0.465791
-0.006428 -0.479795 -0.651768
-0.425537 -0.060037 -0.187668
-0.136014 0.371852 -0.235785
-0.458558 0.13028 0.328147
-0.350474 0.27976 -0.328569
-0.438487 0.097182 0.182452
-0.299793 -0.431458 0.057061
0.502743 -0.154723 -0.128835
-0.435293 0.043433 0.05875
-0.169636 -0.379021 -0.776888
-0.092575 -0.565808 -0.016802
-0.369809 0.45925 0.322558
-0.180429 -0.324919 -0.30789
-0.372497 0.485612 0.373466
-0.057112 -0.121383 -0.746676
0.177804 0.096285 -0.521376
-0.375169 0.255176 -0.127088
-0.12555 0.375753 0.423591
-0.43828 0.046568 0.115556
0.248706 0.201677 -0.28221
-0.147141 0.123629 -0.648011
-0.273391 0.008343 0.478139
-0.027762 -0.425324 -0.819492
-0.17204 0.488753 0.206023
-0.304587 -0.470798 0.114529
0.028993 0.339138 -0.313457
0.357203 0.302226 0.001218
-0.292072 -0.185374 -0.706111
-0.282793 -0.117678 -0.692152
0.054727 0.3251 -0.322278
-0.315625 0.299586 -0.303086
0.334758 -0.381453 -0.259577
-0.103859 -0.442757 -0.527633
-0.454019 0.17566 0.238054
-0.047276 0.075328 0.516755
-0.147985 0.460211 0.325617
-0.224725 -0.44469 -0.126297
0.293822 0.288966 0.332302
0.267761 -0.425775 0.253163
0.067854 -0.372916 0.430383
-0.135135 -0.539612 0.176912
-0.535229 -0.015918 0.266758
0.477635 0.063415 -0.193431
-0.27656 0.164612 0.457127
-0.07206 0.430731 0.062693
0.334756 -0.42271 -0.400973
-0.184528 -0.440336 -0.711284
-0.052214 0.151577 -0.634446
-0.465966 0.27611 0.220469
-0.381251 -0.247243 0.078784
0.475965 -0.239479 0.026888
-0.268639 -0.288939 -0.109053
-0.200449 -0.319355 0.385411
-0.221275 -0.469208 -0.056711
0.400976 -0.309067 -0.478616
0.441088 0.251499 0.031163
-0.402836 0.001039 -0.369872
-0.271328 0.492986 0.332139
-0.305117 -0.248882 -0.062055
-0.422126 0.286742 -0.267882
-0.421759 0.308538 -0.270033
0.433716 -0.348905 0.05221
0.090541 0.245334 0.423578
-0.097027 -0.548869 0.140703
-0.259906 -0.526014 0.053641
0.426426 -0.280741 -0.191939
0.330484 -0.183813 0.396586
-0.383826 0.23812 -0.202767
0.250601 0.225614 -0.086946
0.070932 0.224435 0.456408
0.173003 0.039357 0.4795
-0.163776 -0.335483 -0.391273
0.29356 0.336517 -0.033874
0.215827 -0.311645 -0.852603
-0.049714 0.179125 0.497949
0.181671 0.448751 0.281038
-0.09393 -0.126427 0.524818
-0.437304 -0.198319 0.063128
-0.374561 0.155472 -0.17842
0.008453 -0.546008 0.139988
0.279073 -0.508133 0.042415
0.089263 -0.106165 0.508414
-0.274561 0.112882 0.474455
-0.086521 0.176856 0.502676
-0.365222 0.003007 0.412038
0.289111 -0.220351 0.410579
0.116926 0.472963 0.036819
0.080275 -0.483981 -0.673766
-0.367597 0.298994 -0.091369
-0.363272 -0.174203 -0.204022
-0.243824 -0.333303 -0.045453
0.383758 -0.301508 -0.556993
-0.223276 -0.537858 0.036988
-0.252075 -0.260962 -0.504724
-0.24389 -0.306684 -0.743928
-0.309825 -0.126773 -0.648334
-0.362342 0.451764 0.30089
-0.334947 -0.367086 0.286616
-0.006725 -0.538038 -0.396876
-0.189023 0.346545 -0.225975
-0.425843 -0.119424 0.362594
0.43619 -0.354788 0.036932
0.022414 -0.505948 -0.237986
-0.32166 -0.138147 0.399947
-0.028025 0.239701 -0.537453
-0.303091 -0.130264 -0.690827
-0.174535 -0.368884 -0.265642
0.430412 -0.231 -0.495953
0.465594 0.10321 -0.164241
-0.343622 -0.386308 0.112326
0.201556 -0.385346 0.374363
0.358549 0.34647 0.211101
0.062205 -0.452371 -0.783165
-0.357399 -0.189713 0.345799
-0.096694 -0.077208 -0.727099
-0.13092 -0.33334 -0.775459
-0.376402 0.217413 -0.035494
0.081293 -0.427367 0.367628
-0.101444 -0.473398 -0.257948
0.05087 0.231024 0.454476
-0.104304 -0.446368 -0.47977
-0.123275 0.456785 0.314586
0.53438 0.046989 0.081011
-0.442155 -0.14996 0.340274
0.379162 -0.337112 -0.501586
0.116463 0.286902 0.394615
0.083102 0.333395 -0.258309
-0.046668 0.447594 0.091341
0.007705 -0.538483 -0.445979
0.194963 0.459844 0.134773
0.39947 0.267759 0.009238
0.525523 -0.122673 0.066747
0.156194 -0.512757 0.206378
-0.479201 0.276301 0.233167
-0.229815 -0.445 -0.096685
0.083459 0.167673 0.47982
-0.02037 -0.462481 -0.820957
0.327119 0.106491 0.413777
-0.28646 -0.359464 0.323032
0.216495 0.087291 -0.481132
0.479947 -0.24009 0.098333
-0.367997 -0.303095 0.111563
-0.373483 0.1428 -0.061755
0.187995 -0.487984 -0.337873
0.351542 0.359734 0.2023
0.309256 0.088267 -0.29505
-0.184462 -0.069163 -0.703634
0.019784 0.375817 -0.222223
-0.320178 -0.191641 -0.680083
0.267524 -0.17622 -0.831233
-0.404848 0.087285 -0.086433
-0.108173 -0.321421 -0.778435
-0.059225 0.122005 0.512158
0.336689 -0.009093 0.414427
0.151535 -0.388586 0.386138
-0.490997 0.197523 0.3065
0.31399 0.116241 0.427816
-0.223656 0.482774 0.182748
0.237351 0.029314 -0.677269
0.04132 0.167332 -0.564609
0.136768 -0.544205 0.097222
0.371135 0.065358 -0.338241
-0.415457 -0.072268 -0.243623
-0.418847 -0.01964 -0.12144
0.281736 -0.138615 -0.793525
0.407151 0.04999 -0.32707
0.329329 0.09137 0.399243
-0.431044 0.120639 0.099316
-0.034385 -0.388989 0.401159
0.015129 0.047123 -0.732423
-0.05201 -0.309376 -0.789637
0.042711 -0.468831 -0.821902
0.274353 -0.298918 -0.799371
-0.246584 0.117972 -0.626972
0.478012 0.156323 0.231629
0.068083 -0.44927 -0.767409
0.38058 -0.002656 0.399811
0.551068 0.02685 0.019512
-0.329717 0.3028 0.439247
-0.355199 -0.143125 -0.374799
0.407774 0.081334 0.315861
-0.402813 0.395863 0.379358
-0.107935 -0.003786 -0.708901
-0.201893 0.454286 0.366516
0.545799 0.048503 0.01982
0.101925 0.31751 0.384986
-0.137002 -0.312725 0.409617
0.476479 -0.099927 0.225581
0.024439 0.002215 -0.741366
0.469247 0.194532 0.122383
-0.271707 -0.071282 -0.595206
0.032274 -0.532827 -0.451454
-0.131003 -0.380421 -0.785883
-0.164357 0.354647 -0.279841
0.218605 0.073416 0.46967
0.539161 -0.130793 0.048368
0.341097 -0.376875 -0.360035
-0.400522 0.05772 -0.389692
-0.229047 0.230847 -0.595462
-0.058035 0.356969 -0.322008
-0.49299 0.257373 0.282221
-0.183349 -0.539051 -0.047256
0.380827 -0.412952 -0.16852
0.163652 0.396542 0.327643
0.192404 0.432078 0.20987
-0.154575 -0.385463 -0.466695
-0.444018 0.061124 0.134484
0.359154 -0.387968 -0.226387
0.402035 -0.401608 -0.064641
-0.428684 0.116796 0.194639
-0.152402 0.346993 0.431894
-0.040233 0.05277 0.517445
0.382936 0.391593 0.154513
-0.217817 -0.211701 0.459777
-0.000703 -0.555115 0.080486
0.128435 0.525613 0.19572
0.302178 -0.412351 0.232185
-0.094195 -0.055786 -0.722965
0.330904 0.308274 0.288211
-0.321667 -0.004151 0.441013
0.051992 0.418427 0.028253
0.205167 0.085256 -0.551848
0.249331 0.134636 -0.31025
-0.212874 -0.039866 0.496752
0.272844 0.268031 -0.044863
-0.088552 0.198705 0.495255
0.526623 0.182422 -0.044405
0.073758 0.161935 -0.546107
0.498795 0.021703 0.210644
0.302072 -0.150427 0.433107
0.215229 0.49543 0.051636
-0.535878 -0.007512 0.246577
-0.159536 0.484098 0.291391
0.189943 -0.479008 0.239412
-0.014632 -0.518269 -0.196593
0.353246 -0.349921 -0.266273
0.557874 0.010987 -0.132106
-0.04779 0.014215 0.51958
0.048486 -0.362149 0.432149
-0.439427 0.292319 0.210826
0.215635 -0.222733 -0.829891
0.430936 -0.323104 0.111732
0.082168 0.048609 -0.749176
0.380763 -0.159475 -0.57628
-0.035253 -0.166503 0.501262
0.117719 -0.299764 -0.824246
-0.013568 -0.541248 -0.343796
0.453794 0.001648 0.308989
0.552563 -0.066973 -0.137577
-0.1843 0.369129 -0.082718
0.339636 0.207025 -0.060174
-0.490838 -0.062842 0.196029
-0.466842 0.06662 0.301605
-0.080129 -0.547528 0.158154
0.235711 0.223572 -0.12199
0.558687 0.044349 -0.13436
-0.34865 0.130214 -0.583599
-0.16016 -0.551446 -0.051508
-0.310284 -0.449014 0.126202
0.032192 0.455019 0.047264
0.400143 0.164409 -0.174201
0.072236 -0.516103 -0.608274
-0.43229 0.081465 0.13748
0.385134 0.277871 0.268602
-0.482299 -0.168543 0.131957
-0.417796 0.29925 -0.249971
0.483774 -0.061448 -0.395721
0.114234 0.459007 0.283825
-0.125572 0.062283 -0.69311
0.318605 -0.444779 0.167451
0.473751 0.158918 -0.118076
0.522517 0.049473 0.1171
-0.429381 0.001296 -0.238913
-0.185264 0.120681 -0.638495
-0.409834 0.28022 0.195547
0.4741 -0.150234 -0.369544
-0.373352 -0.164293 -0.113136
0.297194 -0.417982 -0.622749
0.391342 0.255747 0.285028
0.320473 0.047803 0.425822
0.04666 -0.455662 -0.772047
0.011422 0.431361 0.320884
-0.24049 0.267945 0.450438
-0.256384 -0.025698 -0.631196
0.312467 0.185152 0.371609
0.31066 -0.188438 -0.663185
0.312927 -0.4033 -0.625542
0.46655 -0.029868 -0.429125
-0.203233 0.433977 0.152944
0.059296 0.105557 -0.725113
-0.323523 -0.023841 0.445156
-0.195173 0.427673 0.023809
0.025312 0.090369 -0.728058
0.132974 -0.521705 -0.483742
-0.439981 0.084564 0.061025
-0.271541 -0.279503 -0.212485
0.419972 0.197522 -0.122478
-0.063436 -0.550718 -0.127807
0.107995 -0.308043 0.450749
0.052729 -0.298559 0.459145
0.072055 -0.486175 0.294607
0.282603 -0.461748 -0.210403
0.485829 -0.221385 0.088395
-0.13554 -0.447152 -0.370161
-0.07779 0.467271 0.107956
0.314855 -0.417441 0.212512
-0.12098 0.027372 0.519158
0.332463 0.038655 0.382704
-0.419743 0.059481 -0.229048
-0.036155 -0.13078 -0.753938
-0.276156 -0.179956 0.397543
0.383501 -0.315915 -0.535367
-0.309084 -0.250286 -0.082528
0.11998 0.307638 0.390709
-0.432386 0.389902 0.211199
0.439333 0.286487 0.113888
0.017242 -0.557876 0.051272
-0.108646 -0.495863 -0.376415
-0.482076 0.092796 0.27236
-0.118124 -0.469298 -0.403606
-0.455104 0.227474 0.400311
0.252789 -0.473327 -0.502993
0.38938 -0.261413 -0.569072
0.266791 0.005692 -0.607431
-0.377274 -0.265087 0.089756
0.276233 -0.336377 -0.698681
0.475456 -0.243994 -0.010872
-0.010574 -0.504901 -0.569287
0.037427 0.268087 -0.464334
-0.064946 0.320684 -0.411504
-0.26048 -0.243137 -0.726247
-0.374349 0.203159 -0.227492
-0.36088 -0.226878 0.007766
-0.221866 0.246098 0.469525
0.409129 0.061624 0.322143
-0.403981 0.023784 -0.37062
0.337863 0.0592 0.349322
-0.364245 0.049443 0.430792
-0.497424 -0.0792 0.154778
-0.394251 -0.188623 0.331069
-0.459295 -0.196248 0.076903
-0.06431 -0.491494 -0.27663
0.310343 -0.233772 0.383593
0.150029 -0.554878 -0.039342
-0.31827 -0.392414 0.237244
0.189201 0.434037 0.170163
0.432085 0.240142 -0.048326
0.496238 0.222538 -0.033807
0.170666 -0.516204 -0.486373
-0.062412 -0.404227 0.369947
0.134589 0.077867 -0.738243
0.223201 -0.22651 0.441176
-0.182892 -0.308705 0.394981
-0.063968 0.060561 -0.709512
0.454927 0.11878 -0.165037
-0.009378 0.362027 0.400407
-0.253533 -0.464859 0.173698
-0.059025 0.503708 0.112886
0.042295 -0.502811 -0.63588
0.269081 0.438069 0.095998
0.476466 -0.075267 0.192638
-0.440883 0.337786 0.370568
-0.050174 0.424878 0.342306
-0.294796 0.110813 0.460803
0.386309 -0.02444 -0.486679
0.406763 0.001652 -0.45634
-0.025247 0.391769 -0.183621
-0.014881 -0.498997 -0.259878
-0.104971 -0.523623 0.221723
0.013664 0.141358 -0.637617
0.190402 0.414407 0.297551
0.026415 -0.515724 0.228847
0.242681 -0.529596 -0.032331
0.057366 0.37259 -0.110141
-0.263747 0.133516 0.472933
0.063872 0.173629 0.476902
0.430724 0.028681 -0.292235
0.080892 -0.217121 -0.801561
0.005244 -0.126357 -0.763183
0.177366 -0.528255 -0.154985
0.113201 -0.515559 -0.469613
-0.408275 -0.090324 0.039609
0.169312 -0.489381 -0.246317
0.088251 0.083411 -0.735067
0.557149 -0.042762 -0.110107
0.06662 -0.52378 -0.570243
0.221633 0.231584 -0.157015
0.088069 0.42182 -0.030456
-0.311294 0.287941 -0.318998
-0.164031 0.370141 -0.134096
-0.417564 0.438246 0.273746
-0.217672 0.392288 -0.034727
0.185061 0.223874 -0.32546
0.039617 -0.204106 0.493929
0.003543 -0.501724 -0.226671
0.263295 -0.471355 -0.386848
-0.394654 0.436148 0.324704
0.355433 -0.38857 -0.428229
0.413606 -0.29342 -0.484946
0.139132 0.023844 -0.767228
0.174727 -0.501534 -0.354985
0.215547 0.432438 0.207492
-0.19772 -0.342426 -0.589083
0.291155 0.425564 0.189049
0.178079 0.494655 0.036197
0.296474 0.183736 0.412562
0.229394 -0.206481 0.446291
0.513143 -0.151138 -0.019354
0.474227 0.218262 -0.103061
-0.00397 0.279759 -0.469494
-0.368481 -0.331724 0.28903
-0.402018 0.250511 0.086892
0.381775 -0.251319 -0.589164
0.053541 0.240652 -0.492479
-0.190822 0.458967 0.160861
-0.382331 0.139937 -0.287352
-0.302191 0.299811 -0.101987
-0.129216 0.552843 0.179541
0.481636 0.234826 -0.040294
0.321776 0.390127 -0.009056
-0.087599 -0.334343 0.432894
0.07298 0.474161 0.296491
0.37352 0.315621 0.219468
0.259103 0.231696 0.403105
-0.259826 -0.161302 0.428263
-0.275789 -0.410805 0.035179
0.476801 -0.215387 -0.088878
0.362843 -0.116365 0.403507
0.032465 -0.465851 -0.78984
0.006885 0.392385 -0.00653
-0.122477 0.31395 0.441108
0.222487 0.076326 -0.541399
-0.41404 0.079329 -0.227431
0.027779 -0.456643 -0.689143
0.127941 -0.38012 0.395478
-0.249997 -0.401596 0.000359
0.389018 -0.310506 0.243369
-0.302588 0.487984 0.307253
0.469413 -0.061615 0.254483
0.314414 0.379797 0.21577
0.180871 0.086805 0.470689
0.347471 -0.365579 -0.610974
0.517367 0.182886 0.000592
-0.295491 -0.119824 -0.519453
0.508004 -0.154274 -0.037252
-0.046912 0.124619 -0.699345
0.495015 -0.014142 0.191886
-0.119385 -0.457837 -0.254558
0.422617 -0.305972 0.172655
0.54421 -0.066008 -0.019358
-0.367457 0.223037 -0.147827
0.366015 -0.340543 -0.353662
0.12998 -0.305031 0.444012
-0.100339 0.218757 0.491551
0.057084 0.266621 -0.450502
0.214788 0.401189 0.263522
0.241426 0.207351 0.416329
-0.324162 0.492047 0.336017
-0.360791 -0.185667 -0.070503
0.219432 0.079874 -0.517579
0.462424 -0.183416 -0.173321
0.057565 0.35492 0.370449
0.102601 0.341563 0.377268
0.32578 -0.378068 -0.305331
-0.213315 0.345725 0.42164
0.451499 -0.132854 -0.473676
-0.431222 0.190368 0.198843
0.050199 0.475268 0.29208
-0.380402 -0.151016 0.016594
0.43115 -0.054391 0.294297
0.067556 0.431708 0.016308
-0.044768 0.143872 -0.652005
-0.02924 -0.55732 -0.133167
0.143203 0.210374 -0.445733
-0.071679 -0.488695 -0.466761
0.293989 -0.310565 -0.680319
0.462929 -0.265299 -0.045478
-0.184818 0.320828 -0.391204
-0.05546 -0.203713 0.490436
0.289296 0.242315 0.34987
0.16085 0.192319 -0.44276
0.159775 -0.223247 0.465373
-0.022319 -0.035561 -0.73626
0.277345 -0.226392 -0.833066
-0.474966 0.373162 0.302753
0.475933 -0.05791 0.180196
0.018616 -0.139525 0.506236
0.277236 0.43036 0.042885
-0.223047 0.112532 -0.630224
0.459067 0.052449 0.274479
0.107095 0.347782 -0.158638
-0.400183 0.264524 -0.230759
-0.391478 0.154383 0.41366
0.327531 0.196668 -0.126282
-0.366267 0.300359 -0.020836
0.40319 0.042614 0.352249
0.226879 -0.279633 0.415359
0.457492 0.114329 -0.147268
-0.003943 0.263132 0.444442
0.218335 -0.140814 -0.811042
-0.37574 0.416223 0.215156
0.060152 0.43888 0.035386
-0.145033 0.500369 0.166054
0.49149 -0.022331 0.168477
0.207941 0.075649 -0.612143
0.417186 -0.061065 0.31683
-0.403878 -0.033227 -0.056752
0.119224 -0.287885 0.454422
-0.244031 -0.276559 0.392794
0.265739 0.444582 0.040485
-0.325309 0.014911 -0.563799
0.021407 0.564939 0.208917
0.500118 0.058405 -0.163243
-0.013931 -0.163383 -0.766659
-0.37114 0.236624 0.417198
-0.357601 -0.117385 -0.416803
-0.225993 -0.323686 -0.256472
0.31308 0.158961 0.413399
-0.120326 -0.473415 -0.771989
-0.256556 0.31014 -0.186547
-0.441708 -0.128605 0.187406
-0.073732 0.546993 0.181367
-0.272801 0.299068 -0.258624
0.317673 -0.263895 0.360714
-0.012373 -0.213659 -0.778197
0.136983 0.349574 -0.092682
-0.49134 0.059308 0.296761
0.435142 -0.237961 -0.428133
0.160235 -0.476305 0.259793
0.226838 -0.498221 0.160444
0.423279 0.173064 0.245391
-0.400698 0.102008 -0.297136
0.425279 -0.375526 -0.050889
-0.526119 0.008582 0.206979
-0.348753 0.05659 0.442012
-0.161023 -0.368578 -0.483217
0.393537 0.163143 -0.192867
0.316252 -0.004035 -0.457664
0.245061 -0.270477 0.407775
0.321225 -0.382366 0.248831
-0.482653 0.194414 0.328336
-0.219498 0.20922 -0.606654
0.114623 0.502706 0.157841
0.363541 0.347161 0.194923
0.536826 -0.086734 -0.044629
-0.019788 0.193066 -0.57705
-0.367405 -0.037741 -0.469285
0.240691 -0.304389 -0.856595
0.332807 -0.448512 0.135685
0.403906 -0.040685 0.378832
0.438115 0.079618 0.299063
0.109808 0.248996 0.414898
0.241177 -0.039016 0.451563
0.005746 0.331329 -0.352956
0.423196 -0.258111 -0.500808
0.299122 -0.447551 -0.217727
0.288484 0.214829 -0.0806
0.173173 0.332543 0.3527
0.217063 -0.48161 -0.36262
0.34992 0.420283 0.10489
0.26035 -0.519091 0.044279
0.246881 0.326541 0.291189
-0.084859 0.118095 -0.691399
-0.471548 -0.095758 0.270331
-0.170032 -0.391006 -0.262721
0.271947 -0.39489 0.281464
-0.148708 0.305813 -0.456034
0.460915 0.238968 -0.069152
-0.359192 -0.145661 -0.350354
-0.347953 0.332345 -0.269806
-0.12896 -0.405716 -0.54569
0.280695 0.009021 0.451631
-0.318223 0.362275 0.056184
0.395933 -0.424935 -0.000894
-0.301598 -0.311116 0.357792
-0.105122 0.058508 -0.69929
-0.365168 -0.183669 -0.12513
0.058911 -0.462012 -0.711571
-0.25492 -0.511045 0.137117
-0.096415 0.423885 0.029066
-0.195951 -0.12691 -0.713604
0.295973 -0.169015 -0.738157
0.262677 -0.511215 -0.104827
-0.34982 -0.358362 0.139358
-0.36941 0.259182 0.417369
0.28957 0.008929 -0.47964
0.554008 -0.009492 -0.139166
0.178444 -0.002091 0.480762
0.24061 0.018614 -0.691265
-0.205435 -0.43288 -0.714674
-0.491407 0.015495 0.317564
-0.45971 0.165735 0.310212
0.006175 0.478777 0.063035
-0.3977 0.076925 -0.390368
-0.225644 -0.41681 -0.134255
-0.195994 -0.376032 0.348722
-0.270882 -0.254557 -0.335087
-0.222684 0.315398 -0.093812
0.5624 0.006813 -0.058105
0.090947 0.217539 0.459144
-0.318601 -0.223538 -0.253346
0.448624 -0.313679 -0.10248
0.37376 -0.292155 0.283285
-0.2838 -0.09488 -0.686789
-0.024473 0.149902 0.501505
0.537554 -0.020605 -0.180148
0.142348 0.093956 -0.682154
-0.044173 0.356585 0.410181
0.36831 -0.374494 -0.462625
-0.058407 -0.476107 -0.538521
-0.390727 0.269872 0.08114
-0.18144 0.500644 0.286419
-0.460358 -0.104854 0.164862
0.272884 -0.090251 -0.751326
0.406321 -0.299526 -0.358919
-0.420867 0.045586 -0.184482
-0.323564 0.051477 -0.581982
-0.35036 0.202544 -0.113114
0.356189 -0.301918 0.295085
-0.315031 -0.397399 0.069108
0.313193 -0.185001 0.409334
0.183259 -0.189399 -0.813524
-0.28218 0.29536 -0.292814
-0.29262 -0.114179 -0.620766
-0.382273 -0.336638 0.236079
0.112618 0.327891 -0.223202
0.515218 0.029704 0.154345
0.434853 -0.252394 -0.16999
-0.306793 0.312936 -0.270752
-0.298684 0.190395 0.438383
-0.363786 0.310893 0.07227
0.063464 0.436015 -0.003912
-0.339077 -0.282817 0.089202
0.207784 -0.246115 -0.834393
0.052892 -0.521491 -0.504382
-0.03884 -0.386416 -0.809516
-0.328952 0.465251 0.213805
-0.411942 -0.296108 0.12676
-0.486425 -0.21508 0.202064
0.019182 -0.413022 -0.828274
-0.336431 -0.377601 0.096732
0.4799 0.099322 0.253551
0.314289 -0.247897 0.371489
-0.11762 -0.43441 -0.801268
-0.35203 0.110916 -0.576421
-0.330003 0.354821 0.039545
-0.001551 -0.262685 0.482276
-0.367769 0.082397 -0.523508
-0.041595 -0.522832 -0.425979
-0.341847 -0.374281 0.178048
-0.117595 -0.458308 -0.802235
0.04919 0.565229 0.132543
0.483598 -0.138338 -0.4207
-0.223826 0.413465 0.395394
-0.182883 0.395501 0.393218
0.133291 -0.259716 -0.81809
0.479769 0.234079 -0.060221
0.492935 0.226574 -0.050865
0.129245 0.493433 0.128132
-0.197416 0.34733 -0.120404
0.291836 -0.22101 -0.765684
-0.52114 -0.011788 0.211994
-0.361732 -0.023768 -0.490404
-0.341891 -0.214584 -0.139596
-0.333076 -0.085011 -0.499834
0.352995 0.036658 -0.368361
-0.331475 -0.199765 -0.305625
-0.105235 0.501544 0.218813
0.217725 -0.322252 0.404676
-0.170816 0.424812 -0.006122
-0.123898 -0.462437 -0.356863
-0.058355 -0.282238 0.475872
0.299435 0.193729 0.388721
-0.266078 -0.47266 0.157543
0.356328 -0.387363 -0.404502
0.094676 0.486745 0.095954
-0.037082 0.488379 0.246279
-0.408952 -0.047359 -0.305776
-0.513323 0.077127 0.148979
0.177383 0.43426 -0.037526
0.544588 -0.007158 0.073415
0.346662 -0.162275 -0.613689
0.147668 0.443887 0.290622
-0.214561 -0.253937 -0.73854
-0.055743 -0.382838 0.400677
-0.22345 -0.39359 -0.141502
-0.327948 0.401379 0.414198
0.111638 0.300603 -0.298564
0.193807 0.237075 -0.255478
-0.416711 0.063073 -0.038881
-0.292185 -0.233211 -0.594998
0.409026 0.17198 0.262049
-0.381319 0.118657 -0.11462
0.208211 0.197937 0.413841
-0.227247 0.511622 0.202864
0.029657 -0.522506 -0.544986
0.511447 0.019079 0.17378
0.135476 0.467268 0.235403
0.393829 0.012376 -0.420371
0.364877 0.163877 0.322658
-0.128399 -0.531297 -0.094436
0.026673 0.3817 -0.085027
0.262966 -0.427097 -0.670865
0.147638 0.132994 -0.496195
0.530397 -0.002967 0.102713
0.431488 -0.000298 -0.43025
-0.140237 -0.485745 -0.19098
-0.036052 -0.292779 -0.789897
0.343068 0.168588 -0.167711
-0.110967 0.237215 0.486507
0.305924 0.139318 0.430049
-0.237132 -0.421173 -0.054936
0.223397 -0.453459 0.281711
0.560233 -0.00988 -0.065358
-0.323468 0.450003 0.204681
0.402333 0.204679 -0.085123
-0.090823 0.553548 0.18886
-0.48431 0.051949 0.131163
0.426779 -0.259713 -0.18911
0.059902 0.38569 0.345242
0.387447 0.030061 0.378423
0.26582 0.394185 -0.014743
-0.453075 -0.157653 0.060715
-0.216225 0.324176 -0.296407
-0.141141 -0.401066 -0.509954
0.457938 -0.240523 -0.113849
0.228016 -0.358568 -0.780045
-0.422298 -0.061146 0.085552
-0.316866 -0.096981 0.437916
-0.151973 -0.322405 -0.76804
-0.356112 0.299442 0.136216
-0.34123 0.386362 0.421503
0.098754 0.46187 0.014048
0.163727 0.487325 0.135496
0.201519 0.05395 -0.721065
-0.354879 0.032204 -0.528153
-0.060803 -0.139659 0.523302
-0.021476 -0.255107 -0.785142
0.348732 -0.292198 0.315762
-0.18192 -0.417571 -0.678279
0.450276 -0.116093 -0.468086
0.559298 -0.087429 0.005175
0.1468 -0.202702 0.475655
-0.041415 0.388581 -0.220272
-0.275128 -0.30349 -0.68906
-0.189483 0.331257 -0.331948
-0.428051 0.342018 0.38784
0.029089 0.495722 0.073079
-0.375955 -0.085892 0.388598
0.206581 -0.459312 0.280224
0.314038 0.430942 0.042203
-0.465769 0.36216 0.31909
0.250657 -0.37217 0.348884
-0.251665 0.490942 0.332908
0.449307 -0.296806 -0.116439
0.385612 0.120226 -0.26099
0.298206 -0.16626 -0.716601
-0.470371 0.196046 0.249626
-0.456306 0.165488 0.382397
0.373182 -0.265506 -0.602468
-0.095239 -0.472293 -0.283242
0.462928 0.197388 0.103222
0.365531 0.075249 -0.317495
-0.088088 -0.495004 -0.225843
0.149098 0.336303 -0.108895
-0.286533 -0.079865 -0.657275
0.310639 0.142477 -0.153448
-0.347154 0.317308 -0.119292
-0.238304 0.305368 -0.369742
-0.412036 0.024592 -0.334257
-0.296504 -0.433974 0.185472
0.133864 -0.389647 -0.849695
0.161881 -0.31917 0.428637
0.245442 -0.136426 -0.809405
0.383944 0.373205 0.1587
-0.350624 -0.201877 -0.153238
0.254285 -0.447205 -0.635197
-0.18527 -0.552177 0.077108
0.445984 0.23562 0.040976
-0.32032 0.241737 -0.566738
0.261247 -0.150758 0.454809
0.1406 0.384526 -0.046487
0.171776 0.241414 -0.317294
0.28884 0.355091 0.252822
-0.204145 -0.385791 -0.770021
0.424675 -0.220496 -0.312787
-0.391438 0.121326 -0.184646
-0.390096 0.276548 0.420059
-0.334949 -0.402079 0.098942
-0.338591 0.236072 -0.458899
-0.072337 -0.374947 0.395376
-0.409895 -0.022361 0.047061
-0.482172 0.345233 0.234042
0.210965 -0.403351 -0.83063
-0.397181 0.323476 -0.219305
-0.168071 0.286165 0.463677
-0.22149 0.224624 0.476408
-0.017972 -0.453878 -0.682194
0.062974 0.284354 -0.407259
-0.222379 0.264371 0.45938
0.269043 -0.466119 -0.490192
0.090691 0.256649 -0.435204
-0.223623 -0.113487 0.500315
-0.251341 -0.346795 0.349561
0.028406 0.471101 0.061061
0.414487 -0.319445 -0.41912
0.552475 0.07099 -0.017426
0.098001 -0.456338 -0.822379
-0.077625 -0.550205 0.059754
0.114728 0.080103 0.496398
-0.24714 -0.173679 0.467832
0.325611 0.329889 0.254865
0.455775 -0.275901 -0.084922
0.05906 -0.517672 -0.413372
-0.189304 0.416829 0.135364
-0.285914 -0.283512 -0.686763
-0.022184 -0.224655 0.493299
0.072225 0.324603 -0.298319
0.307811 -0.489883 0.057955
0.565096 0.069235 -0.067776
-0.329778 -0.041646 -0.530522
0.171553 -0.527167 0.149574
-0.421484 -0.05863 -0.131876
-0.172517 -0.552944 0.033895
0.401921 0.347407 0.100746
0.343004 -0.349244 -0.305205
-0.431117 -0.021978 -0.214132
0.517166 0.089921 0.168498
0.470089 0.181413 0.204052
0.188341 0.274876 0.382166
0.452062 -0.277107 -0.107126
0.20962 -0.487543 -0.635061
0.107542 -0.535671 0.17849
0.151476 0.426082 -0.034964
0.119317 -0.19986 -0.805972
0.157725 -0.541124 0.095021
0.06162 -0.449549 0.338374
-0.274645 0.049482 -0.612663
-0.07588 0.399922 -0.060086
0.35133 0.286103 -0.000867
-0.391123 0.266695 -0.181081
0.124136 0.356902 -0.074559
0.291166 -0.194082 -0.803748
0.25427 0.418537 0.226996
-0.162526 -0.530435 -0.084542
0.357867 0.34641 -0.002555
-0.423703 -0.130501 0.054331
0.195087 -0.43684 -0.730644
0.067191 0.335868 -0.276568
-0.353602 0.322745 0.027508
-0.471525 0.242241 0.228737
-0.286438 -0.260664 -0.623018
-0.307571 -0.450659 0.063324
-0.51287 0.095185 0.218643
-0.197432 -0.31455 -0.273028
-0.426771 -0.099394 0.352966
0.466841 -0.261941 -0.002653
0.48627 -0.081585 -0.398736
0.106257 0.137206 -0.535012
0.226681 0.308096 0.328463
-0.464372 -0.095262 0.185802
-0.070516 -0.475711 -0.5136
-0.343482 0.188661 -0.096362
0.476469 0.192886 0.086998
-0.421238 0.167184 0.098895
0.462204 -0.152663 -0.350809
0.37528 -0.39454 0.163136
-0.375747 -0.347428 0.217711
0.118424 0.524353 0.174189
0.308168 -0.417559 -0.335491
0.405933 0.15443 0.273902
-0.138891 0.531547 0.173757
-0.183049 0.227819 0.482167
0.20585 0.043267 0.474393
0.311103 -0.454294 -0.412375
0.534657 -0.06732 -0.037166
-0.203506 -0.25653 0.410458
0.07143 -0.380114 -0.833477
0.31609 -0.323017 0.315633
0.462803 0.072888 0.273601
-0.465572 0.375176 0.222773
-0.442201 -0.124955 0.261288
-0.411846 0.050232 -0.141512
-0.322253 -0.431699 0.126327
-0.060437 -0.505005 -0.458331
0.088496 0.278616 -0.392898
-0.476082 0.251154 0.370725
0.450305 -0.005395 -0.390366
0.150958 0.259795 0.406613
0.289187 0.171282 -0.136155
-0.445096 0.205927 0.405064
0.25649 -0.186817 0.441394
-0.36398 0.463669 0.258754
0.32202 -0.094737 0.43749
-0.345607 -0.307203 0.322628
-0.002717 0.409542 0.030654
-0.214791 -0.51709 -0.060632
0.000022 0.551501 0.108614
0.422132 -0.273972 0.204527
-0.096162 0.098471 -0.693015
-0.40556 0.25837 -0.251983
-0.387477 -0.04867 0.400936
0.110665 -0.538638 0.157067
-0.127458 0.523401 0.144743
-0.177443 0.375421 0.402784
0.560544 -0.016923 -0.082399
0.183533 0.142498 -0.444723
-0.144337 -0.409133 -0.493155
0.172178 -0.433782 -0.835988
0.413604 0.348857 0.135852
-0.256334 -0.329681 0.363315
0.456703 0.194598 0.158808
0.14778 -0.408235 -0.85624
0.204734 0.477852 0.118274
-0.010932 -0.462232 -0.745393
-0.06593 -0.052056 0.517231
0.156534 -0.483185 -0.699964
0.49264 0.191809 0.021107
0.220887 0.43325 0.145896
-0.303851 -0.152655 -0.696218
0.403959 -0.267505 -0.259726
-0.242317 0.036079 -0.637618
-0.104404 -0.425013 -0.616063
-0.258819 -0.072042 0.482007
-0.39874 0.3774 0.391567
0.286551 -0.291889 -0.850114
-0.073685 0.342331 0.418562
-0.102935 0.185189 0.499563
-0.486901 -0.166108 0.107668
0.473957 -0.077422 -0.433693
0.152045 -0.43446 -0.841735
-0.034095 -0.563613 0.014274
-0.409045 0.411685 0.353518
-0.206398 0.284922 -0.479047
-0.436613 0.287457 0.404646
0.48578 -0.222177 0.018802
0.190117 -0.542795 -0.065938
-0.204968 -0.059857 -0.696504
-0.226561 -0.347161 -0.07855
0.445687 0.019344 0.322175
-0.031405 -0.528681 -0.187551
-0.129894 -0.400401 -0.592991
0.170672 0.434818 0.213395
-0.185562 -0.336737 -0.498849
-0.233956 0.401073 0.060318
0.44506 0.130035 -0.153472
0.228953 0.084033 -0.460039
0.291094 -0.370897 -0.679749
-0.483375 0.275937 0.251846
-0.063757 -0.555888 -0.085841
0.109044 -0.558193 0.022494
0.267564 0.159268 0.436596
-0.373775 0.170941 -0.036161
0.11566 0.40923 0.328951
0.305669 0.407984 -0.00005
0.233812 -0.352911 0.380277
0.009342 -0.436674 0.360548
-0.401599 -0.049157 -0.044616
0.442074 0.164705 -0.133695
0.508229 -0.02283 0.132053
-0.041513 -0.517753 -0.307193
0.345962 0.083501 -0.313009
0.515206 -0.135804 -0.029053
-0.069862 -0.415532 -0.808445
-0.208388 -0.287957 -0.339915
0.464718 -0.038679 -0.361721
-0.227662 -0.542382 0.084568
-0.233094 0.392933 0.099962
0.42656 -0.153174 -0.252253
-0.191811 -0.322195 -0.4484
0.344934 0.355443 -0.011592
0.445545 -0.048418 0.275792
0.169315 0.165051 0.462224
-0.496229 -0.204725 0.171615
-0.276501 0.397857 0.035929
-0.210646 0.440913 0.380345
0.201293 -0.270721 -0.839633
-0.104328 0.045057 0.520479
-0.001456 0.449629 0.037712
0.20384 0.390697 0.27505
0.10153 0.519294 0.254961
0.336152 -0.246783 -0.657852
-0.083212 0.28952 -0.482257
0.089641 0.348621 -0.201462
0.194111 -0.369058 0.389652
0.363027 0.372219 0.07085
-0.120019 0.202421 -0.599198
-0.15932 0.238549 0.480003
-0.163528 0.327063 -0.393336
-0.38432 -0.265804 0.307832
0.18315 -0.316004 0.424066
-0.261372 -0.127827 -0.699586
0.0826 0.534369 0.249904
0.339227 0.393206 0.025451
0.037393 0.030519 -0.740495
0.037601 -0.453843 -0.709084
-0.017521 -0.508375 -0.279254
-0.334224 -0.321919 0.309306
0.157664 -0.514265 -0.65212
-0.235334 -0.371862 -0.22067
0.429717 -0.267611 -0.373929
-0.4088 0.098038 0.386538
-0.461263 0.112978 0.215711
-0.180797 -0.356576 -0.586278
0.515637 0.065271 0.171846
0.155412 0.492455 0.042313
0.028374 -0.009451 0.514319
0.067695 -0.017235 -0.755169
-0.218479 -0.457264 0.184656
0.150445 0.2472 -0.358267
0.295034 -0.131211 0.442459
-0.1111 0.422904 0.067883
-0.251606 -0.509863 0.02484
-0.330959 0.072423 0.449187
0.368724 -0.346355 -0.556967
-0.073149 -0.434407 0.344503
0.027049 0.349873 -0.289462
-0.074701 -0.440621 -0.624191
-0.377705 -0.110214 -0.348482
0.512033 0.160774 0.112501
-0.18644 0.289102 -0.486513
0.51584 0.018489 0.135484
0.12757 0.505219 0.209014
-0.131026 0.524972 0.189377
-0.139873 0.331649 -0.390862
-0.403985 -0.109889 -0.122461
-0.085442 -0.511161 -0.393576
0.43183 0.138314 -0.194332
-0.002788 -0.533493 0.176778
-0.365946 -0.355306 0.203362
0.216668 0.138781 -0.370871
-0.093337 0.155002 -0.631881
0.492105 0.048608 -0.203751
0.29314 -0.182835 -0.782277
-0.409869 -0.10357 0.36829
0.095003 0.443289 -0.026668
0.026864 0.562006 0.125511
0.26422 -0.338096 -0.826137
0.251371 -0.343147 -0.854542
-0.039463 0.33131 -0.378033
-0.077313 -0.134916 -0.744688
-0.36114 0.201531 -0.148065
0.340025 -0.033734 -0.519634
0.388028 -0.041786 0.39684
0.217188 0.282078 -0.086852
0.066682 -0.311435 0.457453
-0.228134 -0.359295 -0.164652
-0.019175 0.32887 0.418859
-0.483521 -0.158774 0.086085
0.459732 -0.19787 -0.159917
-0.403992 -0.091639 -0.08317
-0.078905 -0.239797 0.478341
-0.080658 0.526903 0.135422
-0.371856 -0.341917 0.253631
0.138966 -0.520607 -0.379362
0.447772 0.235794 0.002092
0.051963 0.117159 -0.709871
0.189167 0.18226 0.426421
-0.112932 0.069168 0.519733
-0.047803 -0.549385 0.126811
0.28874 -0.463908 -0.451006
0.028683 -0.559309 -0.101627
-0.236604 -0.388094 -0.19243
0.352144 -0.385524 -0.473316
-0.119906 -0.433474 -0.492696
0.322633 0.177724 -0.254629
-0.278247 -0.306145 -0.722804
-0.017486 0.047083 0.515318
-0.371023 0.09153 0.426961
0.346173 -0.298744 -0.647108
0.112396 -0.518442 -0.585837
-0.139607 -0.424621 -0.793787
-0.120009 -0.549288 0.051331
-0.180383 -0.158497 0.476571
-0.406308 0.098016 -0.225877
-0.072387 0.456676 0.272214
0.184032 -0.500371 -0.212458
-0.124978 -0.558755 -0.025524
-0.152713 -0.457612 -0.785206
-0.150657 -0.413204 -0.377085
-0.367111 0.151515 -0.445083
-0.282369 0.024537 0.464761
0.336629 0.371864 -0.013291
-0.009404 0.145738 -0.63729
-0.080379 0.346007 -0.355705
0.506301 0.172538 0.130175
0.214719 0.378271 0.265777
0.440161 -0.127787 -0.2774
0.069828 -0.002878 0.518411
-0.532385 0.019105 0.282389
0.102513 0.498691 0.267641
-0.162081 0.39048 0.399279
-0.452094 0.290621 0.386599
0.459319 -0.156651 0.251533
-0.202775 -0.110092 0.509387
-0.227862 -0.385109 -0.167581
-0.219683 -0.422372 -0.174667
-0.423856 -0.066164 -0.151127
-0.121082 0.366228 -0.289068
0.02075 -0.243988 -0.793107
-0.48608 0.238978 0.273298
-0.124342 -0.545758 -0.079696
-0.059802 0.216914 0.488956
0.365461 -0.280685 -0.619308
-0.326509 0.48737 0.36998
0.19847 0.432593 0.285432
0.028005 -0.557108 -0.123783
-0.174545 0.430062 0.014446
-0.135315 0.42373 0.035547
-0.44706 0.175094 0.026525
-0.241917 0.324303 -0.05946
-0.433697 -0.184684 0.05119
0.285157 0.192619 -0.260278
-0.316507 0.28262 0.439382
-0.466033 -0.124533 0.151783
0.051475 0.424622 0.315265
0.451135 0.196542 0.202382
0.134846 -0.31571 -0.833617
-0.456476 0.405981 0.235482
-0.158834 0.142807 0.508833
-0.222009 0.520846 0.2215
-0.038407 0.474122 0.087762
0.523487 0.007387 0.1189
0.280668 -0.471565 -0.425793
-0.037934 0.317467 0.426952
0.193186 -0.48809 -0.225362
0.392138 0.018926 -0.394922
0.134448 0.128694 -0.512615
0.172561 -0.071877 -0.791862
-0.402018 0.105387 -0.210938
-0.366076 -0.127982 0.388968
-0.379497 0.241379 -0.035431
-0.20989 -0.073935 0.511775
0.355584 -0.2245 -0.633491
0.339973 -0.318073 -0.640916
0.550195 -0.021207 0.057113
-0.305744 -0.300586 0.077844
-0.301799 0.291064 -0.361524
0.139443 0.113619 -0.526001
-0.108806 0.290042 -0.487714
-0.062325 -0.51024 -0.433741
0.412085 0.221486 0.248941
-0.254534 0.247826 0.4479
-0.238924 0.305757 -0.32734
0.280026 -0.467166 -0.390024
-0.311337 0.354999 0.087858
-0.067596 0.414478 -0.018399
0.015432 -0.530046 -0.300586
0.291395 -0.237777 0.395288
0.011357 0.461454 0.046913
0.117357 -0.516902 0.223342
-0.474849 -0.073511 0.119941
0.006501 -0.537926 -0.172786
0.252181 0.063025 -0.489121
-0.228861 -0.135487 0.48782
-0.154183 -0.456324 -0.722623
0.476618 -0.187851 -0.125265
-0.240942 -0.531039 0.047323
-0.393023 -0.209963 0.019131
-0.179466 -0.434792 -0.786346
0.286503 -0.243449 -0.766744
0.400943 0.228389 0.29133
-0.404182 0.438282 0.238555
0.288222 -0.26104 -0.698466
0.270711 0.372383 -0.026649
-0.114832 -0.364259 -0.786292
0.402343 -0.162498 0.314239
0.253144 0.19238 0.422845
-0.282994 0.110002 -0.617613
-0.064139 -0.50146 0.237882
0.281333 -0.253194 -0.74802
-0.341914 -0.189435 -0.286699
0.135442 -0.523184 -0.333541
-0.406639 -0.214218 0.034206
-0.342816 0.424646 0.391985
0.360206 0.083895 -0.296163
0.380129 -0.359934 -0.473273
-0.245199 0.272526 -0.497244
0.228859 0.211126 -0.229748
-0.416847 -0.085669 -0.155064
-0.293821 0.354987 0.139325
-0.299202 0.387121 0.036036
-0.466579 0.09651 0.286546
-0.175084 -0.244672 -0.745014
0.234652 -0.480641 -0.3967
0.433143 -0.247164 -0.46146
-0.128671 -0.473196 -0.749216
0.378024 0.315677 0.198011
-0.156941 -0.411379 -0.353879
-0.481063 0.216331 0.265087
-0.238209 -0.1366 -0.706523
-0.203587 -0.221672 0.441272
-0.126741 -0.113468 -0.72772
-0.405434 0.026734 -0.081842
-0.318409 0.109103 -0.601081
-0.144482 0.41778 0.112312
0.293618 0.36145 -0.031463
-0.235333 0.49517 0.193461
-0.354731 0.263651 -0.396293
-0.359755 -0.158847 -0.309396
0.272449 0.354844 0.267023
0.368848 -0.448696 -0.008942
-0.094501 -0.482686 -0.424459
-0.055821 0.548804 0.194356
-0.198109 -0.090868 0.52069
-0.276312 0.398883 0.427581
-0.241428 -0.280616 -0.503325
-0.066138 0.363005 0.411357
0.197546 -0.008076 0.474806
-0.467504 -0.170813 0.072149
-0.281714 0.293123 -0.097252
-0.374246 -0.278488 0.324487
0.305442 0.402588 0.204908
-0.488254 -0.198679 0.190803
0.472852 -0.24857 0.042949
-0.240263 -0.368565 -0.183415
0.411767 -0.307816 0.190999
0.275009 0.199035 0.415081
0.271462 -0.472301 -0.404916
0.293031 -0.456628 -0.38262
-0.500434 -0.052353 0.182881
0.002614 -0.507323 -0.270371
0.419699 -0.226271 -0.222705
0.002582 -0.261716 -0.792551
0.410942 0.194532 0.251194
-0.175514 -0.372275 -0.330009
0.454971 0.087746 0.287482
0.156037 -0.513202 -0.365751
-0.042892 -0.493766 -0.545271
0.327773 0.333157 -0.02719
-0.260574 0.291544 -0.095432
0.196466 0.123424 0.458062
-0.437075 0.182646 0.045689
0.410107 -0.279175 0.224451
0.194031 -0.542396 0.003989
0.38664 -0.410731 -0.147349
-0.377498 0.096072 -0.478403
-0.08907 0.006307 -0.712189
0.477169 -0.05435 0.20411
0.216695 -0.489919 -0.401644
0.467671 -0.040053 -0.452214
0.161254 -0.193788 -0.810917
0.481078 0.033984 0.241811
-0.055664 -0.034409 -0.727793
0.193824 0.497947 0.111969
0.263364 0.188452 -0.291939
-0.074542 -0.450093 -0.571929
-0.315635 -0.232966 -0.21555
-0.27603 -0.159807 -0.519825
0.23233 0.452845 0.107471
0.010781 0.386533 -0.106573
-0.433921 -0.166291 0.05468
0.121636 0.226639 -0.449431
-0.370508 -0.128802 -0.339853
0.297759 0.019184 0.440947
0.559273 0.08664 -0.078562
0.498299 0.094243 0.210572
0.140643 -0.532355 0.169666
-0.040257 -0.270669 -0.783954
0.189269 -0.479433 -0.278881
0.172204 0.203992 -0.403856
-0.469071 -0.163122 0.180402
0.336435 0.02058 0.391409
-0.338564 -0.054969 0.445119
0.315319 0.162259 0.37043
0.462497 0.226621 0.01123
0.148824 -0.525036 0.187968
-0.059104 -0.508888 0.217265
-0.312985 -0.439136 0.094129
-0.363637 0.116763 -0.555808
0.316527 0.318969 0.273303
-0.293455 0.266311 -0.468993
-0.366315 0.188901 -0.164654
0.254201 -0.338333 -0.804598
-0.430711 -0.074977 0.091765
-0.383447 0.398014 0.393079
0.270069 -0.515926 0.024696
0.46795 -0.206837 -0.126762
-0.282703 -0.170923 -0.557462
0.482282 0.180792 -0.120756
-0.379544 0.128139 -0.154256
-0.41872 -0.177124 0.044366
0.184668 -0.351808 0.405139
-0.054704 0.384365 -0.130847
-0.43276 0.186492 0.407913
-0.409192 -0.071154 -0.082381
-0.415474 -0.080019 -0.223485
-0.249051 -0.360159 -0.220056
0.187228 -0.087752 -0.797629
0.042412 -0.026202 0.511006
0.254807 -0.403939 0.316751
-0.22798 -0.446865 -0.023917
-0.13397 -0.444197 -0.42344
0.006651 -0.149444 -0.768652
-0.24372 -0.252154 0.396252
0.219707 -0.523646 0.08565
-0.281635 -0.247636 -0.579683
-0.101464 0.342767 -0.366573
0.125409 0.469786 0.010152
-0.398861 0.328961 -0.24082
0.070777 0.309972 -0.339414
0.430756 0.249821 0.119819
0.171809 0.087229 -0.658064
0.288474 -0.232876 -0.748553
-0.285081 -0.248842 -0.311683
0.162281 -0.517432 -0.63491
-0.189301 0.293172 0.457752
-0.225404 0.276557 -0.517711
0.012562 -0.482619 -0.660337
0.34197 0.422272 0.126141
0.171998 0.351299 -0.06488
0.443719 0.131286 -0.176566
0.360487 -0.009924 0.411512
0.075623 0.139113 0.493408
-0.086736 -0.18306 0.486514
-0.193929 0.31155 0.446095
0.042765 -0.532103 -0.173081
-0.491336 -0.232108 0.194021
0.009855 -0.411605 0.381948
-0.468814 -0.125895 0.073246
-0.062338 -0.50143 -0.479833
-0.031852 -0.531841 -0.468512
-0.447365 0.326443 0.219475
0.341795 -0.096812 0.427757
-0.296017 -0.243454 -0.717507
-0.071561 0.127972 -0.678954
-0.411824 -0.020933 -0.097812
0.31084 -0.451582 -0.394307
-0.214885 0.043893 -0.667154
0.158776 0.209002 -0.424276
-0.101437 0.3506 -0.344035
0.282636 0.184363 -0.280815
0.183885 -0.522526 -0.557715
-0.265182 0.296579 -0.297028
0.455019 -0.257375 0.184806
0.217425 0.309416 -0.059345
-0.461073 -0.260423 0.227276
0.451443 -0.183806 -0.192658
0.027526 0.507154 0.264715
-0.101126 -0.305342 0.441795
0.348739 -0.256533 0.334222
-0.496342 -0.215342 0.187875
-0.461085 0.021856 0.330909
0.037996 0.432041 0.043735
-0.248243 -0.310984 -0.637812
-0.185171 -0.26998 0.410841
0.237649 0.175995 0.42789
-0.160548 -0.160311 0.478455
-0.535237 0.047584 0.196712
-0.402939 -0.031418 -0.030178
0.389831 -0.279188 -0.553644
-0.347382 0.222232 -0.549224
0.32542 -0.479829 -0.041444
-0.442221 0.353463 0.351597
0.09218 -0.552868 0.099247
0.30752 -0.167878 0.421014
-0.195964 -0.358844 0.362539
-0.202748 -0.298732 0.393821
0.320312 0.178163 -0.140263
0.280498 0.129096 -0.282192
0.457764 -0.077519 -0.464043
0.322768 0.298264 0.306444
0.530234 -0.101755 -0.031373
0.367772 -0.373096 -0.484224
-0.4123 -0.090437 -0.119112
0.199298 -0.542559 -0.0386
0.042973 -0.499654 0.270064
0.175205 -0.550747 -0.040668
0.437408 0.058265 0.302442
0.365788 -0.249146 0.321628
-0.14706 -0.066294 -0.712237
0.037111 -0.467614 -0.676903
-0.001058 -0.518801 -0.28952
-0.396356 -0.02924 0.388865
0.024056 0.1136 0.50183
0.092753 -0.513014 -0.458137
-0.283037 -0.393089 0.297264
0.352104 0.257477 0.314897
-0.01615 -0.541644 -0.376584
0.411982 -0.231746 -0.538851
0.474972 -0.076514 0.216008
0.055509 -0.529588 -0.459431
-0.257965 0.385489 0.168629
-0.105761 -0.459389 -0.297785
-0.24884 -0.367457 0.340928
0.555548 0.049194 -0.016827
-0.134768 -0.444311 -0.347493
0.106089 -0.493085 -0.670496
-0.389119 -0.118697 -0.271557
0.21565 -0.154265 0.469286
-0.132985 -0.440011 -0.324789
-0.164745 -0.368703 -0.354307
-0.356708 -0.273929 0.090164
0.401969 0.256173 -0.006472
-0.072566 0.400521 0.387795
-0.154248 0.365722 -0.204145
0.52172 -0.013348 0.117833
-0.374914 0.24464 -0.146583
-0.439086 0.165154 0.007662
-0.072326 -0.457755 -0.533972
0.410925 0.270423 0.151728
-0.026663 -0.233955 -0.779169
-0.262271 -0.319038 -0.204843
0.528055 0.177413 -0.062791
0.458056 -0.005019 -0.268634
0.47695 0.12194 -0.13183
0.467362 -0.048468 -0.342093
-0.016123 -0.117299 -0.755895
-0.142951 0.204142 -0.600721
0.527685 0.156893 -0.096372
0.523378 0.143924 0.025942
-0.176323 -0.087535 0.526568
0.432177 -0.310244 -0.176468
-0.072113 -0.004425 -0.718049
-0.339442 0.227128 -0.479151
0.08238 -0.531402 -0.179961
0.433181 0.22869 0.113629
-0.279199 -0.272815 -0.067847
0.206811 0.479883 0.017919
-0.095159 -0.359166 -0.790022
0.137358 0.264442 -0.340797
-0.181585 0.147435 0.502458
-0.350338 0.313751 -0.096226
0.027891 0.410601 0.349189
0.424222 -0.320059 -0.195034
-0.207654 0.06248 0.501557
-0.090154 0.471129 0.240588
-0.018861 -0.5365 -0.48853
-0.088523 0.358755 0.416663
0.531207 0.127366 0.00957
-0.305571 -0.412755 0.06634
0.409385 -0.059911 0.342084
0.085521 -0.529345 -0.544774
-0.453638 0.11112 0.320782
-0.348615 -0.201562 -0.175059
0.333642 -0.457105 0.116853
0.181489 0.451827 0.155796
0.121556 0.031709 0.508487
0.123957 -0.160238 0.489517
-0.287188 0.371722 0.186423
-0.318608 -0.260965 0.035381
0.395083 -0.367031 0.15267
0.044579 0.122146 -0.69359
0.043188 0.028813 0.517642
-0.056678 0.53668 0.173568
0.066906 0.4212 -0.018227
-0.118233 -0.449738 -0.312375
-0.361371 -0.084077 0.410739
-0.372029 0.188355 -0.343051
0.361702 -0.328268 -0.600057
-0.047978 -0.152824 0.513069
0.029959 -0.070477 0.510216
-0.378664 0.298415 0.195674
0.319395 -0.36724 0.267651
0.486631 -0.138724 0.191388
0.288338 0.024217 -0.457887
-0.127394 0.325754 -0.410983
-0.102053 0.334826 -0.387279
-0.000396 0.501532 0.075513
-0.42207 -0.03904 -0.127914
0.233313 -0.239509 -0.839669
0.256362 -0.45575 -0.335961
0.288623 0.190504 -0.122088
-0.478281 0.112037 0.211248
0.52784 0.168827 -0.080136
-0.092492 -0.459355 -0.71229
0.485144 -0.128201 0.167392
0.228121 0.06232 -0.607435
0.350969 0.270197 -0.009622
0.004547 -0.462839 -0.82231
-0.269899 0.180498 0.456832
0.080697 0.360502 -0.073475
-0.043699 -0.465687 -0.825268
-0.036188 0.387107 -0.08584
-0.410318 -0.054017 -0.08462
0.142219 0.272034 -0.304026
0.15228 -0.466611 0.281867
-0.004995 -0.479149 -0.81206
-0.014345 -0.476084 -0.784959
0.540107 0.120808 -0.101687
0.423936 0.070658 0.311446
0.137874 0.404025 0.329723
-0.279854 0.267641 -0.523777
-0.301841 -0.248542 -0.041518
-0.140286 0.419342 -0.029756
-0.234384 -0.302054 -0.540246
0.180069 -0.54578 0.021848
0.254574 -0.084863 0.457225
0.18628 -0.501201 -0.665067
-0.262747 -0.270209 -0.27559
-0.201628 -0.290045 -0.361697
-0.020827 -0.458179 -0.724401
0.533859 0.146921 -0.020072
0.061907 -0.341238 -0.821917
0.519298 0.176525 -0.097442
-0.256277 -0.283285 -0.257697
-0.381189 0.135316 -0.173358
-0.077683 -0.088541 -0.734309
-0.163069 -0.445656 -0.708484
-0.345483 -0.102178 0.408364
0.157914 0.257699 -0.309389
0.016817 -0.543396 -0.357586
-0.3755 0.166366 -0.34676
0.533818 0.107926 0.013777
-0.009897 -0.559149 -0.12268
-0.190925 -0.149925 -0.719951
0.059342 0.458109 0.304533
-0.456052 0.037595 0.323082
-0.260779 0.270143 -0.478753
0.464789 -0.236159 -0.091491
0.135616 -0.554907 -0.059069
-0.121006 0.184252 0.502245
0.180887 0.330409 -0.081384
-0.29539 -0.048276 -0.567561
-0.248464 -0.300925 -0.118123
-0.05651 -0.421984 0.356712
0.213372 0.156932 -0.359083
-0.135715 0.437405 0.129131
-0.106928 0.525716 0.136393
-0.466254 -0.24631 0.241159
0.395755 0.319375 0.081394
-0.081534 0.33758 -0.377682
0.131366 -0.06323 -0.780336
0.25492 0.007216 -0.65841
-0.418841 -0.042374 -0.26787
-0.056551 -0.167208 0.499404
0.012822 -0.505851 0.244213
-0.127563 0.141762 -0.64501
0.020331 -0.540082 -0.400641
0.3813 -0.284581 -0.573776
-0.061017 -0.564126 -0.064895
0.44877 -0.143894 0.268797
-0.116488 -0.290146 0.436806
-0.183426 -0.413087 -0.780897
-0.12991 0.166666 0.507232
0.289465 -0.229253 -0.71576
0.092465 0.281434 0.394042
0.00355 -0.540962 0.160029
-0.362632 0.412447 0.394911
-0.376423 0.167243 -0.236437
-0.198816 -0.532232 -0.001434
0.233321 -0.525276 -0.084295
-0.14488 -0.526774 0.206684
-0.020557 -0.418608 0.372559
0.441255 -0.218703 -0.182526
-0.352649 -0.366714 0.237848
0.173078 0.314413 -0.134419
-0.254889 0.428359 0.164664
0.195312 0.127791 -0.436097
-0.16039 -0.400016 -0.238243
0.384327 -0.376375 0.169403
-0.12859 0.419784 0.390907
0.528806 0.139845 -0.114046
-0.286416 0.304499 -0.216068
0.358646 -0.36695 0.223618
0.038992 -0.227171 -0.793883
-0.085726 0.434607 0.096523
0.126987 0.109149 -0.542045
-0.046648 -0.473454 -0.762587
-0.195618 0.419611 0.045201
-0.420869 -0.042942 0.08841
-0.019225 -0.130041 0.517936
-0.457811 0.292299 0.215126
0.540347 0.069513 0.017867
-0.496849 0.103587 0.176687
-0.144154 0.117261 -0.671193
-0.104997 0.143106 -0.643729
-0.150657 -0.533206 0.186143
0.109004 0.426908 0.317063
0.153216 -0.309637 -0.837112
0.17961 0.353281 0.33933
0.125897 0.100207 -0.628613
-0.029314 0.170868 0.49582
-0.000804 -0.466838 -0.766616
0.390944 -0.345772 -0.462371
-0.260827 -0.366204 0.026382
-0.322129 -0.297092 0.359075
0.279599 -0.301856 -0.820418
-0.39206 0.11314 -0.349096
0.456453 -0.270064 0.146179
0.158951 0.441734 0.196792
-0.136964 0.37327 -0.214769
-0.114818 0.428168 0.375007
0.085753 0.152072 0.487066
-0.108101 -0.060252 0.518923
0.288819 0.203571 -0.101775
0.384891 0.17428 -0.159848
-0.159781 -0.31645 0.398268
0.107506 -0.26992 0.465439
-0.023557 -0.470347 -0.763641
0.460002 -0.196305 -0.463071
-0.28783 -0.43108 0.038098
-0.488294 0.210843 0.345708
-0.039188 -0.525296 -0.490744
0.020007 0.554144 0.107118
0.067746 -0.463328 -0.732888
-0.183581 -0.487233 0.226095
-0.28105 -0.272533 -0.101117
-0.043853 -0.459824 -0.722006
0.446687 -0.197229 0.247184
-0.449752 -0.072522 0.339681
-0.478023 0.208257 0.368516
0.034868 -0.453853 -0.749778
0.446733 0.123193 -0.199466
-0.354321 -0.071597 0.434965
0.053237 -0.52645 -0.313386
0.155829 -0.26686 0.450833
0.564359 0.00238 -0.078008
0.075482 0.082047 0.510654
0.115269 -0.547052 0.098449
-0.170099 -0.1478 0.485851
-0.461199 0.249362 0.390336
0.101525 0.107849 -0.597863
-0.437446 -0.25135 0.27122
-0.006502 -0.406289 0.383095
-0.370558 0.179373 -0.423607
-0.274459 -0.285735 -0.649238
-0.069386 -0.492673 -0.234838
-0.379943 -0.116605 -0.010666
-0.306703 -0.227119 -0.705121
-0.491387 -0.238842 0.138709
0.311503 0.071343 -0.333801
-0.104904 0.297424 0.446414
0.408682 -0.408588 -0.005152
-0.283403 -0.357092 0.062473
0.290717 -0.496874 -0.083924
-0.421085 0.033333 -0.284532
0.208185 -0.360091 -0.860546
0.117965 0.539422 0.202912
-0.425106 -0.045479 -0.147311
0.370249 -0.314073 -0.267513
-0.012577 0.100709 -0.715934
0.150056 0.114978 -0.50761
-0.275673 -0.374939 -0.718913
0.313793 0.270125 0.330907
0.155563 0.450806 -0.028983
0.470194 -0.056605 -0.322975
-0.316184 -0.145574 -0.680844
-0.046754 -0.45565 -0.596412
0.428596 0.145205 -0.177917
0.207848 -0.476896 0.226602
0.343798 -0.403209 -0.391565
-0.439065 0.055315 0.041232
0.133759 0.454004 0.273495
-0.406977 -0.032277 0.031432
0.24044 0.063157 -0.552444
-0.05705 0.265121 -0.516795
0.344586 -0.468895 -0.041378
-0.182516 -0.193121 0.465994
-0.249376 -0.42892 -0.73731
-0.15088 -0.444559 0.319345
-0.043277 -0.52635 -0.403796
-0.005173 -0.543757 -0.358882
-0.11321 -0.130031 0.525458
-0.201527 -0.428904 -0.779145
-0.229959 -0.435008 -0.750168
-0.350987 0.081884 0.439099
-0.177646 -0.382885 -0.283497
0.06691 0.438165 0.310974
0.296213 -0.498634 -0.028059
0.129969 0.416966 -0.029887
-0.254869 0.352597 0.427592
0.241047 0.245024 0.403648
0.495874 0.054314 -0.183877
0.133945 -0.4855 0.268081
-0.259486 -0.410605 -0.734742
0.467846 -0.017859 -0.277487
-0.263047 0.06282 -0.621763
-0.417968 -0.008529 0.063638
-0.164755 0.076731 0.513165
-0.264764 -0.289133 0.386714
-0.075932 0.539476 0.159286
-0.095782 0.546075 0.145619
-0.412618 -0.031559 0.068717
0.395233 -0.321835 0.225002
-0.12583 -0.502472 -0.18937
-0.386098 -0.112123 -0.048139
-0.317063 -0.218761 -0.300725
-0.099107 0.377932 -0.256833
-0.24003 0.298048 -0.095153
0.057272 -0.211184 -0.794852
-0.283227 0.334814 -0.032016
0.148278 0.152945 -0.487172
0.238623 -0.4276 -0.715655
-0.369902 0.266175 -0.071497
-0.22526 -0.402165 -0.094762
-0.08444 -0.461743 0.315428
-0.301838 -0.087368 -0.536294
0.323057 0.125272 0.348857
-0.444214 -0.288644 0.151027
-0.023965 0.401424 0.00329
0.470165 -0.130622 -0.354782
-0.244247 -0.297113 -0.55934
-0.355563 0.309315 -0.035207
0.009401 0.122818 -0.69994
-0.337355 -0.250898 0.041216
-0.290448 0.416659 0.422154
0.181528 0.436773 0.300959
-0.398968 0.333042 0.216718
-0.379097 0.143255 -0.304527
-0.254412 -0.272931 -0.295324
-0.412264 0.351496 0.217106
0.251839 -0.39409 -0.721116
0.072155 0.418411 0.320344
0.356684 0.365324 0.036745
-0.367179 0.157901 -0.463932
0.364039 0.387516 0.087612
0.166994 -0.173583 -0.808962
0.223682 0.244212 -0.098181
-0.348347 0.32426 0.008679
-0.002102 -0.529886 -0.520104
-0.073784 -0.071984 0.519825
-0.264966 -0.294785 -0.040032
-0.261837 -0.296048 -0.0169
0.063412 0.031623 0.522854
0.230431 -0.444619 -0.703101
0.546253 -0.098166 -0.098074
-0.301366 -0.39495 0.058932
0.08612 -0.311959 0.457856
-0.316397 0.029286 -0.57954
-0.110297 -0.465836 -0.731284
0.254207 0.359221 0.264938
0.322178 -0.433467 0.180416
-0.134138 -0.238402 -0.753606
0.477322 0.084802 -0.15996
-0.378131 -0.123392 -0.031207
0.306193 0.429154 0.164444
-0.380888 0.082074 -0.462785
-0.087753 -0.522749 -0.184087
-0.262776 0.200178 0.457672
-0.028944 -0.551518 -0.154115
-0.151552 0.160411 -0.629633
-0.14173 0.376637 -0.133008
-0.267215 -0.519547 0.120009
-0.321275 -0.232594 -0.17742
-0.380673 0.146054 -0.351972
-0.389636 0.134982 -0.220007
-0.290582 0.305892 -0.195038
0.116516 -0.138378 0.497137
-0.201638 0.333965 -0.162103
-0.236165 0.252324 0.458983
0.289449 0.419875 0.012845
0.268732 0.0309 -0.534461
-0.451597 0.148111 0.272649
0.331422 0.039458 -0.376463
-0.20529 -0.294684 -0.423767
0.398954 -0.38289 -0.181128
-0.182847 0.359458 -0.138004
0.490252 -0.203985 0.102634
-0.024242 0.348735 0.409038
-0.43072 0.31061 0.213985
-0.125295 0.117188 -0.678982
-0.443144 -0.032272 0.353842
-0.259919 -0.294878 0.007035
0.149261 0.440006 0.21746
0.315527 -0.416248 -0.267784
-0.306456 0.169418 -0.612989
-0.269923 -0.095009 -0.593706
-0.280399 -0.132728 -0.545321
-0.311936 -0.146689 -0.637729
0.463801 0.190077 0.182144
-0.388476 -0.134932 -0.203133
-0.037726 -0.466695 -0.627064
-0.241221 -0.112453 -0.700326
0.407118 -0.382045 -0.159876
0.294416 -0.213217 -0.696125
-0.421489 -0.051015 -0.247364
0.456706 0.221726 0.030766
-0.056148 0.346038 0.416912
-0.19462 0.322891 -0.371463
0.41364 0.152322 -0.189575
-0.119153 0.332175 -0.394976
-0.389927 -0.130774 0.023126
-0.29066 -0.127935 -0.60417
-0.186079 -0.484972 0.202561
0.164065 0.019839 -0.772833
-0.209977 -0.166953 -0.71955
0.037427 0.107446 -0.722592
0.232567 -0.391369 0.350331
-0.23435 0.361549 0.425133
0.499104 -0.162726 -0.108233
-0.09904 0.365573 -0.300111
0.175396 -0.493281 -0.228024
-0.491519 -0.239071 0.159003
0.362101 -0.180978 -0.609639
-0.319177 -0.168337 -0.687586
0.378223 -0.201553 -0.600401
0.398476 -0.272865 -0.535544
-0.281956 0.088755 -0.615875
0.401658 -0.30095 0.226155
0.226096 0.44138 -0.01751
0.166199 0.443416 0.290513
0.352657 -0.357233 0.242728
0.32858 -0.02825 -0.502663
-0.470863 -0.147375 0.070296
0.191664 -0.516865 0.146093
0.202434 0.130956 -0.415129
0.29761 -0.184052 -0.725743
-0.096895 0.379144 -0.119439
-0.28311 0.360772 0.155653
-0.11861 -0.232431 0.457051
-0.354414 0.315422 -0.010845
-0.084207 -0.48197 -0.438622
-0.438417 -0.159323 0.244749
0.507052 0.031497 0.192497
0.333727 -0.266405 -0.669504
-0.166272 -0.500099 0.232199
0.313644 -0.421557 -0.24577
-0.330764 -0.129898 -0.46357
0.508173 -0.15203 -0.089532
-0.383046 -0.146299 -0.185582
-0.010233 -0.562443 0.021812
-0.28237 -0.2655 -0.009084
-0.262507 -0.049192 -0.660021
0.227653 0.440175 0.125958
-0.024379 0.06892 0.51446
-0.376769 0.18059 -0.363758
0.223942 -0.486441 -0.204845
-0.057396 0.329116 0.423675
-0.080502 -0.433583 -0.584957
0.203249 -0.391457 -0.794647
-0.302078 0.382706 -0.000709
-0.21951 -0.316134 -0.539377
-0.417881 0.109039 0.170877
0.195017 0.180067 -0.383357
0.430284 -0.282344 -0.416316
-0.362343 0.202799 -0.515793
-0.246977 -0.364446 -0.024886
-0.334382 -0.190822 -0.329199
0.213506 -0.482464 -0.225006
-0.310672 -0.323505 0.083755
-0.267578 -0.355365 0.33718
0.336066 0.108179 0.333358
-0.105282 0.116775 -0.685591
0.404986 0.107454 -0.271951
-0.477921 0.18884 0.352323
-0.12946 -0.440879 -0.447565
0.564997 0.013356 -0.112131
0.454797 -0.310073 -0.034799
0.05712 -0.510377 -0.621497
0.222189 -0.505596 -0.169717
0.18589 0.396089 0.311831
0.18703 -0.118067 0.479647
-0.249089 -0.352862 -0.040682
0.301377 -0.248047 0.382194
-0.476819 -0.255815 0.127509
0.215855 0.44116 0.248017
-0.021474 -0.402892 -0.816335
0.28317 -0.496348 -0.143904
0.32811 -0.303255 0.332368
-0.174568 0.318796 -0.411281
-0.300055 -0.111707 0.429114
-0.346873 0.476096 0.380692
-0.485498 -0.250418 0.177915
-0.34249 -0.213241 -0.043298
0.395014 -0.402338 0.09764
0.398297 -0.262846 -0.550477
-0.241594 -0.354201 -0.061476
-0.242971 -0.385747 -0.029476
-0.495139 -0.219934 0.152734
-0.448415 -0.109154 0.222045
-0.049838 -0.551629 -0.143975
-0.228443 -0.381607 -0.08586
0.211133 0.449993 -0.023422
0.329462 0.42994 0.109201
0.003857 0.387132 -0.080832
-0.370063 0.166443 -0.526446
0.351052 -0.46178 -0.000747
-0.027891 -0.542112 -0.357132
-0.442033 0.423565 0.242082
-0.165574 0.288929 -0.492576
0.049172 -0.319047 0.452025
-0.144979 0.311907 0.447764
0.419185 -0.243487 -0.519327
-0.154237 0.367014 -0.183374
-0.231899 -0.364712 -0.078331
-0.0981 -0.447929 -0.808992
-0.531887 0.015256 0.244174
-0.098835 0.456254 0.307343
-0.368057 0.157357 -0.427145
0.280408 -0.440173 -0.253182
-0.445666 0.027567 0.339355
-0.323894 0.246203 -0.477031
-0.293738 -0.470684 0.03799
-0.199961 -0.392033 0.332931
0.277868 -0.372861 -0.69914
-0.448523 -0.179358 0.061328
-0.186885 0.267366 -0.544892
-0.268943 -0.510086 0.040136
-0.217321 0.303533 -0.402584
0.117135 0.183014 -0.500732
-0.368609 -0.014976 0.414275
-0.218144 -0.342042 -0.757607
-0.312351 0.147061 0.440095
-0.339909 0.283572 0.430733
-0.34307 0.404104 0.40311
-0.328941 -0.345641 0.301425
0.544794 0.123478 -0.055276
0.371577 -0.427379 -0.15258
0.113241 0.517943 0.23895
0.554099 -0.039598 -0.086326
-0.40868 0.072837 -0.314506
0.448894 -0.014576 -0.428377
-0.344706 0.321352 0.172362
-0.120289 0.378579 -0.183247
-0.011331 0.227201 -0.542429
0.241427 0.190665 -0.302142
-0.413733 0.396515 0.361861
0.294045 -0.205986 -0.723832
0.040468 -0.508217 -0.22726
-0.223763 -0.2923 -0.285821
-0.280248 -0.2812 -0.727075
0.416984 -0.290031 -0.375129
-0.200787 0.258397 -0.56393
0.077752 0.398856 0.33277
-0.363311 -0.171138 -0.052681
0.119287 -0.529823 -0.328617
-0.000747 0.301679 -0.42343
0.079721 0.271003 -0.419658
0.396284 0.282954 0.02676
-0.103091 -0.344663 0.398079
-0.256128 0.540417 0.244048
-0.193798 0.480492 0.324727
0.35314 0.171203 -0.190286
-0.220788 0.327948 -0.253501
-0.199008 0.073345 -0.660625
-0.135129 -0.516855 -0.132285
-0.373684 -0.178341 0.354479
-0.175902 0.255502 -0.563179
-0.455555 0.135612 0.289287
0.024877 -0.540096 -0.337008
0.230574 -0.421033 -0.736742
-0.009382 -0.562139 -0.100786
0.404273 -0.246307 -0.266216
0.238229 -0.356547 -0.800312
-0.406163 -0.039267 -0.326667
0.287019 -0.495201 0.097579
-0.04374 -0.248097 -0.778087
0.11234 -0.476065 0.304148
-0.159113 0.398967 -0.060776
-0.220535 -0.155534 0.478712
-0.355829 0.33639 -0.291069
0.3055 0.005334 0.425379
0.349524 -0.24504 -0.641368
0.400408 -0.41084 -0.043217
-0.381601 0.435919 0.229221
0.407363 -0.39299 0.065729
-0.396132 0.277909 -0.194095
-0.45103 -0.17069 0.230051
-0.487342 -0.074178 0.309105
-0.425881 0.019696 0.371825
-0.433574 0.052091 0.077484
-0.302122 -0.449447 0.149356
0.360043 -0.060317 -0.542616
0.301553 0.172865 -0.212993
0.409328 0.238754 0.268426
0.219238 -0.406123 -0.756281
-0.302147 -0.108241 -0.683263
-0.290185 -0.329762 0.345759
0.433869 0.243956 0.013577
-0.489355 -0.056861 0.153324
0.319394 -0.398368 -0.30862
-0.384874 0.442429 0.294625
-0.487142 -0.090607 0.104713
0.458578 -0.2014 -0.439788
0.36077 0.35668 0.017296
-0.297768 0.022314 -0.590378
-0.013838 0.18311 0.486484
-0.385959 -0.141898 -0.108965
-0.298404 -0.25968 0.007314
-0.139799 -0.394169 -0.530836
-0.248297 -0.325194 -0.250538
0.160873 0.473272 -0.017133
-0.185998 -0.173779 -0.72646
0.127679 -0.514326 -0.219055
0.448887 -0.340307 0.00339
0.00874 -0.556507 -0.134078
-0.087744 -0.056522 0.515417
-0.414385 -0.043417 -0.097454
-0.251696 -0.244452 -0.411791
-0.171451 -0.358347 -0.771734
-0.026114 0.208823 -0.565644
0.271005 -0.517617 -0.012254
-0.209093 0.300609 -0.423834
-0.328339 -0.116345 -0.480916
0.199615 0.217203 -0.288048
-0.413828 -0.287198 0.211126
0.431811 -0.155216 0.286693
0.005298 0.361028 -0.282321
0.433842 0.145666 -0.160805
-0.050975 -0.518523 -0.473339
0.227694 -0.37455 -0.852146
-0.283537 -0.216532 -0.417963
0.200944 0.084863 -0.573523
-0.487352 -0.146018 0.121844
-0.417485 0.04406 -0.300261
-0.523398 -0.050517 0.24483
-0.33999 0.273466 -0.347468
0.213799 0.223095 -0.246017
-0.019001 0.321732 -0.389031
-0.088156 -0.399031 -0.800595
0.340828 -0.278255 0.333899
0.491883 0.176974 0.146848
-0.060621 0.38583 -0.233286
0.556464 -0.04706 -0.131395
0.098423 0.195903 -0.506911
0.190756 -0.504153 0.185114
-0.343394 0.452487 0.215567
-0.410319 0.164807 -0.021878
0.24005 -0.359635 -0.747749
-0.300905 -0.012206 -0.578232
0.254783 0.118136 0.454424
0.138289 -0.489097 -0.690478
0.297304 0.309944 -0.034398
-0.401794 -0.044979 -0.004002
0.080011 0.312125 -0.317839
0.429692 -0.22213 -0.201539
0.119719 -0.487318 -0.691019
-0.407363 0.013271 -0.351645
-0.327931 -0.389103 0.079144
-0.335398 0.329109 0.109629
-0.31669 0.343909 0.105933
-0.349062 0.219045 -0.070058
-0.413925 0.054431 -0.316199
-0.009927 -0.365671 0.425256
-0.381535 -0.000754 -0.449063
0.27414 0.054821 0.459738
0.051662 0.127511 -0.651437
-0.382476 0.060166 -0.465923
0.274416 -0.461569 -0.373794
0.218683 -0.525557 -0.101317
-0.315024 0.470355 0.201529
0.249926 0.375962 0.252556
-0.381741 0.356995 0.423648
-0.058275 -0.468711 -0.8073
-0.303389 0.451766 0.187935
-0.328126 -0.20748 -0.283624
-0.08836 -0.432397 -0.615921
-0.331865 -0.172765 -0.395071
-0.425969 -0.157093 0.282434
-0.286492 -0.331098 -0.72195
0.227798 -0.386786 -0.832267
-0.38845 -0.140722 -0.167105
-0.271217 0.447921 0.160967
-0.400406 0.034839 -0.389845
-0.295331 -0.392924 0.284121
0.443077 -0.349313 0.021953
-0.408521 0.066352 -0.092487
0.056774 0.17371 -0.550148
-0.263857 -0.344843 -0.737168
-0.377563 0.150149 -0.328041
0.05198 -0.063619 0.512363
-0.454781 0.088624 0.167497
-0.341823 0.022434 0.4363
-0.184276 0.088027 0.509027
-0.000267 -0.422719 0.372863
-0.376219 0.300223 0.053854
0.108966 -0.180998 0.487983
0.230949 0.179098 -0.186498
-0.266734 -0.060779 -0.677019
-0.468113 0.10916 0.269792
0.506622 -0.147895 -0.14872
0.304831 0.041195 0.4416
-0.431821 -0.274254 0.209724
-0.183542 -0.233492 0.434108
-0.061007 -0.529825 -0.33404
-0.387847 0.074705 0.419067
0.037398 -0.556045 0.060243
-0.511716 0.042264 0.297253
-0.141583 -0.450386 -0.707565
0.184077 -0.345534 -0.852227
0.032226 -0.390913 0.403841
0.380137 0.030351 -0.37241
-0.209915 0.298245 0.450932
0.451222 -0.12021 0.268635
0.134924 -0.51023 -0.460197
0.174387 -0.509205 -0.648924
-0.291779 0.288984 -0.326042
0.053195 0.086447 0.507997
0.372559 0.080725 0.324637
-0.388452 -0.224696 0.031097
-0.378827 0.157285 -0.254719
-0.003783 0.387983 -0.192087
0.368298 -0.368487 -0.231806
0.05864 0.212535 -0.519437
-0.115753 0.259031 -0.54132
-0.136902 -0.552174 0.089456
0.202908 -0.472648 0.250923
-0.224468 -0.307264 -0.521937
-0.255536 -0.22324 -0.451199
-0.026636 -0.14906 0.510806
-0.291349 -0.30188 0.059698
0.373681 -0.24567 -0.607834
0.313969 -0.484801 0.037489
-0.369847 -0.15161 -0.052489
0.310749 0.226214 -0.048547
-0.05162 -0.454563 -0.701255
0.025483 -0.541053 -0.163917
0.471678 -0.199681 0.201791
-0.401445 0.204233 0.149372
-0.395431 -0.044449 -0.364801
0.433459 0.245643 -0.006575
0.299014 -0.438427 -0.239369
-0.160213 -0.553641 0.088535
0.157773 -0.521024 -0.597478
-0.3705 0.145038 -0.529677
0.250495 0.083875 0.461927
0.086192 -0.018842 0.521552
0.259738 -0.448821 -0.242991
0.301445 -0.231735 -0.680047
0.060143 -0.512741 -0.217734
-0.371502 0.447833 0.276347
0.024366 -0.544744 0.156066
0.43659 0.013107 -0.393738
-0.205206 0.313262 -0.387671
0.340704 0.038782 0.361973
0.069592 0.368232 -0.15639
-0.423691 0.007682 0.055838
-0.414414 0.320711 -0.25343
-0.452432 0.016647 0.103622
-0.3648 0.244362 -0.405506
0.174778 -0.464327 0.273538
-0.268153 0.079391 -0.621239
0.366563 -0.312849 -0.292187
-0.052913 -0.508333 -0.207407
-0.083949 0.211906 -0.583099
0.416717 0.027212 -0.389724
-0.420844 -0.13729 0.363737
-0.427063 -0.037179 -0.230077
-0.172474 0.430921 0.382613
0.197358 -0.413681 0.350361
0.119033 -0.371241 -0.842779
-0.066914 -0.451537 0.328411
-0.288015 0.361652 0.120571
-0.159481 0.282705 -0.510959
-0.533474 -0.031574 0.250064
-0.47563 0.309003 0.235949
-0.027539 0.418606 0.34633
-0.35355 0.306392 0.429586
-0.182806 -0.547669 0.100091
-0.27749 0.272912 -0.463522
-0.213215 -0.174173 0.474433
-0.156116 -0.038559 0.511743
0.472813 0.024858 0.2588
0.113356 0.349264 -0.092914
0.096413 -0.291289 0.46115
-0.092025 -0.171708 -0.749215
-0.317484 -0.400066 0.202383
-0.176443 0.302168 -0.449676
0.009181 0.387091 -0.132302
-0.015098 0.463165 0.049531
0.292286 0.429515 0.055815
0.126213 0.343666 -0.113107
-0.431157 0.023451 0.057558
0.423307 -0.244061 -0.206537
-0.186484 -0.125408 0.50623
-0.070446 -0.517697 -0.198758
0.177807 -0.440498 -0.740419
-0.406765 -0.10076 -0.217379
-0.338031 0.005453 0.432292
0.085102 0.548478 0.228687
-0.429668 0.05297 -0.011062
-0.397121 0.250698 -0.021783
0.268634 -0.093997 -0.772889
-0.395683 0.443837 0.363767
-0.508741 -0.027726 0.160798
-0.136145 -0.446361 -0.793645
0.329793 -0.455172 -0.160654
0.250034 -0.129729 0.461124
-0.462416 -0.089537 0.222844
0.106261 0.047089 -0.754485
0.209025 0.27591 -0.101168
0.273964 0.052366 -0.435216
0.507831 0.105649 0.187725
0.475158 -0.04191 -0.406114
-0.400272 -0.324407 0.147152
0.525782 0.119812 0.028496
-0.388867 -0.024476 -0.407342
0.078915 -0.357941 -0.829844
-0.278499 -0.147759 -0.531926
-0.291666 -0.508415 0.08941
-0.492588 -0.146478 0.101022
-0.366564 0.041471 -0.507625
0.071772 0.050214 0.522131
-0.244726 0.444876 0.383566
-0.029497 0.504245 0.084746
0.326593 -0.420361 -0.475837
0.24644 0.075364 -0.445435
-0.087074 0.451804 0.103595
-0.508667 -0.071713 0.267117
-0.172583 -0.432327 -0.693114
-0.417729 -0.034881 -0.111553
0.44591 -0.219335 -0.434166
-0.133837 -0.189493 -0.742831
-0.310605 -0.431432 0.077298
-0.17441 -0.486642 0.245302
-0.006668 0.390772 -0.169238
-0.483634 -0.135073 0.085983
0.289305 0.227458 -0.0593
0.335969 -0.364457 0.254653
-0.104927 0.37895 -0.152642
0.434883 -0.287738 0.169558
0.480789 -0.090086 -0.417458
-0.477984 0.320992 0.313394
0.038454 -0.347263 -0.816896
0.422241 -0.384361 0.029059
0.306892 -0.48428 0.097559
-0.410872 0.09054 -0.244235
-0.194801 -0.342301 -0.254003
-0.488923 0.294198 0.259576
-0.473558 0.399125 0.270895
0.303525 -0.080543 -0.580747
0.384351 0.101474 -0.275597
-0.256899 -0.280021 -0.560332
0.449429 -0.216917 -0.456225
-0.392022 0.259519 -0.203817
-0.533897 0.02933 0.262894
0.478293 0.17022 0.184093
0.14612 0.237875 0.411516
-0.286375 -0.277292 0.38191
-0.079312 0.219318 0.493434
0.421305 0.188582 0.230117
-0.519086 -0.037044 0.30104
0.523635 -0.099478 0.069125
-0.021844 -0.351665 0.432725
0.19335 0.290995 -0.113349
-0.131111 -0.010282 0.507551
-0.449945 -0.120232 0.072117
-0.282877 -0.407585 0.251977
0.31437 0.289696 0.322252
-0.090518 -0.451054 -0.536528
-0.427864 0.211885 0.194293
-0.502117 -0.01322 0.145631
0.166027 -0.540828 0.074804
0.328841 0.078083 0.362353
0.221216 0.118571 -0.381241
-0.351678 -0.086846 -0.464988
-0.25877 0.377882 0.133386
-0.135065 -0.462098 -0.726928
-0.437313 0.046886 0.022202
0.069288 0.103234 0.505148
-0.373294 0.230009 -0.391473
0.438631 -0.005073 -0.409144
-0.228256 0.391873 0.140893
-0.370352 0.223786 -0.412689
-0.453063 -0.165077 0.203377
0.226448 0.211817 -0.208962
0.177152 0.104339 -0.484986
-0.295485 -0.186533 0.385152
-0.125344 -0.529939 0.214958
-0.166502 -0.2635 0.419659
-0.262833 -0.294356 -0.736352
-0.295876 -0.168339 0.398576
-0.402071 0.274532 0.035126
0.094087 0.465598 0.289921
0.047188 -0.453852 -0.730026
-0.366519 0.185178 -0.521593
0.20438 -0.38238 -0.858383
0.377382 0.369766 0.087104
0.365478 0.095379 -0.278169
-0.453014 0.156623 0.291566
-0.371674 -0.151815 -0.003656
-0.361947 0.479643 0.327962
0.237767 -0.035357 -0.768525
0.344475 -0.406678 -0.439322
0.052938 -0.523988 -0.539194
-0.409621 0.289468 -0.230933
0.432697 -0.201745 0.261856
0.1935 -0.097773 0.476189
0.546997 0.095699 -0.018133
-0.277527 -0.232501 -0.550284
0.183646 -0.083604 0.478737
-0.507477 0.001539 0.312278
-0.364494 0.324226 -0.174928
-0.152583 -0.387444 0.355118
0.350883 -0.026533 -0.502189
0.548255 -0.08117 -0.010195
-0.174391 -0.371591 -0.604357
0.231021 -0.351777 -0.861521
0.090605 -0.263971 -0.811567
-0.427373 -0.052934 -0.167265
-0.511298 -0.062612 0.291807
-0.257339 0.515734 0.281064
-0.366048 -0.151425 -0.020494
-0.402616 0.091441 -0.064821
-0.062713 -0.548311 0.141067
0.089988 -0.092529 -0.776614
0.472574 0.008152 0.268102
0.062548 -0.537023 -0.166242
-0.305202 -0.194788 -0.612711
0.411529 0.008274 -0.435042
-0.149429 -0.175322 0.469449
0.396062 -0.349939 -0.424289
0.485026 -0.032853 -0.255406
0.00356 -0.313434 0.439892
0.3234 -0.437131 -0.442472
0.169421 0.445719 0.175993
0.299313 -0.437989 -0.506729
-0.269384 0.483242 0.187148
-0.398976 0.097854 -0.334814
0.530476 0.073769 0.052982
-0.372692 -0.01242 -0.469637
0.42575 -0.077339 0.298655
-0.482243 -0.075743 0.233873
-0.182354 0.459511 0.354504
0.45389 -0.00721 -0.341458
-0.228569 -0.467134 -0.082701
-0.31543 -0.192209 0.373193
-0.150087 0.273323 -0.527439
0.332527 0.164653 -0.187934
0.021254 -0.330742 -0.81079
0.121535 0.124017 -0.528938
-0.413803 -0.064101 -0.264206
0.162185 0.490061 0.019025
-0.282612 0.132928 -0.617242
-0.174467 -0.32535 -0.367206
-0.048825 -0.302454 0.469368
0.33331 -0.424877 -0.209739
-0.192028 -0.300648 -0.343752
-0.416096 -0.070449 -0.116546
-0.39555 0.352705 0.202801
0.440384 -0.331287 -0.107371
0.066507 0.303013 -0.36082
-0.364486 -0.347534 0.271537
-0.209984 -0.442473 -0.169109
0.493701 -0.151146 -0.164515
-0.519012 -0.060394 0.257732
0.411249 0.125627 -0.258457
-0.110287 -0.5573 -0.009178
-0.337688 -0.392994 0.163968
-0.266281 -0.349843 0.046888
-0.484814 0.362172 0.246935
0.329935 -0.041605 -0.53649
-0.28943 -0.195344 -0.567214
-0.079517 0.354684 -0.333521
0.442915 -0.123673 -0.485244
-0.244627 0.464213 0.369832
0.461882 -0.036896 -0.324371
-0.148287 -0.554001 -0.026325
0.412646 -0.294477 0.207414
0.318224 -0.246413 -0.671897
-0.085495 -0.545426 -0.094753
0.288228 0.202493 0.4024
0.386072 0.198318 -0.093362
0.272747 -0.337451 -0.849403
0.289623 -0.005857 -0.524012
0.43355 0.272418 0.062917
-0.392905 -0.00066 -0.408773
0.012982 0.247938 0.448537
0.199809 -0.491328 0.204543
-0.249776 0.302881 -0.289931
-0.130463 -0.285291 -0.764915
-0.111074 0.481244 0.230349
0.0423 0.55352 0.223986
-0.142676 -0.383952 -0.575818
0.302464 0.138703 -0.281132
0.303764 -0.44924 -0.466628
0.210074 -0.398638 0.359186
0.439347 0.2119 0.126266
-0.433234 0.102764 -0.007668
0.240979 -0.517859 -0.104375
-0.433821 0.039567 0.358195
-0.333626 0.119023 0.438837
0.43206 -0.022773 0.331206
0.342486 -0.404612 -0.463052
0.199775 0.065352 0.473489
-0.178172 -0.221836 -0.739053
0.496085 -0.181027 0.094157
-0.200159 0.058305 -0.674181
0.0227 -0.516147 -0.197946
0.313978 -0.437354 -0.477078
0.481054 -0.235021 -0.027251
-0.231793 -0.31272 -0.168256
-0.164181 0.263994 0.471492
0.235242 0.077001 -0.483362
0.002698 0.213663 -0.54857
-0.446882 0.093724 0.325213
-0.185726 0.07337 -0.67543
0.134422 0.148494 -0.503927
-0.411537 0.122203 -0.037525
-0.178921 -0.350604 -0.31299
0.189164 -0.402228 0.366658
-0.452808 0.09993 0.303727
-0.222517 0.306446 -0.38434
-0.054421 -0.47786 -0.785078
-0.428653 0.41713 0.322924
-0.350032 0.210602 -0.480188
0.098244 0.289761 -0.349537
-0.245456 -0.192515 0.416775
0.459594 -0.080004 0.261289
0.113385 0.2448 -0.43073
0.516944 0.129946 0.045246
0.286544 -0.458848 -0.477155
-0.132016 -0.149435 0.503239
-0.270994 -0.431126 0.018201
-0.097986 -0.466111 -0.799326
-0.141654 0.132487 0.513537
-0.471366 0.288421 0.343229
0.408571 0.123366 0.294075
-0.095879 -0.441124 -0.659306
0.271987 0.32248 0.283937
0.21669 0.212874 -0.279181
0.2523 -0.454932 -0.615875
0.065268 0.556887 0.216522
-0.32206 -0.178246 -0.412482
-0.277643 -0.31486 0.060505
0.4808 -0.112752 -0.418711
-0.426656 -0.153303 0.356178
-0.24227 0.309239 -0.167435
-0.275119 -0.265719 -0.254897
-0.223158 0.027826 0.504762
0.065715 0.555783 0.193319
0.166218 -0.403058 0.369159
-0.288689 0.30335 -0.056604
0.285242 -0.453061 -0.499229
0.385411 -0.339002 0.218127
-0.159179 0.328717 0.441796
0.071826 -0.511037 -0.274205
-0.399683 -0.021658 -0.367858
-0.331344 -0.216992 -0.210314
0.345021 0.353335 0.220063
0.079376 0.237254 -0.47823
-0.111085 0.423327 0.008336
-0.150061 0.447153 0.146382
0.049515 -0.522047 -0.559378
-0.251956 0.350193 -0.035557
-0.10743 0.466265 0.247176
0.357073 0.01979 0.392376
-0.21021 -0.474661 0.172555
-0.055795 0.035827 0.518977
-0.265752 -0.527271 0.073899
0.351248 -0.440911 -0.157675
0.124472 0.247512 -0.406383
0.048328 -0.463463 -0.691292
0.319504 -0.437114 -0.460282
-0.406622 0.086328 -0.181771
-0.034184 0.191315 0.490086
0.26772 0.186484 -0.137165
-0.146874 -0.55131 0.042562
-0.10566 0.447876 0.328537
-0.192814 -0.259293 -0.744388
0.448265 -0.288471 0.111103
0.170484 0.271852 -0.245378
0.179987 0.09031 -0.579982
-0.056884 0.52157 0.125798
-0.416119 0.136397 0.17974
0.293855 -0.409238 -0.644228
0.441306 -0.18567 0.260462
-0.100325 -0.448691 -0.685935
0.141445 0.443121 0.238098
0.061617 0.123718 0.49869
-0.147075 -0.045514 -0.707623
-0.274847 -0.278448 -0.628362
-0.438388 -0.128362 0.222937
-0.371722 0.202012 -0.418865
-0.442919 -0.150549 0.224415
0.450948 0.220835 0.048059
0.347484 -0.461797 0.022933
-0.00059 -0.059026 -0.74681
-0.316064 0.254864 -0.50214
-0.534344 0.006222 0.264488
0.412973 0.207342 0.22993
0.434878 0.028162 -0.37521
-0.343147 -0.159935 -0.386404
-0.29191 0.261356 -0.502832
-0.110627 0.439557 0.34404
-0.224561 0.159643 0.486018
0.072557 0.365663 -0.0578
-0.149153 -0.407114 -0.474303
0.055214 -0.363613 -0.824765
0.435474 -0.133747 -0.25773
0.514452 0.140061 0.143564
-0.104369 -0.380797 -0.792545
0.049598 -0.006301 0.514684
-0.172217 -0.026572 0.504384
-0.11488 -0.470721 -0.241125
0.483037 -0.109 -0.355927
0.52074 0.110159 0.045616
-0.306487 0.366589 0.071728
0.141803 -0.285877 0.447562
0.198851 0.430252 -0.040865
-0.420642 -0.200202 0.046335
0.13308 -0.553862 0.048885
-0.471861 0.047319 0.310513
-0.489342 -0.179998 0.175304
0.238492 0.176458 -0.204425
-0.266073 0.492924 0.315444
-0.141397 -0.554584 0.068423
0.078144 0.440433 -0.016804
0.283581 -0.032735 -0.59617
-0.46134 0.179035 0.289043
-0.042049 -0.375119 0.416979
0.260943 -0.061227 -0.744634
-0.053221 0.385349 -0.095601
0.234565 0.255239 0.38405
-0.077213 -0.503117 -0.315551
-0.211311 0.004264 0.507268
-0.264607 0.403129 -0.006358
-0.378266 0.288905 -0.107797
0.269207 -0.006461 -0.621413
-0.446092 0.226118 0.196169
0.359487 -0.090848 -0.566258
-0.366578 0.289916 0.116542
0.435188 -0.349072 -0.071945
-0.062527 0.389878 -0.211081
-0.157828 -0.205953 -0.740556
-0.420434 0.219264 0.076926
-0.435485 -0.134058 0.282639
-0.418957 0.278291 -0.286418
-0.382668 0.223265 -0.236889
-0.392878 0.306664 -0.180791
-0.001745 0.561659 0.197845
-0.427115 -0.093617 0.083384
0.083367 -0.534985 0.192379
0.127519 0.338728 -0.155214
0.086545 -0.335123 -0.825586
0.117881 0.278197 -0.346192
-0.396377 0.119913 -0.2587
-0.156781 -0.469103 -0.190375
-0.173229 -0.455032 -0.183913
0.082766 0.115654 -0.602313
-0.146187 0.065047 -0.686696
0.517169 0.060673 0.133994
0.490121 -0.160353 0.186081
0.346452 -0.347775 0.260583
0.288293 -0.381818 0.281297
-0.197129 -0.296437 -0.384112
-0.183078 0.249315 0.473178
-0.219149 -0.508466 -0.098246
0.189242 -0.168177 -0.811316
-0.096318 0.088643 0.519466
0.441086 0.007315 -0.279182
-0.075525 -0.444405 -0.646731
0.377562 -0.423722 -0.129291
0.152372 -0.246336 -0.818725
0.125157 -0.410358 -0.851733
0.021047 0.39191 0.006103
0.499311 -0.166714 0.079423
0.104804 0.54497 0.215861
0.048835 0.376876 -0.148702
-0.161186 -0.180895 -0.734168
0.425706 -0.355886 -0.087808
0.493778 -0.195086 0.158882
0.040333 -0.284908 0.460553
0.088435 -0.446567 -0.765929
0.108687 0.106422 -0.578484
-0.221162 0.31701 -0.152528
0.058298 -0.278389 0.465617
-0.055593 -0.369903 -0.802178
-0.305836 -0.104883 -0.51965
0.174308 0.308189 -0.15037
-0.094899 -0.433808 -0.635262
0.118559 0.3396 -0.171247
-0.312135 0.409724 0.419843
-0.201384 -0.21451 -0.732276
-0.411655 -0.05572 -0.284945
0.374367 -0.310042 -0.582249
0.089556 0.11124 -0.636533
-0.269103 0.386483 0.079808
0.272152 0.347658 -0.031401
-0.210174 0.39911 0.128017
0.239142 -0.528167 0.006345
-0.263271 -0.066444 -0.61981
-0.417565 0.052887 -0.282616
0.115222 0.344554 -0.135927
-0.414013 -0.062058 -0.099014
0.032298 0.242577 -0.50487
0.064861 0.126 -0.607619
-0.193733 -0.425305 -0.696558
0.425726 -0.36837 0.046682
-0.016093 0.477649 0.075683
-0.007833 0.241501 -0.527196
-0.130901 -0.413586 -0.524801
0.102807 -0.432041 0.358357
-0.030301 -0.567881 -0.047689
0.371373 0.367029 0.170281
0.329801 -0.391744 0.229
0.413101 -0.392827 -0.047198
0.301252 -0.022293 -0.523706
-0.496611 -0.062795 0.21849
-0.413912 0.377332 0.37364
0.285231 -0.133492 -0.769135
0.004973 -0.52424 -0.189408
0.552736 -0.075794 -0.098808
0.422737 -0.289955 0.188188
-0.387326 -0.096119 -0.333874
0.547443 -0.048088 -0.01076
0.277953 0.033659 -0.476712
-0.245632 -0.293752 -0.141405
-0.201708 -0.355312 -0.231386
-0.464145 0.151199 0.324488
-0.241868 0.524903 0.211298
0.369091 -0.372416 -0.418203
0.266952 -0.468628 -0.467085
0.363332 0.413602 0.122153
0.015291 0.154588 -0.600002
0.421752 -0.025756 0.347795
0.543067 0.10049 -0.110887
-0.413587 0.265794 -0.268554
0.220973 0.055966 0.471095
-0.267783 0.29668 -0.347848
-0.359907 0.262838 -0.339774
-0.294847 -0.240692 -0.617623
-0.193863 0.361072 0.411104
-0.080625 -0.090369 0.525481
0.093371 0.456181 -0.0114
0.223842 0.140972 -0.349813
0.240375 -0.290342 0.402752
-0.043857 0.392651 -0.197747
0.281799 0.159121 -0.204137
-0.263346 0.419379 0.416436
-0.386305 0.333885 0.1953
0.220562 -0.373221 -0.796779
0.008154 -0.563637 -0.019852
-0.318978 -0.212996 -0.670743
-0.067361 0.037514 -0.712836
0.182825 0.374862 0.325577
0.106701 0.468311 0.058929
-0.446625 -0.278804 0.192983
-0.427838 -0.044908 -0.20652
-0.166285 0.069109 -0.680687
-0.103884 0.245872 -0.557056
0.441057 -0.002534 0.328173
0.336421 -0.311455 0.306238
-0.09117 0.394958 0.400339
-0.30238 -0.128885 -0.626833
-0.207982 0.330199 -0.137434
-0.134812 -0.463662 -0.207927
-0.256708 -0.268749 -0.732851
-0.408293 0.082507 -0.297696
-0.264393 -0.282529 -0.592829
-0.281971 -0.133785 -0.580487
0.492279 -0.174845 0.170035
-0.269839 0.293067 -0.111533
0.069177 0.527745 0.116074
0.066532 0.088241 -0.734891
0.522853 0.0283 0.118121
0.55238 0.005479 0.016077
0.001578 0.311773 -0.400076
-0.000815 0.554964 0.218259
0.318105 -0.484157 -0.061918
-0.193586 0.405384 0.112258
0.088255 -0.55361 -0.115622
-0.118214 0.377341 -0.246292
-0.167016 -0.527234 0.15064
-0.309151 0.218772 -0.599738
-0.352472 0.35392 0.19023
-0.121274 -0.509153 -0.168585
0.212143 -0.162852 -0.81407
0.438912 0.098115 -0.243579
0.445377 0.086825 -0.222638
-0.23861 0.096564 0.489643
-0.277637 0.294738 -0.392536
0.017328 0.382079 -0.200124
0.551749 0.018317 0.0003
0.244326 -0.371179 -0.834784
-0.320788 0.389959 0.194241
-0.379782 0.184227 -0.307982
-0.091921 -0.506673 -0.204155
0.049502 0.441073 0.305326
-0.372041 0.299573 -0.003877
0.062495 0.463043 0.063291
-0.074767 0.300219 -0.45867
-0.186809 -0.464067 -0.174721
-0.396207 -0.012839 0.396278
-0.392379 -0.178296 0.345261
0.317429 0.035482 -0.392214
-0.21664 -0.319679 -0.122416
-0.274323 -0.459017 0.172667
-0.279958 -0.236561 -0.378561
-0.329717 0.357562 -0.001046
0.236839 0.125574 0.455845
0.091517 0.503461 0.141509
0.13209 0.441009 -0.028791
0.514916 0.165433 0.033181
-0.017378 -0.094825 -0.7506
0.336513 0.371805 0.210941
-0.122144 0.219178 0.49058
0.556687 -0.026458 -0.124719
0.545114 -0.102413 -0.010515
0.102591 -0.413856 -0.847499
-0.298807 0.428098 0.18037
-0.118082 -0.455775 -0.708428
-0.019335 0.545923 0.112705
0.159081 -0.441888 -0.751612
0.484425 -0.227544 -0.006198
-0.443298 -0.000658 0.355952
-0.42081 -0.300989 0.176023
0.25088 0.359903 -0.036601
0.466417 -0.065339 -0.451358
0.480418 0.22184 0.00011
-0.113907 -0.483133 -0.388403
0.238502 -0.15167 0.462239
0.397565 -0.134498 0.342032
-0.278996 -0.256943 -0.724508
0.351607 -0.465204 -0.058516
-0.073606 -0.546072 -0.14394
-0.014992 0.017136 -0.729196
0.452776 -0.292162 -0.075858
-0.069315 0.415452 0.002673
-0.043452 0.412095 0.360544
0.437021 0.20862 0.150468
0.225091 0.371108 -0.038643
0.083877 -0.516709 -0.292922
-0.004364 0.215575 0.466583
0.173341 -0.303013 -0.840955
-0.009604 0.425132 0.332166
-0.368647 0.138394 -0.139486
-0.18956 -0.372136 -0.770699
0.241112 0.466522 0.023264
0.421887 -0.301712 -0.452628
0.240656 0.473678 0.040807
0.445721 -0.332982 -0.074401
-0.193469 -0.350175 -0.764968
-0.21453 -0.143517 -0.713147
0.29956 -0.253556 -0.684069
-0.476525 -0.181389 0.09171
0.33162 -0.381449 -0.62623
-0.110476 -0.451142 -0.456694
0.278574 -0.276179 -0.694147
-0.079575 -0.52291 -0.375097
0.360366 0.363344 0.185284
0.39994 0.032492 -0.378439
0.557323 0.013413 -0.035007
-0.297066 0.352234 -0.02452
0.141817 0.335584 -0.134397
-0.394431 0.109625 -0.31572
0.468098 -0.188647 -0.421788
0.33196 -0.417929 -0.378739
-0.030084 0.032399 -0.723137
0.155519 -0.268569 -0.826018
-0.099917 0.382312 -0.235365
-0.408108 0.035158 -0.351949
-0.216513 0.411975 0.146328
0.272997 -0.504277 -0.12426
-0.262307 0.335734 -0.036115
0.370279 -0.224419 -0.615056
0.563084 0.069658 -0.049934
-0.074769 -0.477043 -0.763923
-0.30462 -0.243737 -0.194595
0.499352 -0.116432 -0.190103
0.163331 0.371893 0.339902
-0.28523 0.491934 0.321352
0.014299 0.385067 -0.177574
0.169341 0.181346 0.444595
0.499181 -0.157894 0.094461
0.315277 0.082671 0.432755
0.270351 0.20479 -0.116034
-0.280615 -0.223508 0.380196
0.478166 0.229666 -0.08168
0.263185 -0.012256 -0.657287
0.176773 -0.029645 -0.784587
0.457798 0.108777 0.282502
-0.199169 0.382695 0.4019
0.292079 -0.353815 0.309265
-0.26325 -0.288557 -0.612706
0.031711 0.539279 0.095296
0.299237 0.439642 0.140568
0.303806 -0.38227 0.266153
0.549426 0.009056 -0.153226
-0.391134 0.180666 -0.026588
0.500896 -0.137129 0.090958
0.111303 0.465895 -0.006867
-0.095376 -0.549056 0.045119
-0.492417 0.036554 0.309638
-0.230331 0.342577 -0.057451
-0.379682 -0.114883 -0.327851
0.081888 -0.362216 0.432336
0.500456 -0.099889 0.105467
-0.03818 -0.04415 -0.734221
-0.064733 -0.523275 -0.394584
0.264404 0.428691 0.201419
0.134909 0.169129 -0.495362
0.015627 0.462478 0.281834
0.034161 0.419856 0.331693
0.12825 -0.463155 -0.733976
-0.232032 0.18293 0.480057
0.232468 0.143793 0.444448
-0.385454 0.423073 0.393266
-0.212321 -0.278025 -0.419751
0.125752 0.298224 -0.282274
0.185494 -0.489735 0.224043
0.390932 -0.319225 -0.229973
-0.370562 0.254736 -0.052305
0.012781 0.446739 0.300233
-0.471958 0.341848 0.318226
-0.116461 -0.425641 -0.540753
-0.150075 0.363206 -0.266981
-0.483568 -0.014601 0.133578
-0.357567 0.186368 -0.565299
-0.085359 0.145261 -0.647024
0.435104 0.051166 -0.24018
0.10707 -0.340054 0.429547
0.225152 0.483905 0.031348
-0.4775 0.114095 0.230377
0.075751 0.015401 0.523734
0.549569 -0.030761 -0.000076
0.285771 -0.285772 -0.831508
0.119575 -0.433511 -0.781686
0.443204 -0.350134 -0.019185
0.404966 -0.117051 0.331119
0.197606 -0.406369 -0.853284
-0.159435 -0.381758 -0.396849
0.128533 0.20879 -0.46827
-0.215467 0.314334 -0.368618
-0.018622 0.402454 0.02275
-0.284748 -0.260537 -0.204021
0.391015 -0.379407 0.133997
-0.194289 0.107429 0.503684
-0.234818 -0.429062 -0.029064
0.138106 -0.541307 -0.146361
0.119566 -0.541253 -0.16353
-0.080627 -0.543245 -0.121261
-0.396109 0.339617 0.419049
0.487356 0.137514 0.220403
0.413152 -0.270805 -0.334608
0.066813 0.028022 -0.748309
0.326517 0.196152 -0.097294
-0.275439 -0.104921 0.457411
0.227229 -0.530284 0.026669
-0.467792 0.166658 0.36003
0.459221 -0.109198 -0.450778
-0.169402 0.358998 -0.171469
-0.127529 -0.373118 0.3686
-0.280202 0.530387 0.214037
0.051358 -0.22621 0.483344
0.41535 0.037079 -0.369109
0.036682 0.454258 0.293954
0.007007 0.175085 0.484098
-0.397708 0.416972 0.226823
0.18436 0.198812 -0.384881
0.461292 -0.252197 0.161466
-0.395576 0.28672 -0.178858
0.372476 -0.076256 -0.55212
0.220052 0.275419 0.356235
0.494366 -0.184731 -0.065172
0.259568 -0.318323 -0.786109
0.00584 -0.101639 0.51166
0.056617 0.253904 -0.471046
0.536101 0.131867 -0.007929
0.139742 0.434415 0.307003
-0.278292 -0.202531 -0.713115
0.085029 -0.082438 0.513618
0.555255 -0.01151 0.033475
0.306981 0.43571 0.114339
-0.221867 -0.532625 0.013725
0.26481 0.076791 -0.379305
-0.020398 -0.48308 -0.599262
0.392937 -0.421096 0.036845
-0.022331 -0.554372 0.086393
0.047493 -0.556488 -0.113494
0.543047 -0.128156 -0.000599
-0.008589 -0.358509 -0.810872
0.263962 -0.10837 0.458269
-0.081892 -0.036064 0.512833
-0.31426 -0.187941 -0.701734
0.486846 -0.105486 0.164433
0.438402 0.252763 0.07192
-0.356046 -0.316497 0.304853
-0.089545 -0.155054 0.508648
-0.390377 0.257875 -0.304511
-0.325978 0.48349 0.215172
-0.458155 0.128099 0.270024
0.261557 -0.099798 -0.793251
0.10046 0.180111 0.47633
-0.461247 -0.000139 0.106689
-0.25162 -0.310194 -0.057478
0.26421 0.101043 0.457088
-0.18685 0.308627 -0.428629
0.014138 0.5693 0.184196
-0.247892 0.368179 -0.031988
0.53074 0.166419 -0.031858
0.314007 0.047599 -0.371326
0.2679 -0.074606 -0.743631
-0.266539 -0.241817 -0.395807
-0.389699 0.227433 -0.276684
0.054824 -0.479033 -0.67371
-0.383482 0.29388 -0.322647
-0.381758 0.330921 -0.205801
0.228364 -0.073644 -0.789048
0.17697 0.291344 0.370097
0.220651 0.073717 -0.564902
-0.365734 0.172312 -0.509431
-0.217457 -0.432717 0.252795
0.03134 -0.513978 -0.593131
-0.233753 -0.499017 -0.006476
0.327675 0.141209 -0.272329
-0.045025 -0.223698 0.490534
0.413823 0.074778 -0.292322
0.504486 -0.163993 0.062504
0.227564 0.194225 -0.181156
0.19426 0.168741 -0.398697
-0.439816 -0.181054 0.246901
0.306614 0.202061 -0.087722
-0.247329 -0.527662 0.12455
-0.038517 -0.452489 -0.687358
0.073702 -0.294219 0.461966
-0.117184 -0.43799 -0.667679
-0.006015 0.410293 0.351041
-0.164806 -0.545999 0.11318
-0.051715 0.236979 -0.549701
-0.109605 -0.024597 -0.712331
-0.113416 -0.44103 0.334714
0.482127 -0.083702 -0.358834
-0.116674 -0.543077 0.179495
-0.129696 0.538685 0.159532
0.018016 0.134412 0.496507
0.134887 0.303554 -0.244157
0.142114 0.183538 0.480155
0.233193 0.365605 0.26136
0.413218 -0.337172 0.139226
0.538023 -0.029353 0.078458
0.293984 -0.174973 -0.759661
-0.114502 -0.567545 -0.042669
0.051066 -0.304109 -0.811923
0.058108 0.051235 -0.7427
-0.167234 0.153117 -0.631774
0.528524 0.06903 -0.134034
0.040732 -0.520238 -0.189787
0.04837 -0.5582 -0.091123
-0.171777 -0.333193 -0.349185
-0.047218 -0.537619 -0.177672
-0.288017 0.209625 -0.60928
-0.085691 -0.37695 0.381005
-0.179526 -0.31733 -0.346756
0.276272 0.09672 -0.303739
-0.185297 -0.312311 -0.326141
-0.022428 0.389045 -0.206407
0.025386 -0.11231 -0.765043
-0.280257 -0.370227 0.041377
-0.405492 0.077758 0.401251
-0.108188 0.42308 0.093158
-0.42562 0.222834 -0.002045
0.15773 0.296083 0.382262
0.165093 -0.50676 -0.666815
-0.070058 -0.347117 0.433316
-0.123322 -0.436222 -0.469898
-0.067452 0.253217 -0.534541
-0.413937 0.072742 -0.281132
0.470006 -0.079494 0.239857
-0.138552 0.375129 -0.154381
-0.439376 -0.160643 0.320877
-0.416945 0.295492 -0.300577
0.546564 -0.044211 0.058751
-0.297213 0.077223 -0.607107
-0.073719 -0.331893 0.444721
0.352636 0.41272 0.143272
-0.219425 0.453773 0.158149
0.427674 0.3171 0.10351
-0.364556 0.326926 -0.195442
-0.343845 0.335885 0.043879
-0.388388 0.276028 -0.317014
-0.26057 0.173687 -0.618889
0.428958 0.270688 0.123543
0.439144 0.175962 0.230959
-0.127699 -0.54535 0.161201
-0.37761 0.30125 0.421251
-0.073486 -0.024709 -0.721413
-0.166117 0.215368 0.488255
-0.287844 0.379162 0.070385
0.357226 -0.163707 0.382126
0.1655 -0.48761 -0.270911
-0.10568 -0.548369 0.160887
0.201342 0.353095 0.322235
-0.074811 -0.045319 -0.725432
0.43116 -0.251607 -0.479758
0.442405 0.159787 0.246728
0.464919 0.005855 0.289013
-0.129112 -0.250238 0.442942
0.093664 0.36206 0.361169
0.275628 -0.447845 -0.33811
0.410749 -0.183813 -0.542954
0.421503 0.221554 0.190765
-0.056026 -0.497141 -0.524528
-0.353384 -0.049313 -0.489184
0.055723 -0.535806 -0.374959
0.181558 -0.516834 0.167124
0.4479 -0.318892 0.042612
-0.142609 0.018812 -0.696643
0.129448 0.45187 0.219197
-0.034079 -0.465487 -0.74311
0.467636 0.139671 -0.118475
-0.380187 0.31511 -0.167026
-0.102475 -0.041908 0.511352
-0.002337 0.062794 0.512308
0.350824 -0.372824 -0.589617
0.172143 -0.152438 -0.806355
-0.008305 0.084303 0.511396
-0.517748 -0.025125 0.196211
-0.349435 -0.362371 0.270348
-0.314526 -0.346896 0.086057
-0.304824 -0.148212 -0.481827
0.279767 -0.249024 -0.852365
-0.223318 -0.356689 -0.663431
0.308869 0.311762 0.293667
0.136005 0.483008 0.049786
0.216444 -0.393195 -0.847543
0.15448 0.233484 -0.382233
-0.205645 -0.190699 -0.725953
0.515999 0.101739 0.062082
-0.201771 -0.449869 0.258481
0.369117 0.407523 0.100794
-0.461022 -0.228709 0.253111
0.325334 0.015826 -0.4059
-0.277097 -0.11718 -0.563776
0.041697 0.376281 -0.067044
-0.419744 0.039081 0.379933
0.478078 -0.013487 -0.262428
0.499349 0.067543 0.211344
0.349246 0.365717 0.002076
-0.221116 0.000554 -0.679686
0.359281 0.335362 0.228207
-0.410822 0.357594 0.386746
0.102101 -0.473119 -0.718223
0.557281 -0.035562 0.040402
0.027012 -0.093291 0.509201
0.023797 -0.116319 0.50876
-0.287969 0.387065 0.051393
0.533046 0.153109 -0.080094
0.134016 -0.510427 -0.294076
-0.004542 -0.031274 0.517208
-0.42808 0.177691 -0.00813
0.459101 -0.21137 -0.145225
-0.374247 0.178028 -0.254342
0.358886 -0.365396 -0.552971
0.219337 0.252587 0.399139
0.244288 -0.42165 0.31326
0.254953 0.281072 0.34231
-0.261541 0.301254 -0.154068
-0.30742 0.290874 -0.395168
-0.258032 -0.299994 -0.076231
-0.168248 -0.471663 0.272296
0.549389 0.101948 -0.043739
-0.350926 0.319796 -0.29877
-0.176153 -0.346102 -0.267353
0.382432 0.297168 0.232214
0.065005 0.370001 -0.132685
-0.36795 0.309551 -0.111074
0.357026 -0.406886 0.175356
0.144163 -0.550585 -0.082923
-0.487421 0.307442 0.24795
-0.126973 -0.013955 -0.706083
-0.49096 0.317508 0.265393
-0.412392 0.003312 0.374672
-0.230856 0.281327 -0.456437
-0.241596 -0.267592 -0.484739
-0.410078 0.190203 -0.017138
-0.442316 0.075915 0.042771
-0.239655 0.405659 0.410958
0.430315 0.035315 -0.354775
-0.41518 -0.092584 -0.174955
-0.004236 0.268117 -0.490987
-0.08129 -0.448713 -0.551718
-0.361399 0.016604 -0.509282
-0.526042 0.08597 0.164755
0.079176 0.343197 -0.237877
0.262769 -0.522225 -0.031011
0.17197 -0.301772 0.433974
-0.145801 0.449709 0.353453
-0.132912 -0.419245 -0.503501
0.279827 -0.449588 -0.230413
-0.405223 0.081085 -0.328273
0.268969 0.290673 0.329847
-0.490774 0.339702 0.279365
0.430708 0.266574 0.039309
-0.140955 -0.162157 -0.735009
0.15273 0.28842 -0.245245
-0.083828 0.375183 0.407996
0.393766 -0.155368 0.334234
0.484157 -0.007033 0.233938
0.064241 -0.547134 -0.146695
-0.012521 -0.276406 0.477564
0.329829 -0.184563 -0.648675
-0.26438 -0.27663 -0.576303
-0.224497 -0.421433 -0.771391
0.001895 -0.080946 -0.752283
0.55892 -0.092613 0.028412
0.077257 -0.472835 0.312285
0.473321 -0.084264 -0.300649
-0.131107 -0.272679 0.43178
0.425308 0.10598 -0.261836
0.238684 -0.463918 -0.332938
0.046402 0.108058 0.503591
-0.285145 -0.37979 0.311732
0.012744 -0.452593 -0.833404
-0.448746 0.369838 0.333407
-0.287285 0.29515 -0.11733
-0.04754 -0.494861 -0.280407
-0.334823 0.205072 0.425694
-0.169656 0.307845 0.450655
0.440705 -0.111522 0.281871
0.530024 -0.113081 -0.15924
0.229836 -0.532248 -0.01391
-0.237947 -0.301634 -0.261365
-0.177676 -0.544018 0.009847
-0.10334 -0.552106 -0.076566
-0.259185 0.296392 -0.329844
0.403175 -0.097988 0.341351
-0.387421 0.070166 -0.44591
-0.066828 -0.531117 -0.180759
-0.328307 0.314727 -0.198419
-0.09887 -0.564039 -0.057165
0.373678 0.007789 -0.409305
-0.070258 -0.485466 0.283656
0.006606 -0.011186 0.517221
0.248827 0.030776 -0.624215
0.27274 -0.314428 -0.694324
0.256443 0.048045 -0.536282
0.398719 0.265793 0.173309
-0.494653 0.233192 0.337506
-0.268294 -0.231216 -0.415284
-0.408567 0.021373 -0.104727
-0.17708 -0.49391 -0.166193
-0.229495 -0.304789 -0.132055
-0.365438 0.195017 -0.442876
-0.443542 -0.132201 0.337719
-0.276356 -0.275198 -0.165973
0.437486 -0.26257 -0.156081
0.235271 -0.158244 -0.816902
0.355125 -0.418879 -0.198529
-0.240861 0.139566 0.479774
-0.450143 0.140187 0.250613
-0.113841 -0.309641 0.421109
-0.015121 -0.300936 -0.796877
0.419165 0.089796 -0.277117
-0.012444 0.389636 -0.121612
-0.061387 -0.087546 0.521134
-0.000451 0.139683 -0.657811
-0.425565 -0.199673 0.285664
-0.00395 0.007188 0.518158
0.169471 -0.517436 -0.406121
-0.271732 0.405146 0.011396
0.382835 -0.362285 -0.452479
0.14085 -0.512136 -0.640586
0.230392 0.387663 0.251768
-0.386887 -0.058403 -0.382688
-0.2849 -0.392236 0.046177
-0.178461 0.224265 -0.592554
0.378045 -0.437325 0.026458
-0.161496 -0.103938 0.524797
-0.27849 0.297062 -0.367942
-0.303943 -0.171457 -0.700305
0.190738 -0.513271 -0.580031
0.139207 -0.521776 -0.202943
-0.371425 0.163707 -0.307372
0.323508 -0.084158 -0.572392
-0.360949 0.298734 -0.054846
0.558408 -0.068395 0.021555
-0.15268 -0.385524 -0.78219
-0.419178 0.141083 -0.022466
-0.283161 0.158185 -0.618304
0.295485 0.058801 -0.365492
-0.007631 -0.453607 -0.705174
0.255329 0.172723 -0.304733
-0.474755 0.192887 0.27407
-0.274635 -0.100372 -0.576386
-0.338558 0.335546 -0.005874
-0.405728 -0.272755 0.281014
-0.12223 -0.045937 0.514991
0.257452 0.432883 0.005861
0.117501 -0.52225 -0.201134
0.128709 -0.184321 -0.805247
-0.259757 -0.009539 -0.620825
0.275164 -0.269701 -0.710316
-0.054238 -0.12019 0.523169
-0.371729 -0.050525 -0.447327
0.108305 -0.222823 -0.807741
0.32709 -0.420081 0.195012
0.446837 -0.08161 -0.478315
0.278994 -0.503288 0.079443
0.174011 0.091348 -0.600807
0.206101 -0.439202 0.315296
0.265147 -0.455495 -0.35534
0.053734 0.534593 0.104231
-0.017997 0.377535 -0.251552
-0.027873 -0.36622 0.425356
-0.509412 0.105515 0.197704
-0.08608 -0.319035 0.445067
-0.195818 0.33351 -0.307837
0.323752 -0.210456 -0.657505
0.52174 -0.135096 -0.094483
0.449999 -0.027603 -0.465235
-0.33148 -0.077845 0.447092
-0.304142 0.287224 -0.411622
-0.275036 -0.333592 0.065518
0.222507 0.469754 0.010337
0.400879 0.384853 0.115536
0.113452 -0.273625 -0.818138
0.495145 0.105021 -0.135282
0.158839 -0.180814 0.477554
0.454671 0.023657 0.30093
-0.364166 -0.145054 -0.327477
0.570736 0.052109 -0.077276
0.177899 -0.270799 0.444075
-0.398321 0.003013 0.38862
0.03544 -0.510665 -0.61566
-0.3775 0.122164 -0.42012
0.361175 -0.202695 -0.623143
0.11568 0.477695 0.07088
-0.297303 -0.247146 -0.220766
0.312788 0.264488 -0.018356
-0.398801 0.094727 -0.358302
0.043242 0.517837 0.088291
-0.387416 0.242236 -0.22248
0.292749 0.058543 0.452549
0.191244 0.412686 -0.044667
0.013851 -0.204388 0.495356
0.435239 -0.164025 -0.229406
-0.205503 -0.03622 -0.691169
-0.067464 0.518277 0.231255
-0.037046 -0.10818 -0.748704
0.32489 0.055708 0.410575
-0.323643 0.331603 0.143863
-0.297368 -0.248353 -0.639826
0.100591 0.394718 0.337222
0.133778 0.094248 -0.702954
-0.299878 -0.191848 -0.436877
-0.04869 -0.101493 0.521718
0.20396 -0.503633 -0.5069
0.485511 -0.178329 0.193441
-0.464692 -0.097222 0.091233
-0.431429 0.277048 0.198708
-0.098817 -0.208682 -0.755739
0.374926 0.404333 0.140101
-0.380731 0.121948 -0.135014
0.296103 -0.39032 -0.664866
0.344688 0.199544 -0.082013
-0.370729 0.217043 -0.316208
0.337211 0.394937 0.050196
-0.439033 0.196728 0.029192
-0.073154 -0.175501 -0.754718
-0.350851 -0.00524 0.419919
-0.113425 -0.467775 -0.788375
-0.464037 0.270767 0.378707
0.520427 -0.098738 -0.182638
0.380236 -0.012548 -0.473161
0.434284 -0.254251 -0.444833
-0.286871 -0.097979 -0.627595
0.343772 -0.385444 -0.604922
0.339246 -0.227195 -0.648839
-0.30004 0.098661 -0.609391
0.211896 0.001034 -0.769666
0.283665 -0.282058 -0.812046
0.309149 -0.112929 0.44153
0.078731 0.512484 0.269202
0.327334 0.389391 0.196991
-0.058732 0.39058 -0.075377
-0.40521 0.259459 0.066832
-0.142326 0.183238 0.502494
-0.144661 -0.401502 -0.617383
-0.155345 0.427753 0.025585
0.365856 -0.050154 -0.529793
0.001956 -0.396813 -0.821007
0.372768 -0.031354 -0.502529
-0.415356 0.066891 -0.193406
0.00621 0.040785 0.513221
0.29921 -0.494212 -0.064144
0.099232 -0.536361 -0.379462
-0.351534 -0.212618 -0.099167
0.032735 -0.482947 -0.666779
-0.254628 0.395384 0.425705
-0.207504 -0.5088 -0.116911
-0.350418 -0.167278 -0.334785
0.322792 0.131545 0.40923
-0.319345 -0.234794 -0.155206
0.402093 -0.079137 0.352128
-0.151728 0.296022 0.457953
-0.418569 0.14924 0.138903
0.318892 -0.481808 0.0767
-0.435255 0.163719 0.223581
0.159799 0.444446 0.250932
0.455005 -0.15833 -0.329613
0.016376 0.44272 0.038681
0.038285 0.380059 -0.045074
-0.147171 0.366247 0.422004
-0.149276 -0.375038 -0.536706
-0.453398 -0.126991 0.171373
-0.315998 0.319844 0.439756
0.352375 0.376717 0.019928
0.067626 0.118644 -0.665411
-0.263746 -0.220416 -0.50933
-0.29225 -0.412261 0.050531
0.45912 -0.149247 -0.470792
0.522151 -0.043046 0.093711
-0.285921 -0.464123 0.155234
0.469863 0.060687 0.26313
0.164077 0.312687 0.36599
-0.390165 0.129555 0.410234
-0.392409 0.105554 -0.127941
0.36189 -0.365485 -0.520464
-0.119663 -0.551311 0.078532
-0.467268 -0.089977 0.247149
0.205198 0.43995 0.227102
-0.05805 0.25029 0.472323
0.366119 -0.137739 -0.586733
0.43078 -0.007768 0.34882
-0.197667 -0.449907 -0.729121
0.059277 0.191745 0.467516
0.315006 -0.487094 0.000272
-0.316168 0.335526 0.159064
-0.220766 0.326499 -0.195951
-0.101717 0.170309 -0.621156
-0.356475 0.223768 -0.11126
0.244173 -0.337807 -0.746703
-0.401821 0.21243 0.129511
0.243396 -0.460939 -0.23702
-0.382807 0.444274 0.383209
-0.398513 0.424881 0.357147
0.278254 0.023831 -0.499391
-0.304707 0.043358 -0.592443
-0.280764 0.376728 0.087867
-0.476959 -0.214741 0.216172
-0.139101 -0.435611 -0.288704
0.394621 0.160206 0.289888
0.2528 -0.256129 -0.849118
0.237535 -0.398391 -0.737827
-0.411194 0.214625 0.41893
-0.479176 0.189998 0.292787
-0.33519 -0.419931 0.135959
0.045686 -0.097902 -0.766862
-0.27597 0.29284 -0.332594
0.246739 -0.280226 -0.853438
0.097934 -0.440295 -0.783276
-0.148857 -0.419661 -0.655138
0.065672 -0.526354 0.215091
0.405676 0.373474 0.134697
-0.33526 -0.182975 -0.353644
-0.040449 0.446762 0.045282
-0.359744 -0.182751 -0.182055
0.46872 0.093349 0.271863
-0.415377 0.179967 0.173944
0.156809 -0.427399 -0.768586
0.374287 0.168881 -0.192798
0.407231 -0.264109 -0.517594
-0.090167 -0.496919 -0.409556
-0.392661 0.410273 0.380113
0.553277 -0.030676 -0.145875
0.008758 0.022667 -0.734397
-0.439234 0.188162 0.00911
-0.122491 0.346014 -0.35591
-0.169616 0.340063 0.430302
0.269481 0.442963 0.140957
0.022802 0.025448 0.515927
-0.360564 -0.255363 0.079467
0.001651 0.388957 -0.044645
0.324723 -0.447402 0.151496
0.296095 -0.42979 0.215536
-0.386744 0.128708 -0.360009
-0.421117 0.049279 -0.027245
0.296889 -0.218822 -0.803897
-0.458834 -0.067265 0.114546
-0.1907 -0.552281 0.052478
0.19985 0.209339 -0.309855
0.440101 0.113524 -0.221798
-0.383441 0.255405 -0.164207
-0.448002 -0.101787 0.308916
0.390574 0.094688 0.318131
-0.1617 0.037984 0.513759
0.133018 0.064473 0.486747
0.234037 -0.471779 -0.221415
0.567715 0.050609 -0.054843
-0.44839 -0.110848 0.184342
0.407694 0.06023 -0.307243
0.286744 0.145439 -0.162602
-0.422177 -0.233163 0.077546
0.058969 -0.037792 -0.756917
-0.228506 -0.218564 0.406624
-0.292297 -0.249773 -0.244513
0.02087 -0.50162 -0.629977
-0.373597 -0.150767 -0.246436
0.562789 0.038007 -0.034558
-0.136672 -0.031722 0.512167
-0.298542 0.462768 0.385126
-0.264244 -0.29187 -0.174513
0.005556 -0.292926 0.454595
-0.237411 0.31812 -0.190486
0.117686 -0.048143 0.520631
-0.055621 -0.166376 -0.757025
0.387841 -0.280265 -0.268989
-0.002196 0.344148 0.413553
0.075892 -0.058749 0.515969
-0.419545 -0.008565 -0.292109
0.516329 0.11127 -0.134384
-0.410805 -0.181247 0.335783
0.135028 -0.438729 -0.761613
0.131849 -0.267513 0.458539
-0.289519 0.443858 0.170301
-0.057598 0.527563 0.151034
-0.074557 0.503372 0.123487
-0.105811 0.413027 0.389762
-0.30013 0.348131 0.158317
-0.439466 0.125927 0.061972
-0.535091 0.044252 0.16246
0.222839 -0.117561 -0.807642
-0.049222 -0.438693 0.340952
0.308658 -0.301521 0.352947
-0.28011 0.299357 -0.237408
0.176829 -0.280074 -0.83538
-0.170222 -0.376589 -0.244358
0.16784 0.487272 -0.001968
-0.25567 -0.396751 0.316059
-0.332052 0.096463 0.444829
-0.140193 -0.388045 -0.552526
-0.14099 0.339592 -0.368538
0.258191 0.02301 -0.60507
0.146777 0.086888 -0.720633
0.489289 0.015242 0.228963
0.427886 -0.190374 -0.525151
0.293888 0.387509 -0.017651
0.488267 0.11244 0.232016
-0.275176 0.305992 -0.182328
-0.312506 0.059911 0.455918
0.121073 -0.507913 -0.638453
-0.396563 0.093398 -0.380536
0.197636 0.260356 0.397681
-0.387428 0.291248 0.035244
0.112032 0.099612 -0.705931
0.571092 0.031947 -0.106017
0.360183 -0.037755 -0.518437
-0.371359 -0.167091 0.371826
-0.025735 0.277828 -0.483635
0.141483 0.282034 -0.28402
-0.100055 -0.125488 -0.736978
0.194747 0.33256 0.339629
-0.394084 0.439964 0.274468
-0.469368 -0.260384 0.211925
-0.27332 -0.265694 -0.587079
0.213164 -0.493163 0.182473
0.100287 -0.549589 -0.132449
0.134165 -0.52226 0.205854
-0.151143 -0.516097 -0.117689
-0.226275 -0.326298 -0.106548
0.539323 0.00464 -0.17623
-0.212943 -0.324681 -0.555944
0.07899 -0.226384 0.478693
-0.33995 -0.203271 -0.227635
-0.380439 0.44365 0.314252
0.269815 -0.511093 0.061904
0.047724 0.474767 0.074262
0.089478 0.357504 -0.139883
-0.257802 -0.258923 -0.354836
-0.504016 0.059151 0.13639
0.146541 -0.429285 0.342328
0.237369 -0.31129 0.398478
-0.472705 0.184149 0.310089
-0.017014 0.331414 -0.365798
-0.351812 0.147664 -0.580461
-0.197914 -0.298091 -0.752232
-0.3844 -0.048717 -0.405101
0.346921 -0.465336 -0.075889
-0.425281 -0.180373 0.282944
0.176217 -0.210197 -0.815403
0.239503 0.430205 0.205763
-0.409868 0.06512 -0.331651
0.041492 -0.50786 -0.248181
0.133147 -0.122692 0.49663
0.456511 -0.015274 0.293634
-0.370018 0.166804 0.418376
-0.19718 -0.372371 -0.109005
-0.224686 -0.073991 -0.695224
-0.386977 0.314502 0.209391
0.508324 0.17918 0.018529
-0.098377 -0.501578 0.263157
0.146298 -0.246403 0.462645
-0.146269 0.494944 0.184001
-0.138704 0.51933 0.161055
-0.134584 0.503258 0.150575
0.490019 -0.212006 0.146791
-0.456765 0.007746 0.344795
-0.219703 -0.516867 -0.005091
-0.433969 0.134971 0.081002
0.002196 -0.51269 0.223461
0.004856 0.504491 0.258783
-0.199014 0.087756 -0.646746
-0.2878 -0.250026 0.379267
-0.158587 -0.411543 -0.263335
0.011572 0.387697 -0.155039
0.298287 -0.187767 -0.706736
0.046174 -0.107459 0.509033
0.556314 0.080928 -0.036589
-0.336509 0.431257 0.209189
0.069898 0.366055 -0.091825
-0.259669 -0.045006 -0.625067
0.400021 0.202967 0.292773
-0.160503 -0.545394 -0.006553
-0.28967 -0.250751 -0.266187
0.151773 -0.037569 0.494559
-0.206983 0.339444 -0.09248
0.519844 0.152201 0.050223
-0.425984 0.144197 0.100512
-0.383996 -0.340514 0.149398
0.421425 0.306928 0.137973
-0.143498 0.03312 0.515994
0.205338 -0.17527 0.466586
-0.324915 -0.220495 -0.232266
0.324082 -0.441551 -0.407822
-0.182508 -0.358978 -0.248608
0.07976 0.185691 0.470816
-0.414986 -0.075878 0.077866
0.063292 0.346052 -0.255098
-0.370524 0.154 -0.508251
0.472112 -0.073794 -0.258405
0.452308 -0.300026 -0.058339
0.313613 0.184583 -0.230459
-0.252563 -0.339904 -0.021702
-0.329394 -0.330996 0.097841
-0.478548 -0.049193 0.141118
-0.085448 0.049562 -0.705672
-0.045181 -0.356439 0.433617
0.544071 0.08031 0.000134
0.421712 -0.391287 -0.009385
-0.252329 -0.521078 0.038456
0.320919 -0.468229 -0.140362
-0.462181 0.01427 0.117329
-0.279966 0.068935 -0.614497
0.044563 0.462896 0.059119
-0.026182 0.290284 -0.460444
-0.108734 0.35775 0.427254
-0.162851 -0.371273 -0.581532
-0.146811 0.279113 0.467442
0.503569 -0.158505 -0.063348
0.143805 0.383152 0.338354
0.18335 0.210349 -0.36682
-0.093968 0.339182 0.426505
-0.344594 -0.381932 0.131427
0.395599 -0.283514 -0.51725
-0.325419 -0.236558 0.359799
-0.231727 -0.206765 0.420031
0.056659 0.012861 0.517096
-0.418292 0.024889 -0.301444
0.439914 0.024428 -0.320302
-0.3894 0.110722 -0.390307
-0.27115 0.36551 0.427355
-0.400278 0.273578 0.003565
0.513398 -0.123767 -0.172314
-0.057158 0.469071 0.101888
-0.411801 -0.303298 0.194419
-0.305116 -0.36117 0.0704
-0.073947 -0.124057 0.526755
0.181373 -0.386347 -0.859497
-0.074457 -0.551263 0.036846
-0.398295 -0.333605 0.170795
0.213604 -0.509204 0.142466
0.402862 -0.060188 0.3648
0.41489 -0.207429 -0.236228
0.311868 -0.067023 -0.566328
-0.380061 0.155812 -0.217572
0.403541 0.286892 0.162035
0.01951 -0.030018 0.513822
-0.115544 0.335864 0.433751
-0.375389 0.265919 -0.107969
-0.324844 -0.313675 0.327535
-0.456366 -0.282257 0.163063
0.349509 -0.046576 -0.532488
-0.498731 0.217763 0.300102
0.017611 -0.043021 -0.74784
0.491846 -0.087197 0.123786
0.217552 0.357149 0.275823
-0.082207 -0.534726 -0.163451
-0.054868 -0.337076 0.448265
0.573464 0.036904 -0.068308
0.160988 -0.550477 -0.062828
0.388953 0.298244 0.04567
-0.199254 -0.514141 0.155099
0.174772 -0.510677 -0.46553
-0.09435 -0.539387 0.179001
-0.062971 -0.466199 0.310834
-0.084562 0.424493 0.357129
-0.394718 0.120756 -0.204897
-0.471195 -0.271038 0.168107
0.491426 -0.208785 0.124964
-0.416929 0.031652 -0.033945
-0.348317 -0.347202 0.285497
0.231316 -0.013543 -0.759657
0.186483 0.254586 -0.241805
0.398336 0.256864 0.199854
-0.248753 -0.175767 -0.713295
0.186397 0.167974 -0.419056
0.118006 0.539134 0.187263
-0.016599 -0.492968 0.275062
-0.446109 -0.104531 0.082606
-0.391386 0.115932 -0.331805
0.481058 -0.091666 -0.219036
-0.010193 -0.564822 -0.056636
0.213469 0.268669 0.3799
-0.151622 0.05414 0.515148
0.358751 -0.450082 0.060888
-0.379788 0.339518 -0.295013
-0.337187 0.245385 0.425349
0.228361 0.486116 0.089591
0.288697 -0.501489 -0.046719
-0.09631 -0.428378 0.346697
-0.057876 0.365484 -0.299777
-0.384858 -0.065418 0.381254
0.385681 0.336771 0.171389
-0.059023 -0.504166 -0.296423
0.244842 0.087462 -0.404739
-0.087094 -0.480667 -0.319803
-0.346799 0.181191 0.423762
0.065262 0.548261 0.121444
0.259875 -0.212178 -0.839412
0.391546 0.010242 -0.442206
-0.354187 0.324858 -0.22946
-0.079303 -0.486602 -0.294812
0.134318 -0.443937 0.328941
-0.430899 0.203473 0.048211
-0.444938 -0.117269 0.241067
0.294322 -0.437201 -0.338041
0.552407 -0.00545 -0.02102
0.187653 -0.500448 -0.375328
0.046886 -0.535224 -0.333268
0.216451 -0.023853 -0.775834
0.229646 0.261462 0.366104
-0.169033 -0.340544 -0.420505
0.108437 0.212475 0.464741
0.032921 0.569265 0.189862
-0.242936 -0.22845 0.397982
-0.36939 0.489467 0.348529
0.286816 -0.46026 0.179522
0.475685 -0.166668 -0.163919
-0.303763 0.229302 0.43623
-0.297922 0.25043 0.440844
0.12961 0.371652 0.349678
0.266278 -0.338871 0.363231
0.007614 -0.491671 -0.642236
-0.274561 -0.177793 -0.489026
-0.485649 0.273176 0.315512
-0.373601 0.142393 -0.412291
-0.346821 0.5038 0.251686
-0.32941 0.520606 0.259621
0.079528 0.539384 0.164715
-0.073355 0.100728 -0.698531
-0.272594 -0.166318 -0.536762
0.169308 0.279518 0.383599
-0.278287 0.3021 0.437778
-0.015668 0.341041 -0.342554
0.411642 -0.162231 -0.544969
-0.104127 0.142652 0.511512
0.078184 -0.446818 -0.783578
0.226685 0.096222 -0.418804
0.05149 0.569797 0.157685
0.24863 0.448167 0.092811
0.270833 -0.459045 0.199804
0.025528 -0.533536 -0.42706
0.117608 0.484402 0.261063
0.03625 0.057975 -0.736179
0.398113 -0.418231 -0.021597
-0.345774 0.394755 0.191425
-0.034539 -0.429633 0.358599
-0.045325 -0.521336 -0.450249
-0.369517 -0.245702 0.061631
-0.444337 0.247767 0.407454
0.354058 0.092695 0.327683
-0.054107 0.004867 -0.721093
-0.03718 0.538187 0.186338
-0.246761 0.451643 0.155496
0.059718 0.354846 -0.233893
0.35576 -0.333937 -0.299041
-0.362322 0.375404 0.190224
-0.260038 -0.215198 0.391265
-0.405232 0.334413 -0.296754
0.452273 0.014866 -0.339744
0.486761 -0.22954 0.132763
-0.086926 -0.108865 0.53072
0.444848 -0.247691 -0.383773
-0.0674 -0.105367 0.526501
-0.402765 -0.030811 -0.347282
0.070927 0.17945 -0.536593
-0.385186 -0.111526 0.010897
0.054043 0.36905 -0.192304
0.079305 0.362671 -0.113743
0.131981 -0.08395 0.508115
0.416668 -0.152864 0.304289
0.234042 -0.491661 -0.184007
-0.075804 -0.436249 -0.60423
-0.402212 0.333659 -0.259101
0.368448 -0.432766 0.096391
-0.311562 0.262962 0.438381
0.495991 -0.192871 0.03984
-0.12704 0.474769 0.248423
-0.030584 -0.484354 0.290265
-0.310011 0.343793 0.177672
-0.254187 -0.409923 0.281502
-0.258084 -0.354541 0.011374
0.419812 0.341064 0.111191
0.157741 -0.438441 0.325195
-0.358904 0.21259 -0.450007
-0.082793 0.387158 -0.201722
0.412899 0.325658 0.14727
0.112556 -0.115286 0.504271
0.164488 -0.017189 0.487908
0.209851 -0.113211 0.473902
0.395177 0.138764 -0.244084
0.27282 0.111293 -0.287809
-0.32955 -0.397573 0.181879
0.348041 -0.407133 -0.219268
0.439384 0.027564 -0.341252
-0.441899 0.147792 0.386632
0.187747 -0.529418 -0.537138
-0.053171 0.419386 0.017135
-0.255846 -0.301071 -0.095271
0.192579 -0.15734 0.474294
-0.31951 -0.19453 -0.657845
0.031614 -0.561227 0.014895
-0.381472 -0.082057 -0.378091
0.485161 -0.028123 0.215293
-0.530343 -0.025005 0.284856
-0.180524 0.409208 0.098298
0.145359 -0.469205 -0.722525
-0.294576 0.30549 -0.253899
-0.1943 -0.209112 0.457629
0.33096 -0.466918 -0.118629
0.224872 0.008325 -0.74799
-0.284003 -0.293585 -0.706141
-0.173979 -0.311491 -0.760396
0.074794 -0.515449 0.237338
-0.260289 -0.381859 -0.707277
0.088167 -0.506173 -0.635455
-0.312521 -0.15852 0.397829
0.021583 0.392961 -0.015638
0.296277 -0.067975 -0.597187
-0.344433 -0.3404 0.118977
0.317413 -0.443657 -0.202911
-0.241446 -0.239757 -0.448616
-0.247421 -0.319354 -0.657932
-0.071545 0.451393 0.299665
-0.298511 0.337168 0.437537
0.010751 -0.162215 0.502936
0.360877 0.397364 0.161124
-0.390461 0.101138 0.407337
-0.150274 -0.135788 0.510131
-0.411162 0.385773 0.204234
-0.404969 0.367997 0.210441
-0.365226 -0.339418 0.135756
0.169117 -0.517086 -0.57807
-0.217555 0.515905 0.284706
-0.02562 -0.508606 -0.550812
-0.304099 -0.237786 -0.259156
0.435168 0.182382 -0.135449
0.516997 0.079003 0.132447
-0.375039 0.11684 -0.469518
-0.451356 0.330309 0.350532
-0.368652 0.135814 -0.456605
0.010486 -0.020605 -0.741201
0.031478 0.398135 0.360436
-0.160893 0.336776 -0.360422
-0.35813 0.18309 -0.048223
-0.079567 0.380021 -0.10959
-0.262432 0.522107 0.204871
0.54657 -0.035773 -0.165507
0.333369 -0.262388 0.347316
-0.071645 0.385695 -0.094703
-0.434145 0.210194 0.012764
-0.208283 -0.362804 -0.647338
-0.411856 -0.317318 0.180265
-0.031923 -0.364205 -0.806761
-0.044995 -0.185479 0.496541
-0.348466 0.263502 0.423331
0.250498 -0.354623 0.363891
-0.210826 0.060323 -0.659336
0.066979 0.556844 0.171052
-0.427064 0.247441 0.41723
-0.153731 -0.252724 -0.752069
-0.284738 0.247571 -0.584954
-0.414082 -0.307818 0.143339
0.535722 -0.118881 -0.096738
-0.34294 0.185014 -0.077413
-0.459622 0.23661 0.209631
0.21321 0.425306 0.267507
0.380275 -0.172656 0.349313
-0.364899 0.216966 -0.43344
0.484357 0.193605 0.107055
0.349924 0.145389 -0.259984
-0.325518 0.226617 0.428017
-0.527662 -0.038514 0.232347
-0.335861 -0.217258 0.349127
0.415316 -0.372846 -0.086224
-0.330962 0.499986 0.353862
-0.345864 0.49019 0.341677
0.488488 0.070395 -0.154148
-0.182294 -0.00206 -0.689825
0.250504 0.396141 0.243261
0.168472 -0.529996 -0.540146
-0.100099 0.254356 0.482299
0.225565 -0.131689 0.46882
-0.470399 -0.093777 0.29666
-0.46826 -0.267648 0.192449
-0.341437 -0.220042 -0.063184
0.421563 0.032062 0.351457
-0.353071 -0.207813 -0.077781
-0.146875 -0.120057 0.524465
-0.475798 -0.077309 0.189111
-0.294554 0.476774 0.191521
-0.033628 0.412271 0.016946
0.082385 0.299424 -0.350487
0.367017 0.196782 -0.088659
0.437045 0.251242 0.051562
-0.522698 0.027675 0.294759
-0.307771 0.497168 0.354069
0.213068 -0.090916 0.470319
0.098412 -0.157034 0.495019
-0.218213 0.09175 -0.638317
0.347187 -0.02579 0.420666
0.021046 -0.066155 -0.753733
-0.509872 0.02305 0.307621
0.281271 -0.474282 0.157666
0.291125 -0.445375 0.198558
0.029 0.384322 -0.14158
-0.335058 0.500628 0.274906
-0.368249 0.288369 -0.072512
0.110483 -0.464718 -0.734884
0.121123 0.150969 0.492274
-0.229472 -0.011721 0.500252
0.333864 0.405869 0.072443
0.143889 -0.53458 -0.167545
-0.317637 0.246383 0.433994
0.383104 -0.274432 0.290567
0.151503 -0.495839 -0.679559
-0.383261 0.218447 -0.29481
-0.10488 -0.363345 0.380901
-0.371603 0.318972 0.42819
0.201932 0.4292 0.188388
-0.20659 -0.519324 -0.022675
-0.38703 0.285229 0.000177
0.509694 0.139024 0.119932
0.12996 -0.530773 -0.184597
0.398085 0.321997 0.163331
-0.329982 -0.144879 -0.445937
0.482209 -0.118705 0.209207
0.149298 -0.128175 0.49071
0.489142 0.186794 0.127159
0.409126 -0.262621 0.240989
-0.326828 -0.040866 0.450465
0.493531 -0.197461 0.057219
0.074202 0.257108 0.418845
-0.027715 -0.565635 -0.068552
-0.35442 0.203328 0.419446
-0.238916 0.095586 -0.630008
-0.206164 0.278202 0.458747
-0.203021 -0.526846 -0.043357
-0.084199 -0.191319 -0.755498
0.071423 0.118402 -0.643459
0.322615 -0.413609 -0.586632
0.132963 0.465237 0.200343
0.137773 0.228789 -0.423166
-0.437069 0.072953 0.078612
-0.414849 0.034761 -0.317197
0.23067 -0.380568 -0.751682
-0.308311 -0.209818 -0.628686
-0.228731 -0.444972 -0.069782
-0.023494 0.140976 -0.654389
-0.009556 0.519087 0.246176
-0.002996 0.487162 0.261748
-0.489946 -0.005602 0.325646
-0.138444 0.10104 -0.680875
0.040557 -0.050519 -0.755142
-0.010592 -0.302786 0.453213
0.375583 -0.436028 0.049524
0.194767 -0.278851 0.434481
-0.408996 0.033245 -0.056483
0.33464 0.281587 -0.013174
0.372685 -0.435349 0.073467
0.169898 -0.515905 0.187397
-0.138002 0.073484 0.517488
-0.080739 -0.475648 -0.454775
-0.131907 -0.356023 -0.780247
-0.291828 -0.487687 0.124214
-0.21259 0.267167 -0.542643
0.529468 -0.05357 0.073324
-0.31112 -0.126256 -0.670998
-0.167571 0.340903 -0.339355
-0.267828 0.299652 -0.279665
-0.285333 -0.164407 -0.702822
0.072847 -0.559012 0.031683
-0.337892 0.494383 0.230808
-0.27319 -0.301587 0.051811
0.504941 -0.053184 0.107163
0.515015 0.155578 0.131171
0.110288 0.40754 -0.027767
-0.375238 0.089595 -0.500657
0.120941 -0.203513 0.480684
-0.161701 0.482399 0.189309
0.034128 -0.204406 -0.787631
-0.010391 -0.204752 0.496291
-0.180987 -0.327297 -0.431355
0.188041 0.311367 -0.096813
-0.396048 0.242258 -0.244453
0.323372 -0.282295 0.349785
-0.265429 -0.493442 0.023182
-0.203235 -0.51864 -0.100344
-0.019203 0.442422 0.033419
0.389189 -0.28095 0.271505
-0.071124 0.408705 -0.039636
-0.362549 0.282148 0.420881
0.060839 0.334095 0.376439
-0.036062 0.554072 0.206595
-0.154611 0.422229 0.047748
-0.028161 -0.536143 -0.335774
-0.29755 0.502351 0.288962
0.336666 -0.361513 -0.342441
0.325986 -0.338563 -0.640011
-0.265647 -0.376762 0.324495
-0.148783 -0.241163 0.438354
-0.27671 0.388059 0.181158
0.367273 0.334339 0.014692
-0.074501 0.545304 0.205642
-0.11422 -0.078394 0.526274
0.313124 -0.487684 -0.023801
-0.03542 -0.02243 -0.730113
-0.196205 -0.325594 -0.758923
-0.079112 0.377492 -0.267642
-0.27514 -0.501529 0.132573
0.502176 0.181008 0.110095
0.099965 -0.510922 0.241596
-0.433517 0.071635 0.116358
0.001758 0.195533 0.477016
0.428272 0.025183 -0.265844
0.069929 -0.472874 -0.693257
-0.367755 -0.088211 -0.421416
-0.263734 0.385541 -0.020752
0.278061 0.179125 -0.215969
-0.137263 0.372463 -0.173697
-0.087774 -0.527939 0.193552
-0.045867 -0.55747 -0.098679
-0.070536 -0.528168 0.179315
-0.014479 -0.494223 -0.238235
-0.191967 -0.479361 -0.166791
-0.535412 0.014037 0.186728
-0.106005 0.560922 0.177638
0.241188 0.224054 0.410169
0.017643 0.521155 0.083292
-0.352013 -0.164841 0.382148
0.355626 -0.215536 0.355694
-0.124485 0.535042 0.204769
0.025511 0.144974 -0.617118
-0.089506 0.556252 0.166971
-0.168441 -0.005135 0.50893
-0.111756 -0.011609 0.511518
-0.165878 -0.51743 0.172154
-0.003754 -0.419273 -0.823991
0.332113 -0.354434 0.269368
-0.303054 0.479741 0.374698
0.086803 -0.240437 -0.80669
0.280272 -0.410135 -0.66816
0.507319 0.160604 0.148453
-0.00804 0.039366 -0.727696
-0.245401 0.480297 0.184247
0.475434 -0.216838 0.180692
0.358698 0.037745 0.367728
0.281372 -0.392316 -0.685286
-0.182846 -0.090273 -0.708715
0.389847 -0.130199 0.358232
-0.117066 -0.426158 -0.63342
-0.372954 0.106223 -0.517826
0.333171 0.419406 0.090343
-0.470694 0.170932 0.332743
-0.285893 -0.503805 0.050923
-0.146023 -0.430051 -0.361831
-0.333427 0.0378 -0.56519
0.311052 -0.479017 -0.121063
-0.154075 -0.507356 -0.138032
0.207115 0.503934 0.070826
-0.352655 0.228036 -0.44525
0.426343 0.289044 0.129631
-0.279392 0.233174 0.444475
0.459533 -0.222556 0.196917
0.131911 0.486953 0.22272
0.445432 0.0102 -0.256126
0.518306 0.070523 0.115848
-0.373429 -0.13001 -0.322479
0.524706 -0.00493 -0.195149
0.278149 0.25879 0.351193
-0.440464 0.12087 0.216521
0.109929 -0.516344 -0.607594
-0.260803 0.291868 0.4364
-0.364026 -0.204539 0.332622
0.455619 0.133383 -0.134897
0.041182 0.288502 -0.420401
0.314357 0.017313 -0.424948
0.339356 -0.464584 0.07374
0.153521 0.277256 0.39297
-0.395746 0.232336 0.124965
-0.44063 -0.279025 0.132231
0.307447 -0.38446 -0.641924
-0.289305 0.06599 0.461487
-0.329146 -0.30399 0.091008
0.154495 -0.137017 -0.801516
-0.264229 -0.027822 -0.61258
0.160092 -0.550936 0.019435
-0.392402 -0.079508 -0.023116
-0.446312 0.371284 0.214388
-0.321737 -0.202833 -0.347583
0.425593 0.03818 -0.333992
0.003701 -0.507741 -0.204753
0.05565 -0.557406 0.046204
0.132195 -0.144793 -0.798361
0.10582 0.477269 0.275616
0.040442 -0.510868 -0.207068
0.526978 0.070574 0.075876
-0.347908 -0.204772 0.342508
-0.26262 -0.250073 -0.375272
-0.309016 -0.234326 -0.659251
0.202652 -0.42634 0.33413
-0.061537 -0.475781 0.295553
-0.243916 -0.088964 -0.694349
-0.506745 -0.045481 0.20234
-0.299692 -0.240193 -0.276699
-0.474683 0.098071 0.168852
-0.310345 -0.453289 0.103487
0.28868 -0.277389 0.378883
0.173358 0.18904 -0.4221
0.288502 -0.433653 -0.607752
0.249064 -0.329052 -0.765284
-0.308227 0.086804 0.455702
-0.034468 0.383572 0.390628
-0.227181 -0.446253 0.196762
-0.405088 0.008368 -0.064984
-0.082876 -0.512231 0.225287
0.295552 -0.248389 -0.835473
-0.171383 0.19935 0.494971
-0.487012 0.276183 0.272001
-0.288356 0.230543 -0.598426
-0.382868 0.245652 0.153149
-0.042536 0.545548 0.22713
-0.281652 0.39281 -0.004345
0.314048 -0.473649 0.117626
-0.280774 -0.049354 -0.585812
0.288704 -0.16843 0.432578
-0.381629 0.141898 -0.3695
-0.22581 -0.488068 0.162374
0.135498 0.090122 0.484766
-0.353622 0.48075 0.2431
0.349471 0.010326 -0.40646
-0.448566 0.312752 0.371145
-0.31608 0.490954 0.287466
0.203944 0.188574 -0.346125
-0.300552 0.255105 -0.568825
0.537242 0.146858 -0.045365
-0.531228 0.000167 0.170103
-0.377954 0.147728 -0.388345
0.489415 0.149818 0.183684
-0.188879 -0.142291 0.489437
0.329182 -0.393008 -0.353863
-0.4329 0.168409 0.201039
0.21755 -0.247669 0.434678
0.29299 -0.249942 -0.818138
0.434336 -0.303527 0.149919
0.302208 0.206548 0.369102
0.249612 -0.524041 0.025764
-0.101907 -0.514351 0.243348
-0.203226 -0.546905 0.091379
-0.239564 0.389856 -0.029991
0.467684 -0.02949 -0.290752
-0.480305 -0.255068 0.152479
-0.018999 0.38919 0.379392
0.364234 -0.133227 0.391052
0.216997 -0.531587 0.047962
0.291264 -0.269338 -0.844449
-0.42821 -0.301088 0.157498
0.32261 -0.435251 -0.387384
0.102524 0.320687 -0.260589
0.351117 -0.443681 0.106369
0.268341 -0.319372 -0.811404
-0.237899 -0.307325 -0.579894
0.529992 -0.131394 -0.115259
0.391602 0.053718 -0.342366
-0.131959 -0.261512 -0.75927
0.08524 0.464039 0.063009
-0.411317 0.077045 -0.051767
-0.368479 0.278184 0.137208
-0.253302 0.405926 0.026239
-0.305985 0.238666 -0.585591
-0.419593 0.294543 0.207129
-0.267875 0.380359 0.098625
-0.123108 0.02829 -0.70019
-0.060268 -0.551415 0.074944
-0.10277 -0.475693 -0.754456
-0.063113 -0.44382 -0.589799
-0.123552 -0.413754 -0.615488
0.531692 0.166621 -0.049755
-0.113551 -0.065376 -0.720311
0.12889 -0.555763 0.028947
0.346575 0.006728 0.403819
0.292551 -0.071425 0.444772
-0.410998 0.011789 -0.041629
-0.217405 -0.500643 -0.021125
-0.416108 -0.033295 -0.288619
0.089599 -0.4646 -0.733897
-0.251695 -0.199512 -0.718134
0.149905 -0.076875 -0.787943
0.314832 0.291817 -0.023794
0.310894 -0.34424 -0.656135
0.49101 -0.179865 0.150332
-0.06895 -0.154146 0.510737
0.433435 -0.274467 -0.171001
-0.353479 0.192267 -0.130586
0.438303 -0.24529 -0.361408
-0.359748 -0.266723 0.34089
-0.110842 -0.43366 -0.649389
-0.253695 -0.290628 -0.577526
-0.016836 -0.278199 -0.79141
0.474373 0.208157 0.02075
0.409978 0.362149 0.115178
-0.280086 -0.011376 0.481603
0.11222 0.266291 0.401181
-0.036707 -0.509769 0.211936
0.037399 0.373036 -0.207138
-0.432198 0.266066 0.412863
0.305845 -0.459467 0.159375
0.221763 -0.536089 -0.03476
0.377991 0.296967 0.255518
0.209172 0.346633 -0.034937
0.490919 -0.173928 0.133713
0.146344 -0.547605 0.07858
-0.422964 -0.059405 -0.226549
-0.191187 -0.33833 -0.537191
0.43777 -0.234074 -0.449104
0.139502 -0.071267 0.50564
0.063752 -0.559448 0.099167
0.450545 -0.203623 -0.341248
0.382838 -0.130775 -0.568124
0.351821 -0.379254 -0.516084
-0.4127 -0.247308 0.08699
0.041626 -0.526982 -0.410075
-0.31647 0.532965 0.242247
0.24456 -0.109787 -0.802792
-0.30823 0.531557 0.264763
-0.401512 -0.061213 -0.322602
-0.32874 0.284862 -0.330865
-0.308601 -0.47247 0.092465
0.347206 0.235802 -0.030109
-0.230402 -0.409736 -0.158791
-0.288527 -0.259851 -0.179547
-0.08815 0.484068 0.117888
0.170735 -0.51859 -0.18836
-0.431467 0.08779 0.160698
0.110378 -0.443927 -0.801381
-0.337954 -0.303539 0.344372
0.374545 -0.262725 0.306094
-0.222751 -0.399338 -0.117783
-0.396703 0.102003 -0.104216
-0.320326 -0.311242 0.346776
0.287836 -0.446997 -0.360002
0.273201 -0.234397 0.410214
0.269758 -0.45861 -0.538172
0.411412 -0.194484 0.295078
0.075613 -0.520742 -0.406263
-0.484116 0.381098 0.258411
0.302452 -0.150625 -0.682808
-0.471411 0.228944 0.381012
-0.03702 0.430028 0.027989
0.20404 0.320401 -0.054217
-0.421508 0.041954 -0.266471
0.518648 -0.118063 -0.040524
-0.284768 0.436972 0.408662
-0.201984 0.217323 0.484655
-0.170455 -0.403285 -0.282714
0.113379 0.102171 -0.613102
0.151444 -0.52606 -0.186636
-0.426314 -0.016584 0.088682
-0.435806 0.089058 0.347615
-0.202005 -0.32555 -0.507119
-0.07062 0.478 0.236072
0.344997 -0.126155 -0.586772
-0.364095 -0.075422 -0.444939
-0.034451 -0.567545 -0.02519
0.074767 -0.510196 -0.624767
-0.266631 -0.301393 -0.221075
-0.231142 0.308174 -0.115008
-0.399868 -0.323038 0.195007
-0.298014 0.395741 0.427079
0.256093 -0.044886 -0.733175
-0.437275 -0.116699 0.344521
0.268059 0.130974 -0.29778
0.216541 0.176307 -0.332468
0.137212 -0.053454 0.508884
-0.380961 -0.037601 -0.427071
0.502915 0.130336 0.185049
0.364118 -0.113708 -0.576777
-0.03398 -0.218571 -0.773949
-0.405532 0.275733 -0.303556
-0.398505 0.111723 -0.278056
0.064345 -0.402004 -0.836951
-0.199694 0.336233 -0.284354
0.340453 -0.393987 -0.238131
0.170778 -0.00481 -0.778206
-0.018405 0.422266 0.025802
0.236101 -0.105133 0.466791
-0.447085 -0.139748 0.321664
-0.404925 -0.291227 0.235314
-0.461914 0.257723 0.214099
-0.025634 -0.446232 0.343741
-0.348521 0.309321 0.156247
-0.329816 0.335017 0.172525
-0.198536 -0.427833 -0.18341
0.548485 0.080952 -0.121134
-0.36724 0.248992 -0.382476
-0.364693 -0.182671 -0.106996
-0.391093 0.24098 -0.2901
-0.050382 0.437573 0.069043
-0.352086 -0.202217 -0.057314
0.32562 0.067516 0.423946
-0.185652 -0.414974 -0.19813
-0.141259 -0.101101 0.531323
-0.359438 0.286928 0.158172
-0.224999 -0.425442 -0.717383
0.03706 0.322771 0.412201
-0.493911 -0.227117 0.173964
-0.184998 0.168863 0.497287
-0.366212 0.460917 0.384603
-0.359901 -0.357839 0.254373
0.448934 -0.33402 -0.037247
0.117249 -0.429898 -0.853723
0.26189 0.265816 0.355423
0.182223 -0.178338 0.471537
0.459826 -0.102728 -0.299268
-0.306856 -0.028024 -0.564684
-0.398368 0.116143 -0.22394
0.314468 0.119318 -0.26208
0.409826 -0.107302 -0.520278
0.268235 -0.460712 -0.512572
-0.340764 -0.225857 -0.084834
0.093862 0.412748 0.324059
-0.250218 0.308157 -0.266674
0.008667 -0.079455 0.51144
0.456982 -0.300228 0.010553
-0.21499 0.349645 -0.070754
0.173086 -0.492573 -0.682061
0.180595 -0.510116 -0.629798
-0.267862 0.485607 0.347782
0.444895 -0.019643 0.312717
-0.094096 0.310285 -0.443055
0.321003 0.313429 -0.027663
0.072685 -0.51937 -0.199383
-0.251181 0.296015 -0.114974
-0.437298 -0.135439 0.354413
0.285079 -0.446994 -0.521025
-0.061913 0.381742 -0.111295
0.352193 -0.148716 0.393636
0.348949 0.403819 0.088732
0.39373 0.392159 0.135912
-0.457521 0.126515 0.231325
0.158577 0.448244 0.271226
-0.389149 -0.313765 0.234447
-0.285392 0.18446 -0.614489
0.573105 0.034678 -0.085775
0.381044 -0.297128 -0.25752
-0.213398 -0.372129 -0.147875
0.16896 0.227215 -0.363391
0.029175 -0.301472 0.450785
0.011489 -0.532496 -0.504655
0.258812 -0.157594 -0.822394
0.216542 -0.013096 0.468287
0.500555 0.126039 -0.13164
-0.292894 -0.449322 0.169808
0.163609 -0.455329 -0.734001
-0.249781 -0.367743 -0.693016
-0.384653 0.124795 -0.070687
0.468314 0.201601 -0.12202
0.183413 -0.452287 -0.725425
0.190939 0.146261 -0.426005
0.095222 -0.507775 -0.27548
-0.401054 -0.307758 0.214098
0.026894 -0.407887 0.386062
-0.264468 0.200156 -0.613883
0.11403 0.263084 -0.387981
-0.053376 0.459194 0.261739
0.210481 0.19372 -0.324127
0.300711 -0.119673 -0.66025
0.379361 0.150626 -0.238729
0.048314 -0.385576 -0.828578
0.141983 -0.453259 -0.741698
-0.160439 -0.359536 -0.407136
0.294968 -0.096981 -0.658078
-0.396561 -0.064985 0.009254
-0.367499 0.323767 -0.304199
-0.405174 0.078404 -0.34568
-0.069044 0.187953 0.499693
0.427863 0.165 -0.148589
-0.016896 0.389547 -0.073814
-0.296926 0.042886 0.460601
0.549664 -0.062723 -0.080899
-0.443426 0.096062 0.044295
-0.149039 0.144401 -0.636513
-0.529247 -0.020532 0.230343
-0.191383 -0.395255 -0.20817
-0.430576 0.155081 -0.010369
-0.202236 -0.321112 -0.489052
0.180138 -0.287413 0.437927
0.04344 0.179764 0.474837
-0.410915 -0.097985 -0.138929
-0.430352 0.064154 0.348972
-0.395919 0.227251 -0.025559
-0.362328 0.180901 -0.464374
-0.410832 -0.237979 0.299106
-0.197018 0.276084 -0.523671
-0.441738 -0.124556 0.304195
0.424997 -0.321828 0.133724
-0.483488 0.33926 0.300927
-0.072868 -0.508697 -0.411941
-0.454682 -0.106326 0.256923
-0.254979 -0.313223 -0.180219
-0.370807 0.130034 -0.5114
-0.318288 -0.238184 -0.032948
-0.409574 -0.167488 0.352375
0.019387 0.290219 -0.43334
0.124091 -0.069117 0.514732
0.327406 0.071822 0.405131
0.400265 -0.350505 -0.207301
0.494743 -0.032541 0.147407
0.474363 0.005424 -0.228794
-0.149352 -0.541147 0.12707
-0.025236 0.010109 0.51913
-0.252187 0.413743 0.004613
-0.294666 -0.06773 0.468025
0.081881 -0.272344 0.465949
0.197481 -0.081463 0.47316
-0.226308 -0.445253 -0.044083
-0.324415 -0.237029 -0.069175
0.10457 -0.544881 0.118761
0.247039 0.197052 -0.150914
0.436371 0.227472 0.096068
0.310936 0.245754 0.339377
0.559005 -0.048189 0.026427
-0.349866 -0.14085 -0.399601
0.229751 0.399693 -0.037131
-0.307783 -0.082283 0.455508
-0.36842 0.136021 -0.082698
-0.379173 0.100501 -0.459761
-0.470889 -0.033423 0.134108
-0.26777 -0.15027 0.44404
0.377811 -0.192039 0.333103
-0.277644 0.50972 0.285915
0.243377 -0.454365 0.240821
-0.443904 0.030865 0.104122
-0.441553 -0.291399 0.173701
0.01209 -0.458664 -0.747643
0.117898 -0.540483 0.136737
-0.053435 0.472515 0.246432
-0.119722 0.379803 -0.124435
0.146161 0.064818 -0.755567
-0.428924 -0.07902 0.345003
-0.107208 -0.295866 -0.773005
0.130365 0.045914 -0.760783
-0.36303 -0.121988 -0.386917
-0.038495 -0.500829 -0.21441
0.017787 0.207288 0.467132
0.334201 -0.474392 -0.017419
0.214374 0.456764 0.119703
-0.047953 -0.34784 -0.799171
0.319161 -0.48185 0.019968
0.376641 -0.380452 -0.214773
-0.428204 -0.167798 0.339137
0.243642 -0.029918 -0.747451
0.286319 0.100039 0.449737
0.282291 0.140235 0.440315
-0.176832 -0.346754 -0.524308
-0.393463 0.203778 -0.026426
0.16686 -0.229928 -0.818115
-0.269132 -0.129727 0.457313
-0.2004 -0.546273 0.026763
0.209444 0.023759 0.475505
-0.264231 -0.289079 -0.153085
-0.411745 0.213692 -0.016049
-0.373177 -0.061009 0.420082
0.410839 -0.04028 0.355501
-0.168025 -0.537024 0.132632
-0.257913 0.297745 -0.381994
0.173182 0.263476 0.396922
0.292726 -0.231239 -0.78491
0.385166 0.264944 -0.006816
-0.436601 -0.063648 0.350188
-0.385982 -0.102978 -0.027445
0.398382 -0.105335 -0.53444
0.483782 -0.015104 -0.23979
-0.221127 -0.463793 -0.031403
0.038676 0.198972 0.466636
0.200998 -0.47823 -0.322494
-0.354345 0.306233 -0.075093
-0.371756 -0.167484 -0.138504
0.016386 0.26839 -0.47759
0.123805 0.5047 0.231022
0.318981 0.410119 0.17932
0.444603 -0.226178 -0.350597
0.124808 0.470237 0.216071
0.187163 0.095968 -0.501801
-0.231158 0.41483 -0.002268
0.203753 -0.520162 -0.543574
-0.177646 -0.419162 0.326122
-0.245827 -0.314063 -0.081046
-0.40639 0.074475 -0.141155
0.03562 0.076393 -0.733318
0.018875 0.069926 -0.730027
-0.394377 -0.128842 -0.183001
-0.246644 0.402963 -0.01326
0.473206 -0.077585 -0.320714
0.465221 -0.000755 -0.248239
-0.053353 0.392035 0.389456
-0.371305 0.214153 0.416824
-0.17623 -0.394099 -0.2991
0.407935 -0.088484 -0.52227
0.49211 -0.004998 -0.219925
0.28926 0.094794 -0.286296
-0.163054 -0.226191 0.443368
0.396902 0.055608 0.337546
0.188319 -0.06473 0.475748
0.45013 -0.229776 -0.370693
-0.258894 0.535416 0.221526
-0.38536 0.128416 -0.319426
0.06724 -0.556697 -0.10352
0.48207 -0.241615 0.117687
0.484415 -0.044423 0.164288
-0.285977 -0.275114 -0.665828
0.035345 0.255292 -0.48495
0.372006 -0.320203 0.256124
0.029759 -0.562461 -0.008592
0.151531 -0.062632 0.494074
-0.247805 -0.458571 0.002536
0.224817 0.036005 0.472245
-0.398602 0.296421 0.204278
-0.412596 0.277011 -0.249663
0.443373 -0.161768 -0.309126
-0.407806 0.044042 -0.099024
-0.422653 0.105718 0.143299
-0.272579 0.211806 0.445701
-0.325817 0.308694 -0.105826
0.234706 -0.531423 -0.05157
0.318363 0.098387 0.426656
-0.185683 0.271281 0.464895
-0.278185 -0.077972 -0.637773
0.378939 -0.329852 0.237075
0.42375 -0.13481 0.300723
0.384186 -0.340925 -0.481507
0.244096 0.027956 0.469802
-0.256504 -0.039906 -0.643985
-0.213932 0.397943 0.106483
-0.213689 -0.455298 -0.149721
-0.173293 0.470404 0.17641
-0.25882 -0.169929 0.449304
0.451555 0.217224 -0.111208
-0.326238 0.418023 0.406014
0.163056 0.119162 -0.491031
0.246182 -0.46393 -0.351407
-0.419907 0.156504 0.119391
-0.364307 0.152433 -0.565298
0.227849 0.016349 0.473665
-0.382005 0.119801 -0.092763
0.346324 0.380539 0.037393
-0.424086 -0.214313 0.301403
-0.155385 -0.394973 -0.429318
0.548993 -0.013823 -0.161142
-0.220695 -0.316026 -0.751524
0.153399 0.05077 0.480616
0.249249 0.296174 -0.053791
-0.170822 -0.545007 -0.027877
-0.156674 -0.340109 0.387151
0.369418 0.31585 0.242832
-0.44596 0.106181 0.029831
0.361749 0.311566 0.264621
-0.47674 0.026523 0.126321
0.349744 0.327227 0.250855
-0.463465 0.206654 0.389083
-0.384868 0.147141 -0.23745
-0.402573 0.109267 -0.242248
-0.427789 -0.191126 0.302719
-0.424167 -0.177412 0.319266
-0.068511 -0.29698 0.466126
0.383801 0.168047 -0.17853
-0.339916 -0.034317 0.439219
0.520132 0.195242 -0.058924
0.495429 0.222935 -0.068703
-0.370483 0.318412 0.194027
0.360999 0.047531 0.349802
-0.103056 -0.444787 -0.504226
-0.078169 0.135881 -0.662251
0.35202 -0.346902 -0.338634
0.517867 -0.13909 -0.073165
0.00379 -0.543144 -0.340479
-0.008968 -0.494372 -0.613584
0.416944 0.211238 -0.102004
-0.157114 -0.499675 -0.158974
0.165145 0.094682 -0.565749
-0.046619 0.174337 -0.606274
0.133059 0.498067 0.105957
0.332193 0.22038 -0.042492
0.305867 -0.120857 -0.622443
-0.199224 -0.382682 -0.653083
0.478811 -0.069146 -0.283577
-0.393007 -0.074942 -0.33905
-0.197555 0.131864 0.500037
-0.139823 -0.521359 0.223943
0.29745 -0.497324 0.040381
0.477496 -0.009901 0.255872
0.224451 0.210916 -0.189152
0.337231 -0.149633 0.407417
-0.039774 -0.007647 0.517337
-0.327427 0.311314 -0.131447
0.135652 -0.52351 -0.560956
-0.139581 -0.43364 -0.670661
0.464096 0.150788 0.24944
-0.392662 0.278799 0.05689
0.433325 -0.182477 -0.30475
0.300496 0.187589 -0.247036
0.480002 0.191527 0.039625
0.476842 -0.200906 -0.107396
0.398661 0.217451 -0.066417
0.008354 -0.530094 0.19257
0.469903 0.113114 0.266617
0.254061 0.446987 0.022935
0.228038 -0.49123 -0.452865
0.134283 0.464577 -0.015432
-0.336478 0.306789 -0.301888
0.480781 -0.141219 0.21617
0.047279 0.150886 -0.578317
0.477116 0.102259 -0.147057
0.491355 0.085614 -0.144705
0.208103 0.247486 -0.168496
-0.367243 0.158823 -0.545975
0.506835 -0.168724 -0.019775
-0.317081 -0.231778 -0.685191
-0.218185 -0.328887 0.374115
-0.431874 0.060698 0.09667
0.130728 -0.473074 0.294668
-0.201211 0.027907 0.511339
-0.451607 0.275491 0.206946
-0.421052 0.01356 -0.286717
0.245144 0.006751 0.468879
-0.340649 0.343543 0.018822
0.228298 -0.461044 -0.293958
-0.106999 0.215883 -0.585194
0.129371 0.099381 -0.664804
0.24378 -0.451771 -0.280851
-0.133548 -0.548415 -0.002138
-0.175407 0.417284 0.057864
-0.277352 -0.074882 0.472904
-0.123746 0.134803 0.513825
-0.292318 -0.259669 -0.113039
-0.063689 -0.262692 -0.776396
-0.019956 0.384437 -0.229112
0.29408 -0.487229 0.117436
0.086293 -0.34399 0.434399
0.077583 0.380054 -0.043434
0.545691 -0.027862 -0.02258
-0.118954 -0.413872 -0.558416
-0.421215 0.116044 0.376468
-0.051381 0.106943 -0.703442
0.268805 -0.475116 -0.198912
-0.222766 -0.239483 0.407495
0.245813 0.159713 0.43913
-0.251901 -0.332041 -0.675435
-0.254063 -0.357775 -0.005508
-0.424419 0.10181 -0.027915
-0.105414 0.326992 -0.406858
-0.250793 0.384977 0.113071
-0.233816 -0.518035 0.139237
-0.074204 -0.565615 -0.00596
0.326037 -0.014866 -0.468114
0.307984 0.161845 -0.140384
-0.431547 0.169184 0.06231
0.488898 -0.170729 -0.126388
0.189958 -0.527836 0.108863
0.00968 -0.561513 -0.089981
0.198953 -0.447164 -0.717892
0.359544 -0.262807 -0.63388
-0.388533 0.325551 -0.312511
0.347461 -0.385611 0.217114
0.436465 -0.32012 -0.151739
-0.310572 0.06489 -0.595035
0.231985 0.101781 -0.393701
-0.407466 0.314227 -0.310228
-0.156475 0.374713 -0.114943
-0.252916 0.494982 0.191189
0.341319 -0.232005 0.357135
0.385671 -0.320061 -0.488705
-0.496896 0.099709 0.235717
0.227233 -0.171907 0.459601
0.283076 -0.250178 -0.713433
-0.199778 0.470077 0.34635
0.301982 0.430039 0.076062
-0.022257 0.541703 0.134119
-0.146116 -0.509547 0.240599
-0.069955 0.204675 0.495369
-0.18261 0.480805 0.189814
-0.42251 -0.068797 -0.207024
0.09537 0.016317 0.525553
-0.395714 0.45963 0.347418
-0.264065 0.166116 0.468361
-0.102647 -0.49773 -0.358317
-0.383799 0.245759 -0.184553
-0.078723 0.370477 -0.289504
-0.314857 -0.417838 0.184689
0.174491 0.30028 -0.169831
0.47884 0.118784 0.251886
0.042642 0.365904 0.379061
-0.109 -0.544923 0.031245
0.444866 0.26934 0.082907
-0.203563 0.283337 -0.501258
-0.005318 0.161938 -0.602623
0.438996 -0.202078 -0.196945
-0.349109 0.21914 -0.462784
-0.114751 -0.270606 0.447462
-0.079322 0.241758 -0.553682
0.098148 0.330632 -0.240636
-0.221918 0.322829 0.428553
-0.490223 -0.084129 0.256268
-0.360278 0.318749 0.049554
0.270758 0.160052 -0.172242
-0.061559 0.206248 -0.580818
0.420082 0.133755 0.276022
-0.379974 0.052899 0.42153
0.133326 -0.440093 -0.840216
-0.293464 0.291772 -0.399807
0.428253 -0.183589 0.278308
0.461685 -0.278982 0.017286
0.475252 0.180009 0.1631
-0.264533 0.438145 0.39473
0.338842 0.177919 -0.144519
-0.4262 0.151516 0.397531
0.043441 -0.132356 0.50584
0.415766 0.223504 -0.081546
0.068218 -0.52975 -0.329188
-0.407926 0.265034 0.049431
-0.16619 -0.555613 0.060409
0.53874 0.113933 -0.004698
-0.444487 -0.199243 0.248206
0.185415 0.124593 -0.454987
-0.30213 0.120964 -0.611871
-0.301578 -0.17074 -0.602496
-0.202543 -0.462324 -0.167366
-0.345997 -0.190938 -0.246986
-0.430399 -0.146001 0.261614
-0.394695 -0.12206 -0.221221
-0.384983 0.477139 0.355036
-0.16691 0.411312 0.391942
-0.366185 0.459121 0.229881
-0.169781 -0.298734 0.403306
-0.356845 -0.191603 -0.020117
-0.358124 0.330513 0.434665
-0.486179 0.324743 0.242523
0.238377 0.173102 -0.310648
-0.293779 -0.150537 -0.591303
-0.47589 0.002467 0.120422
0.364564 -0.147859 0.381604
0.146304 0.328956 -0.157695
0.03202 0.381905 -0.163282
-0.071763 -0.353159 -0.794469
-0.289309 -0.286847 0.041286
0.47885 -0.095914 0.20147
-0.146226 -0.495241 0.259743
-0.310116 -0.196141 -0.406002
0.495759 -0.00139 0.213298
-0.272095 -0.261299 -0.293125
0.133268 0.370731 -0.060104
-0.223011 0.316904 -0.131694
0.481259 -0.131394 -0.194613
-0.130205 -0.535983 0.194542
0.367553 -0.259775 -0.618054
0.088125 -0.526383 -0.324376
0.41711 0.253516 0.006883
0.119355 -0.55441 -0.07774
-0.0676 -0.387801 0.382995
-0.013704 0.395319 -0.032491
-0.277774 -0.16047 -0.502125
0.441696 -0.350193 -0.040398
0.389856 -0.33939 -0.224092
-0.130644 -0.072546 -0.717679
0.196433 -0.295142 -0.845144
0.10025 -0.534118 -0.55613
-0.205179 -0.325069 -0.260138
-0.488117 -0.064908 0.172696
-0.474771 -0.146442 0.142709
-0.015594 0.359688 -0.296318
-0.414287 0.329666 -0.274244
-0.24153 0.207479 0.470674
0.481527 0.010932 0.248864
-0.386946 -0.190228 0.011452
0.448381 -0.097578 0.271273
0.213714 0.209586 -0.294985
0.419658 -0.338828 0.120826
-0.36349 0.169514 -0.559758
-0.087981 0.063949 0.521625
-0.105658 0.116353 0.516801
-0.059292 0.307506 0.431366
-0.294437 -0.099448 0.446582
-0.320849 0.185971 0.431472
-0.277256 0.278815 -0.441076
0.200692 -0.479277 -0.242299
-0.440714 0.067948 0.023598
0.417481 -0.039994 0.333377
0.428773 -0.037471 0.312531
-0.183661 -0.249922 0.419719
0.416292 -0.367827 0.087093
0.243381 0.278443 -0.061805
-0.043335 -0.546263 -0.162667
0.286022 0.001257 -0.50415
0.247027 -0.454232 -0.303115
-0.26745 0.069853 0.4737
0.52967 0.037907 0.100503
-0.408071 -0.085485 -0.260181
-0.192022 0.294148 -0.465652
-0.057365 -0.027605 0.515317
-0.165714 0.181503 0.501473
0.132388 -0.534613 -0.522722
-0.150578 -0.480611 0.274265
0.142003 0.449886 0.202689
0.088749 -0.539054 0.164028
0.003689 0.085119 -0.723155
-0.018222 -0.501802 -0.214786
-0.160308 -0.424653 -0.674941
-0.017427 -0.051353 0.516137
-0.389724 -0.166402 0.361726
0.17812 -0.534783 0.091908
-0.394914 0.282005 0.017693
-0.350113 0.255515 -0.418947
-0.000787 0.384913 -0.214971
0.180873 -0.527009 0.129138
-0.278671 -0.18859 -0.540887
-0.187995 0.06887 0.509352
0.001909 0.377934 0.385808
0.207541 0.085324 -0.533615
0.381056 -0.207632 0.320041
-0.47811 -0.074839 0.210565
0.071889 -0.331742 0.451479
-0.05859 -0.467618 -0.740987
0.039265 0.538984 0.244075
0.467446 0.131269 0.259283
0.009576 -0.357646 0.422666
0.17103 0.497207 0.058858
0.366918 -0.411826 0.152447
-0.143186 0.173548 -0.622496
-0.463176 -0.207848 0.246411
-0.307305 -0.247825 -0.677005
-0.473581 0.009158 0.328772
-0.324117 0.018005 0.445005
0.121101 0.378561 -0.04348
0.310729 -0.421153 -0.512774
0.383029 0.296661 0.208502
-0.151992 -0.29872 -0.762758
-0.365316 0.322828 -0.153504
0.394311 -0.346131 0.19657
0.055195 -0.554053 0.127623
-0.143473 -0.549231 0.108067
-0.322421 0.285899 -0.401788
0.139052 -0.426646 -0.780402
0.375746 -0.335697 -0.541985
-0.139172 0.262138 -0.543866
-0.036875 0.350078 -0.332499
0.391463 0.153956 -0.227046
-0.373324 -0.284007 0.100875
0.415783 -0.324096 0.157493
-0.412451 -0.047357 0.363835
-0.398295 0.240873 0.10603
-0.214377 -0.289126 -0.322315
0.207154 0.393178 -0.045189
-0.188425 0.41471 -0.021857
-0.008522 0.162724 0.49329
0.346691 -0.115567 0.41796
-0.007644 0.524964 0.086531
-0.0818 -0.558999 -0.07187
0.284341 0.034154 0.457515
0.459881 -0.031656 0.279188
0.327071 -0.404454 -0.253088
0.253373 -0.518619 -0.08587
0.511766 -0.064031 0.086888
0.49525 -0.1319 0.129028
-0.342921 -0.402927 0.122465
0.178982 0.508874 0.09748
0.077412 0.346048 0.367135
0.192991 0.497997 0.054332
0.535747 -0.106267 -0.075721
-0.431343 -0.008399 -0.197723
-0.221417 -0.309817 0.38637
0.175113 0.060833 0.475537
-0.220856 -0.206827 0.437634
-0.201828 -0.236314 0.421693
-0.525209 0.050751 0.261953
-0.251591 -0.274228 -0.522896
-0.440787 -0.137939 0.242799
0.281136 0.411873 0.214913
0.076588 0.11729 -0.622617
0.422067 -0.184469 -0.284926
0.146447 0.001162 -0.77235
-0.439138 0.063863 0.060139
0.223926 0.49202 0.070852
-0.373313 -0.226954 0.324261
-0.380474 0.0367 -0.467947
0.42616 0.068478 -0.276656
-0.36146 0.18774 -0.502622
0.150375 -0.553083 0.001408
-0.380106 0.201966 -0.30703
0.11229 -0.487953 0.287148
0.120526 -0.533397 -0.502715
-0.286605 0.036018 -0.602384
-0.355208 -0.169733 -0.288051
-0.106707 -0.534465 0.19988
-0.226617 0.311626 -0.347836
0.185541 0.249632 0.407681
-0.140535 0.486905 0.157198
-0.224838 0.32937 -0.074175
0.421265 0.053365 -0.292329
0.210649 0.057352 -0.685623
0.175422 0.446191 0.242525
0.219498 0.197882 -0.305603
0.367973 0.332325 0.206628
-0.034145 -0.243956 0.48934
0.410624 -0.376387 -0.140209
0.248693 -0.169977 0.45264
-0.066035 -0.364764 0.414238
-0.520726 0.00926 0.296826
0.105719 0.035018 0.521198
-0.07769 -0.56837 -0.050436
-0.368139 0.06784 0.43155
-0.254137 -0.4413 0.007435
0.260996 0.151649 -0.300487
0.233823 0.127371 -0.342515
-0.178355 0.186881 -0.615432
0.190774 -0.297555 0.429554
0.437679 -0.340931 -0.089921
0.461072 -0.25459 -0.070876
0.414801 0.244654 -0.015002
-0.388802 -0.102807 -0.313315
0.094482 -0.042404 0.521029
-0.405065 -0.110717 -0.179118
0.084133 0.033652 0.524098
0.4814 -0.111403 -0.206249
0.313132 0.347674 -0.032032
-0.103648 -0.524237 -0.165843
-0.09543 0.420479 0.373492
-0.067538 0.179399 -0.607813
-0.42055 0.081758 -0.034257
0.084408 0.111631 -0.677224
-0.113568 0.464979 0.266332
-0.356726 -0.047222 0.432105
-0.407058 0.071416 -0.071187
-0.132502 0.50371 0.194254
-0.41121 -0.216649 0.05068
0.203984 -0.102005 -0.803767
-0.188347 -0.529191 0.140685
-0.424035 0.001489 -0.270824
0.137086 -0.513049 -0.434684
-0.44394 -0.089676 0.097254
0.018036 -0.26184 0.471607
0.247095 -0.061843 0.452868
0.073733 -0.523823 -0.513952
0.184555 -0.508705 -0.61287
-0.307604 0.310287 -0.208907
0.385729 -0.4208 0.086132
0.50964 0.200612 -0.007305
0.385981 -0.14804 0.354721
0.490482 -0.118854 0.146816
-0.174862 -0.475945 -0.177667
-0.267183 -0.390112 -0.727189
-0.402219 -0.012644 0.378984
0.409003 0.212365 0.27203
0.122674 -0.462455 0.3161
-0.212827 0.324483 -0.114968
0.503097 -0.180251 0.00385
-0.328683 0.264009 0.432182
-0.15987 0.426038 0.133531
0.501477 -0.176481 -0.042032
0.418767 0.275395 0.136613
-0.124043 0.493716 0.21174
0.289572 -0.030066 -0.557328
0.449316 0.065874 0.287211
0.094502 0.071281 0.506828
-0.242314 -0.361816 -0.755001
0.106449 -0.525777 -0.317449
-0.263335 -0.369518 -0.733785
0.300559 0.019266 -0.44042
0.196355 -0.331214 0.412661
-0.317202 0.312768 -0.250235
-0.336463 0.281344 -0.367305
0.504624 0.181569 -0.113497
-0.03006 -0.557834 0.041796
0.035743 0.380195 -0.106748
-0.178453 -0.392534 -0.645142
-0.318594 0.288284 -0.378727
0.4908 0.201394 -0.111071
0.311589 -0.419413 -0.607103
0.507191 0.00766 -0.207668
-0.27718 -0.517196 0.059871
0.400389 0.140879 0.288785
-0.002362 0.062309 -0.725768
0.438597 0.265525 0.103748
0.421321 -0.301279 -0.407699
0.411103 -0.400982 -0.026196
0.459769 -0.271246 0.122749
0.076348 -0.462343 -0.815032
-0.296498 -0.209634 -0.590931
0.511389 0.089264 -0.137567
0.116796 -0.50826 -0.236622
0.518389 0.197909 -0.040907
-0.29491 0.537907 0.248241
0.195365 -0.485704 -0.67968
0.01419 -0.434552 -0.831963
0.434875 -0.095312 0.288626
-0.260955 -0.310454 0.375593
0.128235 -0.501839 -0.254627
0.464026 -0.133101 0.252801
0.323767 0.359418 0.225826
0.045852 0.32583 0.390922
0.422934 -0.217932 -0.520162
0.294875 -0.434046 -0.563934
0.224145 -0.467856 0.245703
-0.139958 0.042796 -0.693185
0.283166 -0.20375 0.421246
-0.202288 0.154128 0.494572
0.048666 0.161285 0.483601
0.108777 -0.178847 -0.800181
-0.326431 0.323858 -0.269001
0.43782 0.029605 -0.245453
0.22645 -0.512432 -0.150234
-0.321684 -0.104589 -0.500285
-0.431885 -0.048924 0.357529
0.450896 -0.10801 -0.279332
0.510568 0.172412 0.053732
-0.127817 0.249222 -0.559689
-0.307061 0.287553 -0.339556
-0.053683 0.09863 0.515846
0.197166 -0.502654 -0.393977
0.335575 0.083043 0.339283
0.35786 0.117894 0.320957
0.241196 0.27087 0.354695
0.120231 0.100438 -0.593815
-0.075544 0.38023 -0.126275
0.464973 -0.180886 -0.367528
0.073096 -0.519495 -0.446936
0.450815 0.038631 -0.22844
0.455989 -0.095881 -0.259698
0.445027 -0.115498 -0.26027
0.273642 0.197687 -0.228616
-0.439474 0.166051 0.399349
-0.308558 -0.212765 -0.364989
-0.206156 0.337328 -0.239422
-0.449607 0.269001 0.397971
-0.422256 -0.020189 -0.270682
0.039717 0.128487 0.497159
-0.110961 -0.458111 -0.27591
0.503923 -0.002523 0.172368
-0.111543 -0.50117 -0.200817
0.435519 -0.167019 -0.522595
0.516639 0.039734 0.135067
-0.428168 0.296361 -0.284529
-0.433068 0.06902 -0.008493
-0.099026 -0.236164 0.468232
0.415636 0.047138 0.336331
-0.278651 -0.341176 -0.70199
0.173342 0.157903 -0.452083
-0.426382 -0.008611 -0.253128
0.039948 0.399702 0.018383
-0.416599 -0.261996 0.099002
0.277725 -0.4495 -0.560683
0.37632 -0.356462 -0.493411
-0.432012 0.025876 0.02055
0.361292 0.178622 -0.152775
-0.089845 -0.45954 -0.46533
0.251891 0.208554 -0.129969
0.371491 -0.353145 -0.512958
-0.496916 0.006993 0.13281
0.437614 -0.253562 0.203726
-0.043602 -0.566048 -0.060251
0.091989 0.027259 -0.754794
0.094244 -0.406542 0.391247
0.376147 -0.304441 -0.311656
-0.23782 -0.330395 -0.067646
0.487128 0.080212 0.23449
-0.432415 0.03953 0.003427
0.247309 -0.469659 0.200551
-0.426648 0.24031 0.034465
0.530031 0.094653 -0.126777
0.245451 -0.476605 -0.459209
0.003804 0.321517 -0.376606
0.504811 0.068837 -0.145233
-0.433426 0.218629 0.032643
0.059453 0.155409 -0.560629
0.554681 0.08451 -0.0999
-0.029598 -0.07287 0.51629
0.39473 -0.348758 -0.442484
-0.499398 0.235846 0.314186
0.314753 -0.402881 -0.324465
-0.425715 0.225957 0.054946
0.09902 -0.419252 0.376634
-0.498544 0.08895 0.257064
-0.173934 -0.454571 -0.726827
0.399745 0.007953 0.382898
-0.431176 -0.270676 0.115201
-0.188877 -0.34531 -0.569109
0.168914 -0.052611 0.483944
-0.196173 0.409489 0.065785
0.337386 -0.398249 -0.485453
-0.021968 -0.529374 0.176303
0.388431 -0.18671 -0.578344
-0.421906 0.315744 -0.291467
0.290285 -0.018855 -0.540041
0.233473 0.210058 -0.168102
-0.372511 -0.253985 0.323624
-0.102941 -0.483594 -0.235495
0.314071 -0.22617 -0.667914
0.110692 -0.07697 -0.778277
0.29372 0.192195 -0.225776
-0.233484 -0.326283 -0.642046
-0.121349 0.429843 0.111982
0.222546 0.233619 0.409419
-0.025757 0.169016 -0.605009
-0.328454 0.312033 -0.153982
0.065583 0.293931 -0.383406
0.462862 -0.1946 -0.404942
0.125078 -0.502213 -0.65533
0.015203 -0.451828 -0.707204
-0.070095 0.016059 -0.715404
-0.024058 0.30128 -0.436002
-0.254514 -0.314959 -0.03127
-0.012933 -0.164732 0.502079
-0.453853 0.079091 0.312358
0.382355 0.280337 0.009348
0.162823 0.504896 0.079267
0.099603 -0.454107 -0.749319
0.141076 0.31726 0.381557
-0.440186 0.394002 0.329763
-0.180283 -0.541875 -0.010509
-0.368482 -0.150018 -0.288598
0.281571 0.436861 0.11778
0.301743 0.18031 -0.268955
0.294463 0.164336 -0.28471
0.336068 0.134872 0.327818
0.364407 -0.376685 0.203706
0.400686 0.300483 0.067965
0.338359 -0.398671 -0.36955
0.304573 -0.424791 -0.546015
-0.053875 -0.567991 -0.041919
-0.374246 0.01871 0.409915
0.1481 0.476835 0.16479
0.097135 -0.528169 -0.574657
0.384307 0.048434 0.351702
-0.051766 0.128343 -0.682455
0.003278 0.323424 0.42293
0.026369 0.319449 -0.363256
-0.363297 0.293129 -0.318494
-0.212639 -0.453901 0.205795
0.312277 -0.166928 -0.652028
-0.212692 0.072408 -0.646008
-0.460544 0.099634 0.184513
0.463244 -0.191719 -0.384726
0.438678 -0.261209 -0.423433
-0.157702 0.112272 -0.661125
-0.380181 0.299186 -0.127122
0.07012 -0.560248 -0.033134
-0.371119 0.065915 -0.504913
-0.278451 -0.406125 0.277849
0.155477 0.075575 0.477838
-0.107113 -0.189009 -0.749325
-0.267287 -0.279542 -0.005497
0.445799 -0.125166 -0.245723
-0.521834 0.06108 0.24026
-0.226283 0.260252 -0.564143
0.422774 -0.097564 0.305595
-0.386234 -0.023968 0.405837
-0.246392 0.073418 0.487594
0.161417 0.387098 -0.043834
0.258309 0.279915 -0.05236
-0.192661 -0.355045 -0.607518
0.488451 -0.162443 0.150301
0.046165 0.301235 0.399575
0.14061 0.481229 0.026982
0.284859 0.149093 -0.18545
0.157913 0.265259 -0.287315
0.271444 0.296238 -0.043828
-0.449313 -0.109497 0.282885
0.192885 -0.503862 -0.482672
0.35729 -0.351271 -0.594891
-0.427754 -0.031748 -0.163453
0.404549 -0.391184 -0.085118
0.224781 -0.096005 -0.799083
0.414869 -0.383699 -0.067447
0.242734 -0.455981 -0.25737
-0.200226 -0.104686 -0.707619
0.256199 0.062497 0.463114
0.297994 -0.036705 0.430788
0.084783 0.291022 -0.3678
0.105353 0.277778 -0.368249
0.374468 0.16447 -0.228204
0.412092 0.229714 0.22693
-0.268209 -0.146075 0.425161
0.46837 -0.043391 -0.306267
-0.381379 0.126959 -0.39969
-0.533397 0.06703 0.199732
-0.341015 -0.36666 0.116826
-0.416415 0.259363 0.034287
-0.03704 0.367709 -0.287308
0.008373 0.541417 0.093838
0.377558 0.296309 0.024584
-0.040122 0.199906 -0.57928
-0.401777 0.088569 -0.158865
0.035956 -0.429327 -0.835642
0.468308 -0.091911 -0.239348
-0.07901 -0.415838 0.358158
0.268192 -0.503626 0.097083
-0.048598 -0.488182 -0.263281
-0.26159 -0.406888 0.017647
0.150734 0.093084 -0.661626
0.282334 -0.427992 -0.631259
-0.387884 0.207941 -0.274171
-0.234318 -0.256277 -0.407727
-0.396583 0.10488 -0.172826
-0.399568 -0.10973 -0.235881
0.477563 -0.062872 -0.304276
0.322434 0.419655 0.159822
-0.372892 0.184298 -0.196965
-0.284594 -0.253657 -0.601471
0.148171 -0.510979 -0.218514
0.126669 0.396247 -0.035357
-0.04633 0.216856 -0.566113
-0.334169 0.518629 0.234229
-0.378108 -0.153478 -0.090178
-0.036291 0.113958 0.511503
0.13949 -0.299484 -0.830316
-0.144193 -0.089503 -0.718093
0.074032 -0.518475 -0.49294
0.171899 -0.485118 0.241262
0.275007 -0.197026 -0.837662
0.277575 -0.268398 -0.766749
-0.253247 -0.233655 -0.431253
0.44844 0.236387 0.021671
-0.296172 0.29209 0.441255
-0.106187 0.017169 -0.706105
0.166003 -0.122975 0.485989
-0.358444 -0.198475 -0.112886
-0.046915 -0.555255 -0.120516
-0.181572 -0.519092 0.157866
0.220512 -0.471142 -0.32799
0.257901 0.102224 -0.333322
-0.232674 -0.201527 0.451946
-0.204958 -0.193068 0.467852
-0.119846 0.308363 -0.449413
-0.045016 -0.562891 -0.078067
-0.526505 0.075386 0.220705
0.416768 -0.116943 0.312563
-0.042148 -0.050651 0.515742
0.415438 -0.082714 0.313917
0.429902 -0.114388 0.295889
0.129201 -0.015237 -0.770447
-0.423494 0.251762 0.016069
0.232948 -0.466366 0.222313
-0.238799 0.309571 -0.07583
-0.283438 -0.117356 0.441929
0.42805 0.257575 0.023008
-0.257699 0.143436 -0.623098
-0.296558 -0.416495 0.205414
-0.35322 0.035906 0.433934
-0.35583 0.016519 0.423328
0.484496 0.159895 0.207248
-0.447703 0.110594 0.339173
0.410431 -0.122441 -0.529995
0.263526 -0.443878 -0.292135
-0.299778 0.536844 0.225234
0.316661 -0.397075 -0.340901
0.187084 -0.511891 -0.404983
-0.193634 0.493983 0.201178
0.156874 0.101101 0.475219
0.269669 0.095984 -0.319985
-0.361282 -0.185263 -0.14603
-0.234248 0.469685 0.167023
-0.385945 -0.110138 0.380782
0.282378 -0.437743 -0.304569
0.274747 0.083446 -0.336314
-0.312217 -0.033891 0.459437
0.439651 0.299974 0.104632
0.072286 0.125135 -0.587269
-0.292571 0.056537 -0.604455
-0.148956 -0.535741 0.162156
0.332664 0.224882 0.339628
0.016154 0.48545 0.271642
0.169933 -0.160061 0.479393
-0.352718 -0.197141 -0.038592
-0.309767 -0.470951 0.070071
0.048005 0.348002 0.387221
-0.268387 0.22247 -0.604832
-0.071582 0.462168 0.250144
0.095076 0.1097 -0.617363
-0.205534 -0.333522 -0.57201
-0.262656 0.249274 -0.582462
0.047356 -0.121501 -0.772509
-0.013784 0.441009 0.30792
0.399244 -0.063248 -0.518408
-0.431131 0.001746 -0.218995
-0.416479 0.070734 -0.246009
0.148745 0.172963 -0.47694
-0.217897 0.202289 0.483406
-0.089268 0.419658 0.006831
-0.374915 0.180519 -0.216943
0.482653 -0.051351 -0.268247
0.046644 0.247876 0.444347
-0.13693 0.316733 -0.431657
-0.162525 0.313217 -0.431813
0.480374 -0.030646 -0.275124
-0.1778 0.41203 0.079898
0.507482 -0.016469 -0.207596
0.40046 -0.394363 -0.143568
-0.159177 0.474182 0.310077
-0.173207 0.053074 0.512404
0.364162 -0.159748 -0.597576
-0.099681 -0.440424 -0.548321
-0.367131 0.255315 -0.090037
-0.265457 -0.264112 0.388948
-0.336141 -0.159291 -0.407878
0.438188 -0.184666 -0.212414
-0.150909 -0.411847 -0.424093
0.282537 0.339051 0.271273
-0.238617 0.191439 -0.6164
0.197003 0.369516 -0.039239
-0.087151 0.027385 -0.709302
-0.002119 -0.336737 -0.807702
-0.114191 0.15641 -0.632059
-0.269889 -0.220179 -0.434383
-0.100018 0.358844 -0.321764
-0.202155 0.485449 0.183678
-0.315304 -0.161828 -0.448754
0.537877 -0.065509 0.054819
-0.25495 -0.224675 -0.49078
0.013465 0.077434 0.51055
0.183392 0.07858 -0.67423
0.239629 -0.216734 -0.834976
0.362307 -0.450672 0.036817
0.184359 -0.485004 -0.239331
-0.079927 0.382692 -0.245586
0.15027 -0.110237 0.49336
0.354872 -0.446753 0.084306
-0.091721 0.256647 -0.538646
0.031789 0.473518 0.283238
-0.281967 -0.446817 0.184554
-0.316387 -0.121913 -0.492736
-0.287305 -0.110978 -0.537076
-0.394988 0.214313 0.16405
-0.171878 -0.339916 -0.449013
-0.229389 0.052087 0.494052
-0.383125 -0.325961 0.133312
0.253941 0.315449 -0.046713
0.075715 0.450548 0.003081
0.294374 -0.207728 -0.784009
-0.272914 0.318753 -0.04339
0.049081 0.316041 -0.349865
0.420222 -0.098735 -0.508605
-0.028846 0.450256 0.285829
0.178152 -0.503138 0.205867
0.210498 0.067627 -0.650318
-0.424936 0.207462 0.064427
-0.237815 -0.248896 -0.732444
-0.396422 -0.121609 -0.105414
-0.376796 -0.025403 -0.448516
0.12356 -0.535978 0.169034
0.423553 -0.301043 -0.430168
0.133514 -0.21648 -0.810503
0.399257 -0.124494 -0.54927
0.426839 -0.338831 0.103244
0.226676 0.053214 -0.646613
-0.218682 -0.12026 -0.706955
0.201782 -0.519779 0.125764
-0.254727 -0.135141 0.48006
0.001919 -0.123812 0.513315
0.069269 -0.560829 -0.010328
-0.242644 0.385696 0.131263
0.090638 -0.559132 -0.045304
0.236897 0.259625 -0.069907
0.163644 0.087513 -0.678479
0.305597 -0.445791 0.180345
0.416125 0.007663 -0.408953
-0.005194 -0.348877 0.428849
0.379047 -0.061801 -0.534737
-0.31009 0.304867 -0.144576
0.135979 0.249241 -0.383427
0.004265 -0.50004 -0.24912
0.435132 -0.358406 -0.054162
0.4927 -0.153535 0.1312
-0.440149 -0.255103 0.101487
-0.169689 -0.410068 -0.659531
0.456364 -0.189318 -0.487148
0.386061 -0.281838 -0.289911
0.564068 0.029677 -0.12535
0.427887 -0.232047 0.242245
-0.199419 0.359709 -0.079735
-0.391422 0.202784 0.417199
0.454688 0.1001 -0.203474
-0.340986 0.46466 0.301338
0.351724 0.303663 0.282629
0.483612 0.068734 -0.172479
0.46539 0.237434 -0.028849
0.158487 -0.142464 0.48566
0.117166 0.318112 -0.242873
-0.209973 0.472761 0.168633
-0.099698 -0.100478 -0.731519
0.388442 -0.421297 0.062602
-0.109945 0.125429 -0.668475
-0.406387 -0.008741 -0.350198
0.426563 -0.204671 -0.216321
-0.045877 0.157971 0.502117
-0.28279 -0.141305 -0.698141
0.511327 0.099604 0.095674
0.383857 -0.101969 -0.55782
0.43556 0.284033 0.080025
0.358576 0.288431 0.28983
0.003232 0.149535 -0.618544
0.096518 -0.199489 -0.801525
-0.258215 -0.317178 -0.006925
0.380121 0.114385 0.313027
0.371399 0.274584 0.287015
-0.268715 -0.04834 -0.605397
0.434181 0.083522 -0.26204
0.448829 0.239549 -0.017623
-0.140674 -0.329636 0.397899
-0.307125 -0.466395 0.051506
-0.293577 -0.093368 -0.647736
0.203118 0.37359 0.28325
-0.228943 -0.429076 0.233422
0.288323 -0.261803 -0.805889
0.18361 -0.519237 -0.172758
0.393589 -0.079311 0.372631
-0.152878 -0.296748 0.410386
-0.014662 -0.109002 0.515687
-0.302647 0.130674 0.45098
-0.486737 0.275552 0.293656
-0.114327 0.379285 -0.102869
-0.173704 0.382065 -0.074163
0.195546 -0.520676 -0.156625
0.416067 -0.172291 0.298887
-0.263976 0.457592 0.380617
0.440727 -0.307027 0.100436
-0.432726 0.232341 0.015027
0.270583 0.246596 0.366433
0.204238 0.294971 -0.091259
0.399058 0.342016 0.155622
-0.365067 0.230809 -0.051607
-0.054095 0.189795 -0.593535
-0.373728 0.196105 -0.323093
-0.210699 -0.448816 0.232133
0.215515 -0.492101 -0.489933
-0.391003 0.23263 0.16828
0.205728 -0.473999 -0.263354
-0.239926 -0.062949 0.492429
0.434408 -0.326281 0.088261
-0.410239 -0.054926 0.072233
-0.267024 -0.090053 0.470132
0.224962 -0.493716 -0.511157
0.198242 0.393354 0.292901
-0.243378 -0.080624 0.492192
-0.144521 -0.003022 -0.699646
-0.122292 0.37908 -0.144038
0.483781 -0.159161 0.204284
0.080175 -0.536243 -0.365514
0.077371 -0.531921 -0.387776
-0.483706 0.292463 0.241324
0.554439 0.061644 -0.130311
0.289559 -0.266208 -0.824601
-0.310616 0.30765 -0.165319
-0.292965 0.304673 -0.175067
-0.334309 -0.178661 0.377098
0.14436 -0.012261 0.499941
0.396473 -0.202766 0.30809
0.158386 -0.534344 -0.151518
-0.417524 0.058178 0.393942
-0.075499 0.195324 -0.595648
0.169631 -0.543281 -0.088556
-0.424417 0.002755 0.019098
0.382901 0.204389 -0.074912
-0.387428 0.242479 0.136465
0.231137 -0.515936 0.101847
0.423823 -0.35761 0.067859
0.516657 -0.159031 -0.002601
-0.226472 0.053309 -0.647471
-0.055907 0.487713 0.238035
0.146407 0.403364 -0.038657
0.275021 0.216495 0.402715
-0.447314 0.305977 0.217082
0.072991 0.265775 -0.438497
-0.369111 0.210649 -0.338567
-0.309071 -0.013085 0.455042
-0.019249 0.128564 0.507126
0.13103 -0.237328 -0.813161
-0.013905 -0.462876 0.329883
-0.185515 0.1896 0.493581
0.271803 0.229037 0.384583
0.372305 0.352665 0.073526
0.254215 0.24395 0.384952
0.370872 0.336308 0.057589
-0.36738 -0.126128 -0.36211
0.400515 -0.183252 0.310057
-0.332171 0.14021 0.434226
-0.04495 0.311333 -0.424074
-0.025441 -0.529061 -0.316499
-0.38814 -0.132777 -0.087757
-0.409453 -0.105169 -0.158979
-0.400635 -0.116188 -0.19984
0.007874 -0.54979 -0.154799
-0.161509 0.049571 -0.685535
0.451455 -0.09588 -0.464044
-0.197087 0.494992 0.30454
0.450012 0.044574 0.291851
-0.401063 0.293783 -0.315735
-0.219274 -0.442056 -0.730092
0.340913 -0.456355 0.095527
0.448401 0.010644 -0.375363
-0.397215 -0.090131 -0.297282
-0.225639 0.450208 0.372295
-0.247124 0.480887 0.35387
-0.132519 0.201219 0.49635
-0.525757 0.037763 0.24181
0.241809 0.155682 -0.309614
-0.131449 0.289425 -0.493119
-0.264411 0.476451 0.367555
0.39657 -0.1156 0.350514
-0.309724 0.309662 -0.186404
0.161301 0.316329 -0.164017
0.286649 -0.253842 -0.786462
0.250884 -0.52501 -0.012812
-0.019892 0.280592 0.43975
0.133349 0.099454 -0.609354
0.309908 -0.486496 -0.082021
-0.205521 0.128381 -0.630867
-0.151229 0.349818 -0.323728
0.320012 0.198077 0.350456
0.093103 0.312079 -0.298187
0.04078 0.399027 0.343139
-0.186315 0.142066 -0.631374
0.311117 0.427183 0.060773
0.014343 0.405567 0.358612
-0.023494 -0.003113 -0.730027
-0.277602 0.539597 0.23439
-0.195676 -0.41118 0.321984
0.261648 0.342441 0.276847
0.187572 -0.447337 0.304408
0.112092 0.36445 -0.056688
0.392451 -0.406305 -0.12583
-0.375924 0.233505 -0.166484
-0.012706 -0.020173 -0.73528
0.111343 -0.521636 -0.488452
-0.188453 -0.425829 0.309542
-0.130204 0.46069 0.138146
0.159108 0.092772 -0.641473
-0.405655 -0.22564 0.065026
-0.329805 0.074171 -0.585604
-0.421728 -0.213623 0.065008
-0.178823 -0.110611 -0.71422
-0.144114 -0.427768 -0.417831
0.294764 -0.185659 0.420687
-0.034313 -0.493146 -0.23013
0.013516 -0.482572 0.299264
-0.266529 0.120569 -0.621814
0.505017 -0.180392 0.029687
0.030238 -0.461349 0.333041
0.367729 0.031701 0.381328
0.009336 -0.467229 0.335549
0.396936 -0.173289 -0.558705
-0.171436 0.088362 -0.675896
0.138381 0.09824 -0.644885
-0.395443 -0.064628 -0.009259
0.518939 -0.165268 0.019546
-0.283442 -0.300772 0.374612
-0.019279 0.203875 0.48016
0.197882 0.444005 0.264439
0.156235 0.276047 -0.265504
0.490112 0.052763 0.228473
0.009375 -0.562341 0.00528
-0.244384 -0.416474 -0.013546
-0.28959 0.53274 0.264838
0.409405 -0.278562 -0.500591
-0.252174 0.393893 0.069761
0.392689 -0.042657 -0.500169
-0.000376 -0.476941 0.316397
-0.003667 -0.5594 0.04529
-0.189914 -0.372393 -0.62927
-0.23389 -0.461385 -0.013438
-0.370454 0.197314 -0.184074
-0.008925 -0.487106 0.296735
-0.227338 -0.481518 -0.018806
0.487899 -0.053791 0.143666
-0.028982 0.117394 -0.70683
-0.224055 0.46953 0.354967
-0.425341 0.06667 -0.022804
0.498163 -0.145149 0.111508
-0.23855 0.28185 -0.438883
-0.432998 -0.057148 0.098925
0.169265 -0.534238 0.111967
0.122455 0.475146 0.057979
-0.308997 -0.235492 -0.23762
-0.073898 -0.452236 -0.695229
0.433993 0.224711 -0.097098
-0.223129 -0.288149 0.39409
0.18329 0.218399 -0.347374
-0.418254 0.131369 0.152865
0.00999 -0.537591 -0.321021
-0.242093 0.011792 -0.642501
-0.187877 -0.330338 -0.471589
-0.394511 0.341824 -0.275139
-0.088391 0.424128 0.076895
0.037822 -0.523101 -0.296304
-0.182614 -0.107487 0.519201
-0.293591 -0.507676 0.06748
0.436766 -0.272212 0.186252
-0.15515 -0.0845 0.53107
0.412197 -0.31738 -0.396897
-0.483178 0.357943 0.290189
-0.079811 -0.014835 0.516114
-0.27491 0.52603 0.272738
0.480938 -0.029296 0.243203
-0.132663 0.11567 0.516011
0.325189 -0.167109 0.408506
-0.320706 -0.435462 0.144835
0.241782 -0.441176 0.27881
-0.163126 -0.517972 0.198098
0.505073 0.008231 0.193336
0.174729 0.018478 0.480879
0.130233 -0.083778 -0.784614
-0.253207 0.398763 0.048186
-0.029248 -0.489958 -0.564383
-0.461733 0.308529 0.348153
-0.256557 0.282591 -0.42841
0.52462 -0.140331 -0.010053
0.397851 -0.399459 -0.104805
0.272094 -0.508013 -0.085294
0.541708 0.032745 0.065371
-0.528998 -0.006687 0.19153
0.213453 0.492407 0.102606
0.458488 -0.225326 -0.129619
-0.185329 0.16553 -0.626091
0.382539 0.334483 0.076618
-0.011051 -0.546723 -0.164137
-0.306361 -0.271503 0.045527
0.26676 -0.284002 -0.727968
0.466705 -0.172241 -0.468601
-0.241651 -0.155479 0.479312
0.094979 -0.521414 -0.199552
-0.192328 -0.47063 0.244422
0.065873 -0.49983 0.276426
0.479151 -0.23868 0.076284
-0.325269 0.372739 0.432797
-0.321917 -0.281722 0.078766
0.533652 -0.043731 -0.180613
0.528172 -0.124951 -0.080144
-0.123268 -0.459782 -0.417952
-0.215737 0.421184 0.032603
0.16155 0.156217 -0.469711
-0.38025 0.307868 -0.14712
0.403347 -0.332885 -0.452045
0.248239 0.436378 0.184316
-0.334534 -0.38022 0.241697
0.301347 -0.489159 -0.102417
-0.384633 0.023532 -0.448624
-0.258671 0.467035 0.169951
0.488519 0.016784 -0.216548
0.497857 0.189614 0.090487
-0.49617 0.213653 0.322807
0.43862 -0.139882 -0.237727
0.519534 0.12922 -0.130445
-0.07113 0.081966 0.518984
-0.185989 -0.504551 0.168838
0.269048 -0.168981 0.443294
0.360539 0.006016 -0.427422
0.277875 -0.261832 -0.72942
-0.260861 -0.491834 0.147661
0.176773 -0.527579 -0.521487
0.138022 -0.142132 0.490255
0.422876 -0.175378 -0.249125
0.42882 0.203403 0.201491
0.234849 -0.482104 -0.495739
0.150974 0.419121 0.318049
0.41565 0.310705 0.083569
0.322862 0.175618 0.357434
-0.124902 0.42534 -0.011616
-0.356305 0.191936 -0.482905
-0.339298 0.140848 -0.595205
-0.251189 -0.268119 -0.334295
-0.358904 0.179799 -0.146443
-0.495325 0.256427 0.304119
-0.106013 -0.484557 -0.407274
-0.38713 0.138317 -0.25626
0.119213 0.325712 0.383571
0.303139 -0.168072 -0.672267
0.476136 -0.069484 -0.340406
0.207338 -0.44965 0.295146
0.436955 0.305677 0.1214
0.358538 -0.097829 0.413851
-0.081826 -0.504879 0.24925
0.353743 -0.079011 0.423462
0.206584 -0.490496 -0.379191
-0.024572 0.054622 -0.721262
-0.239385 -0.454465 0.186321
0.15556 0.087787 -0.699427
-0.185352 0.087937 -0.661798
-0.358635 -0.187518 -0.050893
0.01176 0.10995 -0.72055
-0.293482 -0.259142 -0.093152
0.160267 -0.516358 -0.386798
-0.378341 -0.142477 -0.070064
0.378984 -0.436207 -0.082739
0.302043 -0.482656 -0.142317
-0.387532 -0.12241 -0.067833
-0.234555 0.418154 0.018708
-0.254331 0.271661 -0.521585
-0.497725 0.076628 0.277474
-0.234056 0.408443 0.039479
-0.188526 -0.070318 0.518748
0.520245 -0.133303 -0.153384
0.233959 -0.370684 0.365066
0.029212 -0.561955 -0.03241
-0.420462 0.422158 0.232146
0.277853 -0.030176 0.435224
-0.419316 0.260331 0.189085
0.309853 -0.47011 -0.161452
-0.186234 -0.306161 -0.365219
0.018513 0.383717 -0.060135
-0.197402 0.399752 -0.03995
-0.327602 0.162653 0.431462
-0.084061 -0.397824 0.371818
0.275561 -0.367093 0.31104
-0.352747 -0.294415 0.097262
0.217847 -0.494271 -0.591933
-0.392512 0.111796 -0.369749
0.292918 -0.151403 -0.753593
-0.372969 0.112996 -0.493662
-0.201814 -0.407971 -0.684015
-0.229369 -0.270387 -0.370351
-0.381697 -0.142024 -0.224495
0.055104 0.405296 0.328233
0.538264 0.005656 0.087391
0.337954 -0.394685 -0.508551
0.116302 -0.103125 -0.785465
0.251894 -0.441396 0.257918
0.263744 0.381746 0.243545
-0.209728 0.334786 -0.21359
-0.167304 -0.068261 0.524199
-0.149934 -0.001132 0.510422
-0.101594 0.378971 0.417795
0.097989 0.240566 -0.453626
0.493174 0.185586 0.056753
0.555394 -0.057063 -0.098337
0.308789 -0.1105 -0.60359
-0.141356 -0.049921 0.518268
0.099118 0.116596 -0.563547
0.129361 -0.166699 -0.801879
-0.117843 -0.545961 0.14236
-0.481844 0.271089 0.336407
0.45691 0.202755 0.083331
0.345501 -0.406446 -0.415133
0.136347 -0.121454 -0.794482
0.069293 -0.131313 -0.780105
0.251173 -0.427903 0.294157
0.489809 0.190281 0.074119
-0.376652 -0.308558 0.296685
0.168521 0.078388 -0.716131
-0.206761 -0.417254 0.305595
0.269188 0.437247 0.181554
0.173292 0.469195 0.143047
-0.310064 0.342707 0.141711
0.168974 -0.516419 -0.615262
0.196359 -0.257668 0.439912
-0.41846 0.008233 -0.302471
0.221556 -0.499675 -0.571669
-0.05968 0.165398 -0.621107
0.23257 -0.259107 0.421403
0.089763 0.114351 -0.582361
0.210552 -0.521095 0.105331
0.385907 -0.000354 -0.460121
0.471786 0.195151 0.063804
0.203798 0.269402 -0.120019
0.401575 -0.265124 0.262756
0.202824 -0.468316 -0.692615
-0.154839 0.411304 -0.042255
-0.214282 -0.313235 -0.504767
0.487497 -0.153001 -0.393995
0.105981 -0.515762 -0.218743
-0.343163 -0.234312 0.347911
-0.157839 -0.054357 0.519042
-0.049456 0.374569 0.400776
0.371237 0.100324 0.321559
0.298261 -0.492896 0.078299
-0.441633 0.432333 0.267282
0.081558 -0.179611 0.493342
0.223467 0.339229 0.290612
0.420415 -0.269329 -0.212216
-0.47132 -0.201728 0.096155
0.318779 0.151003 -0.18951
0.4255 0.325392 0.126832
0.012915 -0.551295 0.117799
-0.265028 0.372392 0.152848
-0.41172 0.037009 -0.121042
-0.031919 -0.489012 -0.250917
-0.288178 0.407353 0.179753
0.321504 0.174517 -0.217303
0.449119 -0.20869 0.234245
0.178764 -0.252783 -0.828074
0.22196 0.261988 -0.087994
0.263737 -0.369227 0.329578
-0.080759 0.167123 -0.619958
0.284284 0.054412 -0.400925
-0.199587 -0.431713 0.292675
-0.097244 0.542865 0.206572
-0.172781 0.275701 -0.52708
-0.161564 0.487786 0.226281
0.297017 -0.060217 -0.578035
-0.404853 -0.168332 0.035823
-0.308294 0.40908 0.190947
-0.186229 -0.370894 -0.233823
-0.084369 0.530726 0.224384
-0.087936 0.416548 -0.027662
0.05862 0.528781 0.256158
-0.470821 0.327677 0.227111
-0.349576 0.153585 0.425334
0.264535 -0.352525 0.3455
0.036333 -0.554765 0.109657
0.041738 -0.407411 -0.832539
0.031698 -0.435965 0.360365
-0.083909 0.32912 -0.399183
0.299758 -0.049806 -0.559818
0.402723 -0.387133 -0.123271
0.25075 0.204543 -0.259989
0.060988 -0.517672 -0.29371
-0.060679 -0.54194 -0.162367
0.48088 -0.0917 0.179905
-0.226092 -0.540702 0.058927
0.129154 0.340087 0.373543
0.212032 0.255219 -0.106749
0.491981 -0.201001 0.079336
-0.063153 0.538638 0.226813
-0.407741 0.218882 0.180478
-0.203761 0.321676 -0.349735
0.298638 0.029876 -0.4226
0.3291 -0.247515 0.359181
0.302145 -0.167482 -0.69453
-0.34366 0.194657 -0.062194
0.325117 0.055335 0.392725
-0.403307 0.244484 0.182618
0.270133 -0.293493 -0.776195
0.150042 -0.496895 -0.252231
-0.014757 0.388521 -0.096709
0.202727 0.473674 -0.000718
-0.416935 0.188827 0.096959
-0.261858 -0.254197 -0.525069
0.093511 -0.515989 -0.481091
-0.249621 -0.354915 -0.197989
0.110642 -0.249699 -0.812135
0.175452 0.255411 -0.26694
-0.27957 -0.274263 -0.12208
-0.407638 -0.071609 0.055829
0.509666 0.206681 -0.074503
-0.192604 -0.307239 -0.305834
0.446452 -0.327063 -0.090943
-0.248141 -0.189766 0.452975
0.003986 -0.496928 -0.625566
0.332683 -0.361528 -0.310493
0.186854 0.328657 -0.057177
0.235246 0.311442 -0.052384
-0.21479 -0.339136 -0.245551
0.148264 -0.520096 -0.618386
0.309719 -0.150406 -0.641076
-0.255696 0.02222 -0.627313
-0.299135 -0.368642 0.309602
-0.44113 -0.216653 0.076257
-0.304796 -0.227786 -0.634126
-0.240908 -0.500693 0.151544
-0.186997 0.34708 -0.24905
0.252586 0.460046 0.039967
0.287548 -0.128572 -0.745536
0.053625 -0.534625 0.193231
0.248869 -0.193349 -0.830868
-0.260754 -0.240221 -0.507014
0.333716 -0.427478 -0.426473
0.442806 0.209839 0.102556
-0.285272 0.484293 0.360891
-0.130127 -0.309523 -0.770373
-0.471115 0.292542 0.227721
-0.039004 -0.566304 -0.00567
0.464284 0.208018 0.044354
-0.036508 -0.506349 -0.288905
-0.285646 0.174639 0.446113
-0.399824 0.112737 -0.058259
0.411222 -0.230572 -0.247517
0.394297 -0.212002 -0.57949
-0.150979 0.428227 0.390383
-0.265542 -0.288801 -0.131389
0.205791 -0.51298 -0.564454
0.499655 -0.123084 0.108035
-0.205691 -0.337491 -0.128948
-0.415959 -0.08586 -0.206715
-0.317549 -0.133193 -0.480006
0.143492 0.21579 0.448934
0.437841 -0.265284 -0.399631
-0.197067 -0.237627 -0.7385
0.391853 0.039449 0.364584
-0.188955 -0.277483 -0.749392
0.215038 -0.537442 -0.056333
-0.047367 -0.394237 0.383268
0.433856 0.035931 0.332535
0.137419 0.293742 0.392035
0.074417 -0.522504 -0.310503
0.071395 -0.525535 -0.533112
-0.424941 -0.024096 -0.142617
0.222234 0.234711 -0.135108
-0.229821 -0.191051 0.468963
0.408434 0.098259 0.312025
0.367742 -0.335303 -0.254105
-0.069227 0.31056 -0.434448
0.213627 -0.533334 -0.078561
0.331092 -0.070249 -0.559417
-0.165939 0.452994 0.35972
0.373099 -0.445651 -0.031491
0.320525 -0.386883 -0.32461
0.002946 -0.276357 0.467249
0.056765 0.362971 -0.213177
-0.281726 0.014802 -0.603341
0.162229 0.43423 0.234552
0.081738 0.325165 0.377479
0.394798 -0.326884 -0.470166
0.083737 -0.514273 -0.217899
-0.233391 -0.329744 -0.089108
0.444807 -0.226328 -0.391446
0.500271 -0.075981 0.104686
0.37641 -0.295474 -0.296377
-0.405223 -0.101631 -0.10239
0.09471 0.097301 0.503541
0.085082 0.303827 0.385947
-0.311074 0.381566 0.018672
-0.151001 -0.438771 -0.690341
-0.312127 0.367297 -0.013368
0.361658 -0.441401 -0.13414
0.286191 0.034774 -0.438059
-0.361271 -0.104202 0.393234
-0.045712 -0.473895 -0.559298
-0.171336 -0.357602 -0.56471
-0.137407 0.332751 0.440482
0.257278 -0.28081 0.395766
-0.021489 0.311545 -0.412239
0.252232 0.259999 -0.053429
0.005327 -0.523726 -0.539534
-0.243765 -0.225325 -0.725757
0.275955 0.004048 -0.561685
0.081882 -0.542521 -0.158447
0.274886 -0.425564 -0.65135
-0.276643 0.366953 0.136556
-0.044719 -0.529654 -0.325213
0.223227 0.080829 -0.49731
-0.404742 0.198682 0.168862
-0.224968 -0.028027 0.494189
-0.225345 -0.207459 -0.72557
-0.309071 -0.189606 -0.422164
0.478856 -0.065137 0.160067
0.379383 -0.046102 -0.518841
-0.427532 -0.009579 -0.160076
0.304413 -0.425629 -0.279553
0.416517 -0.319739 -0.441685
-0.236669 -0.514206 0.009743
0.511176 -0.088359 0.086626
-0.115401 0.451101 0.122657
-0.389261 0.130255 -0.274879
-0.404673 0.441313 0.25788
0.386229 -0.295147 -0.495695
0.163562 0.221262 0.417643
-0.283489 -0.130461 -0.524984
0.226563 0.323452 0.307741
-0.214691 0.319246 -0.323671
0.301474 -0.495639 -0.011817
0.045339 -0.512457 -0.272804
-0.259212 -0.153612 0.464705
0.474767 -0.060402 -0.360514
-0.2208 -0.39725 -0.691161
0.416505 -0.303016 -0.470276
0.394807 0.379929 0.148277
0.117887 0.102484 -0.647476
-0.170443 0.101004 -0.661105
0.511044 0.208501 -0.027707
0.521596 0.187289 -0.022766
0.103188 0.299342 0.3898
-0.044033 -0.454496 -0.614433
-0.265501 -0.080796 -0.687888
-0.204583 -0.405547 -0.773737
-0.100547 -0.093739 0.528414
0.127347 -0.398881 0.382817
-0.08797 0.409502 0.385819
-0.390322 0.162273 -0.030836
-0.106881 -0.426263 -0.562269
0.3799 -0.325894 -0.559555
0.246245 0.407214 -0.021042
0.266248 0.024399 -0.564718
0.364381 0.014932 -0.385403
-0.322613 -0.195264 -0.370276
-0.111603 -0.345051 -0.782829
-0.077478 0.412248 0.371959
-0.288113 -0.178034 -0.469589
0.122259 -0.473591 -0.72136
-0.274869 0.539365 0.256424
-0.397979 -0.220057 0.311884
-0.430066 -0.018916 -0.180008
0.49131 0.163744 0.165344
0.11681 0.35723 0.36102
0.390611 -0.422437 -0.061444
-0.129211 -0.453535 -0.403193
0.305969 -0.029027 -0.504597
-0.399603 0.055753 0.410033
0.039507 0.491636 0.278841
0.349055 -0.143069 -0.601035
0.169671 0.200552 0.430611
0.200876 0.490592 0.033649
-0.196249 0.31079 -0.407502
0.23335 0.28677 0.341366
-0.120076 0.398064 0.406677
0.405217 -0.305217 -0.225284
0.156823 -0.050805 -0.784236
0.39444 -0.397745 -0.163681
0.100915 0.471126 0.080395
0.099687 0.301279 -0.315378
-0.090651 -0.257005 0.469853
-0.377204 -0.132196 0.004593
0.096631 0.067892 -0.749029
0.248077 0.384076 -0.029135
0.414557 -0.016915 0.368545
-0.175148 -0.539309 -0.068969
0.233301 0.483919 0.053964
0.227621 -0.363959 -0.76235
-0.347438 -0.144088 0.391511
-0.158325 -0.378929 -0.420181
-0.279732 -0.435667 0.199697
-0.311649 0.314556 -0.046395
0.423021 -0.171744 -0.534551
-0.423404 0.013483 -0.15977
0.203795 0.40964 0.280801
-0.120016 -0.548704 0.103293
-0.359979 -0.19378 -0.09299
0.182495 -0.436227 0.32513
0.166729 -0.505989 -0.216656
-0.127536 0.271582 -0.526054
0.177379 -0.415806 0.355156
0.442316 -0.224344 0.229794
0.229451 -0.439031 0.301678
-0.319373 -0.237173 -0.135044
0.184886 0.230858 0.411333
-0.121004 0.338097 -0.377463
0.04995 0.566845 0.181057
0.250923 0.241025 -0.068369
0.123913 0.484136 0.20124
-0.371008 -0.139239 -0.30782
-0.377924 0.159037 -0.367576
0.517632 -0.144419 0.057694
0.256294 -0.476814 -0.52439
-0.207954 0.153 -0.62547
0.421046 -0.306127 -0.212038
-0.159932 -0.363144 -0.38045
0.11857 -0.323439 0.43842
0.383475 -0.391142 -0.196338
0.142196 0.236582 -0.39986
-0.233636 0.163399 -0.621223
-0.001867 0.388532 -0.062565
-0.140264 -0.162043 0.484243
0.383889 0.163857 -0.210495
-0.494843 0.255102 0.327133
0.310603 0.081004 -0.314807
0.317512 -0.040343 0.429991
0.095528 0.521457 0.160643
0.44787 -0.143532 -0.488201
0.242252 -0.485091 -0.513206
-0.206545 -0.35076 -0.627166
0.25694 0.187523 -0.216999
0.350705 -0.355545 -0.357924
0.083827 -0.506656 -0.255519
-0.197521 -0.336289 -0.553511
0.201384 0.441849 0.151084
0.069362 -0.457778 -0.797228
-0.207989 0.182922 -0.618645
0.442974 -0.156369 -0.505641
0.522079 -0.029662 -0.195009
0.349302 -0.382487 -0.382412
0.035097 -0.047716 0.509976
-0.175608 0.037564 -0.684047
-0.472441 -0.245513 0.221503
0.067922 0.554382 0.146595
-0.278661 0.194306 0.445034
0.522665 0.024277 -0.192268
-0.240679 -0.25351 -0.46658
-0.065716 -0.236031 -0.769982
0.133803 -0.225373 0.473144
-0.136798 0.486822 0.229027
0.444618 -0.341982 -0.05612
-0.334616 0.097225 -0.589567
-0.437553 -0.037025 0.103213
0.474541 -0.124212 0.232221
0.319148 0.165676 -0.201917
-0.34275 0.345035 0.438156
0.449871 -0.243686 -0.1339
-0.150943 0.48361 0.247935
-0.38445 -0.08938 -0.355345
-0.470853 0.083348 0.152672
-0.211305 -0.34763 -0.149834
-0.356155 0.153297 -0.072737
-0.319862 0.345122 -0.018737
0.010774 0.567446 0.160622
-0.03122 0.148844 -0.635905
0.023501 -0.089167 -0.759444
0.202362 0.069087 -0.670295
0.219133 0.065552 -0.629656
0.070145 -0.559223 -0.057444
0.419552 -0.290174 -0.224768
-0.468331 0.110687 0.198025
-0.40093 0.301474 0.417072
0.546932 -0.015289 -0.006974
0.121691 0.30816 -0.262681
0.009508 -0.515811 -0.559623
-0.047108 -0.537067 -0.344825
0.190759 -0.227932 -0.824325
-0.183688 -0.403851 0.333236
-0.463057 -0.032562 0.343266
0.218156 -0.411711 0.342559
0.065327 0.139806 -0.57378
-0.27141 0.391317 0.059494
0.372494 0.003401 -0.444811
0.464506 0.240223 -0.048789
0.348756 0.030646 0.379212
-0.416538 0.283052 0.416415
-0.230092 -0.404363 -0.182346
-0.211626 -0.275856 -0.380843
-0.092028 -0.43973 -0.567766
0.30013 -0.427293 -0.297661
-0.335753 -0.015139 0.430796
-0.111266 0.20108 0.495427
-0.187881 0.342921 0.425274
0.359778 -0.332147 -0.27745
-0.306688 -0.267733 0.374691
-0.155855 -0.360918 -0.459111
-0.265012 -0.321719 0.044603
-0.290585 0.261915 -0.546433
0.228974 -0.524834 0.065805
-0.052071 -0.214697 -0.76862
-0.220184 -0.508022 0.153766
-0.439556 0.015994 0.356274
0.030289 -0.515875 -0.569715
0.161629 0.323593 -0.144608
-0.209001 -0.294832 -0.305337
-0.098306 -0.424261 -0.581318
0.090673 0.364493 -0.056478
0.257846 -0.477831 -0.421162
0.453241 0.197794 0.136112
0.480858 -0.071897 -0.232664
-0.113445 0.479493 0.124957
0.120094 0.196705 0.473804
-0.114955 0.53869 0.147945
-0.213509 -0.373212 -0.663478
-0.073391 0.424041 0.021411
-0.242946 -0.022952 -0.665795
-0.209706 -0.390028 -0.672167
-0.058285 0.136135 -0.665791
-0.378085 0.334953 -0.229282
-0.301412 -0.177792 -0.451824
-0.067526 0.388543 -0.167071
0.39038 -0.298014 -0.325544
-0.302461 -0.399548 0.24392
0.401469 -0.254174 -0.301095
0.45285 0.201382 0.117973
0.349751 -0.13286 0.405875
0.160593 0.435103 0.30588
-0.19607 0.03546 -0.679507
-0.070888 0.384543 -0.146141
0.355391 0.186991 -0.130058
0.057785 0.126601 -0.628767
0.32635 -0.470547 0.096585
0.00649 0.35105 -0.305332
-0.38124 0.148021 -0.272275
0.49047 -0.214172 -0.024746
-0.064582 0.417655 0.357357
0.386113 -0.383451 0.152655
-0.218085 0.327653 -0.274197
0.351181 -0.321581 -0.619922
-0.058299 0.373063 -0.27752
0.361502 0.196927 0.331947
0.483646 -0.072234 -0.379145
-0.182143 0.331636 -0.354952
-0.417228 0.026007 -0.140656
0.052466 0.072645 -0.738132
-0.038268 -0.064606 -0.738737
-0.209172 -0.14394 0.486214
0.558763 -0.04862 0.008014
-0.322196 -0.187747 -0.391294
0.018774 0.548802 0.231972
0.066175 -0.50099 -0.640788
0.43614 -0.22139 -0.33121
-0.336908 0.119677 -0.593129
-0.481746 -0.192239 0.115881
-0.308378 -0.401378 0.223229
0.143515 -0.531459 -0.503285
0.04819 -0.492931 -0.65516
0.443071 0.284881 0.095429
0.367959 -0.211794 0.336641
0.046643 0.563451 0.202906
0.529986 0.147145 0.001994
-0.099001 -0.459596 -0.320272
0.440631 -0.360715 0.004274
0.193703 0.450781 0.243167
-0.184305 -0.024535 -0.693817
0.021617 -0.473034 0.317857
0.025791 -0.182135 0.498571
-0.392043 0.058023 -0.42762
-0.136234 0.358421 -0.307035
0.380578 -0.417738 0.108878
-0.484045 -0.029373 0.329559
0.124053 0.005793 -0.766059
-0.229645 -0.357747 -0.235802
0.186701 0.229272 -0.302328
-0.394422 0.222613 -0.257909
-0.195397 -0.305591 -0.405906
-0.4726 -0.057047 0.331925
-0.245501 -0.398345 -0.016528
-0.050311 0.389941 -0.152671
-0.458374 -0.280819 0.178681
0.413532 -0.053926 -0.495492
-0.045513 0.515711 0.10484
0.323737 0.415087 0.055716
0.246423 -0.376291 -0.734219
0.041256 -0.447289 0.344059
0.199993 0.238401 -0.233181
-0.475668 -0.199834 0.207765
-0.390847 0.249146 0.418896
-0.411343 0.236949 0.422704
0.404967 -0.356841 0.130506
-0.470963 -0.010547 0.338482
0.38025 -0.299632 0.262438
0.389252 -0.083452 -0.535666
-0.015307 -0.557734 0.064328
-0.170664 0.412005 0.115175
0.387534 -0.115881 0.368651
-0.369865 0.290718 -0.036102
-0.148441 0.295504 -0.48112
-0.224289 -0.292303 -0.745302
0.503185 0.178763 0.072917
-0.189943 -0.011692 0.504657
-0.15258 0.364441 -0.246698
0.367302 -0.195388 0.352911
-0.09839 -0.022594 0.513706
0.457596 -0.297479 0.033452
-0.097665 -0.51002 -0.375415
0.460911 -0.274031 0.0738
0.010389 -0.196709 -0.780059
0.233422 0.227639 -0.100715
-0.411589 0.064182 -0.166193
-0.265013 -0.004037 0.488406
-0.208681 -0.381826 -0.125141
-0.187948 -0.328585 -0.270435
0.215 0.496495 0.08521
-0.473753 0.027396 0.318932
0.285096 -0.411299 0.250546
-0.337974 -0.198473 -0.266533
-0.243744 -0.386723 0.331311
-0.313343 -0.212423 -0.647707
0.410615 -0.207094 -0.539401
-0.091191 -0.523747 0.208838
-0.313773 -0.193791 -0.636913
0.383059 0.387568 0.100755
0.361483 -0.456587 -0.046565
0.340632 -0.335076 -0.628498
-0.155863 -0.113136 -0.720452
-0.299898 0.516077 0.209963
0.233951 0.00836 -0.724808
-0.278707 -0.480366 0.141505
-0.04808 0.230737 0.478039
-0.339892 -0.01698 -0.529502
-0.309289 0.26061 -0.462518
0.197862 -0.406368 -0.812852
-0.377873 0.209432 -0.397443
0.345119 -0.059974 0.426255
0.389901 -0.399852 0.121381
0.34361 -0.462267 0.046654
-0.29933 -0.397768 0.266039
-0.152242 -0.389688 -0.492459
-0.215549 0.483049 0.335646
0.109102 -0.052198 -0.772402
0.350248 -0.343042 -0.614406
-0.253835 0.27499 -0.453921
-0.343354 -0.120612 0.397771
-0.129401 0.292427 0.455164
0.461015 -0.273301 0.098712
-0.036435 0.53232 0.119004
0.314236 0.429361 0.093154
0.292838 -0.493176 -0.123212
-0.246544 0.058187 -0.633608
-0.131201 -0.132528 0.518407
0.092966 -0.248912 0.470946
0.33811 -0.339661 0.277768
-0.331149 -0.161022 0.391813
-0.3897 0.297256 -0.162785
0.24989 -0.518944 0.063665
0.156673 0.222038 -0.403282
0.49557 0.161874 -0.120524
0.242685 0.005236 -0.704482
-0.18974 0.359868 -0.098225
0.167787 -0.427109 0.341053
0.126995 0.286823 -0.300658
-0.108018 0.280017 0.461555
0.432783 -0.039696 -0.482946
0.209677 -0.069995 0.467154
-0.184882 -0.460185 -0.749132
-0.064234 -0.55092 -0.108017
0.354197 0.18009 0.332941
0.528837 -0.103518 -0.052948
0.334343 -0.077064 0.432782
-0.13321 0.238173 0.484699
0.062462 -0.534841 -0.350253
0.091725 0.105423 -0.708845
-0.035353 -0.15362 -0.759202
-0.433692 0.102039 0.094009
-0.143457 0.385511 0.410622
-0.015176 0.35058 -0.319362
0.295055 -0.146644 -0.73019
-0.379539 -0.130012 -0.289794
-0.141748 0.258661 0.477458
-0.226306 -0.533796 0.125571
0.005317 -0.383026 0.416117
-0.124816 0.354122 -0.330243
-0.150329 -0.417873 -0.401176
-0.117305 -0.455442 -0.43491
-0.118051 0.099394 -0.687063
-0.293626 -0.230249 -0.360787
-0.084721 0.07595 -0.700941
-0.347279 -0.214105 -0.119728
0.410276 -0.20312 -0.280153
0.119178 0.142315 -0.518562
-0.415303 0.179076 0.116556
0.371586 0.184411 0.322284
-0.371752 0.259048 -0.317863
0.149269 0.499354 0.124197
0.275135 -0.319225 -0.83255
0.280139 -0.314379 -0.851097
-0.226962 -0.286483 -0.309702
0.084135 -0.039202 -0.763411
0.155661 0.252376 -0.33149
0.253483 -0.079864 -0.783368
0.199857 -0.124229 -0.806451
-0.142753 -0.432012 -0.383655
0.352923 -0.395444 0.197146
0.234686 -0.455822 0.26267
-0.487746 0.108559 0.19712
-0.097805 -0.472235 -0.778344
0.330383 0.408254 0.008041
-0.396012 -0.046924 0.376823
-0.338336 0.319761 0.134795
-0.037929 -0.455653 -0.669368
-0.397329 -0.256234 0.08844
-0.273654 -0.194999 -0.472183
0.068756 -0.519714 -0.588834
0.454309 -0.17836 0.248669
0.290196 -0.123135 -0.72213
-0.395031 0.356905 0.403583
-0.21704 -0.305185 -0.485252
0.263887 -0.474798 -0.443738
0.228846 0.433804 0.228034
0.285149 0.195991 -0.242058
-0.138239 -0.542911 0.143503
-0.178676 -0.388935 0.344153
0.240952 -0.481007 -0.436841
-0.230402 0.007846 -0.662476
-0.386921 0.047208 -0.447576
-0.384911 0.102428 -0.424414
-0.055104 -0.564149 0.004944
0.358272 0.379774 0.174597
0.07968 0.447153 0.026562
-0.39064 0.080833 -0.425906
0.378796 0.187056 -0.139305
-0.156791 -0.46671 0.288573
-0.330247 -0.226692 -0.143671
0.108305 -0.517236 -0.296139
-0.115609 0.005545 0.514665
-0.014173 0.215511 -0.554725
-0.050654 0.02487 -0.719033
-0.430699 0.379442 0.35271
-0.414625 0.158722 0.160574
0.395173 -0.019648 0.389928
-0.532765 -0.033829 0.269325
0.540061 0.09737 0.001486
0.315876 -0.411768 -0.290835
-0.378768 0.221977 -0.214112
-0.435896 0.349955 0.215244
-0.434519 0.083323 0.096793
0.276544 -0.44336 0.217735
-0.007438 -0.514741 -0.550736
0.349529 0.193136 -0.10587
-0.321213 0.311028 -0.286576
-0.128476 -0.034804 -0.709939
-0.266614 -0.289732 -0.062279
-0.187894 0.41683 0.387635
-0.122762 0.439171 0.357167
-0.324268 0.439119 0.3968
-0.288667 0.374108 -0.016743
0.270216 -0.494239 -0.163279
-0.388972 -0.301268 0.255751
0.107749 -0.373243 0.408353
-0.437866 -0.117878 0.202918
0.40872 0.305857 0.155139
0.344856 0.167554 -0.249579
0.256241 -0.456605 0.220193
-0.186696 0.347339 -0.179096
-0.132546 0.38296 -0.089904
-0.461748 -0.082399 0.106573
-0.376151 -0.06278 -0.425049
0.143357 -0.368062 -0.847662
-0.497739 -0.100366 0.132219
0.273243 -0.273175 -0.857254
0.258844 -0.504037 0.111298
-0.134692 -0.446862 -0.388545
0.236649 -0.447897 -0.685327
0.208688 -0.212618 0.452282
-0.052784 0.288211 -0.476777
0.201142 -0.235007 0.446999
0.17914 -0.387821 0.38208
-0.207813 0.405027 -0.025209
-0.395808 0.06876 -0.407936
0.281561 -0.427104 0.234289
0.090371 -0.513933 -0.616626
0.131857 -0.101612 0.502923
-0.405615 0.434231 0.293473
0.196913 -0.500779 -0.622408
0.060078 0.254598 0.43207
-0.378603 -0.073285 -0.401602
0.36174 0.123885 -0.262985
-0.205143 -0.313977 -0.466959
-0.206856 -0.304368 -0.444889
0.488965 -0.209787 0.040379
0.153308 -0.523148 -0.489593
0.384964 -0.434926 -0.015973
-0.322547 -0.229559 -0.197155
-0.337307 0.272273 -0.41028
0.126785 0.217354 0.462365
-0.206898 -0.129099 0.497637
0.252413 -0.411392 -0.707567
0.262307 -0.440728 0.236972
-0.152861 -0.405292 -0.448071
-0.409684 0.322562 0.415193
-0.03663 0.244747 0.463483
-0.011008 0.239209 0.454749
0.174591 -0.511078 -0.20324
0.420092 -0.258554 0.221347
-0.200806 -0.053829 0.508648
0.063628 -0.022246 0.515327
-0.406856 0.057186 -0.35048
0.347013 -0.181961 -0.629904
-0.217839 0.137138 0.491392
-0.410917 -0.09785 -0.194779
0.037374 0.136563 -0.635041
0.332161 -0.144682 -0.613683
-0.089721 0.237032 0.487988
-0.233452 -0.160254 -0.712975
-0.405802 0.037407 0.398165
-0.121257 -0.142516 -0.735518
0.026998 0.376227 0.388293
-0.243357 -0.331736 -0.748848
-0.108209 -0.51359 -0.186732
0.199739 -0.403714 -0.775052
-0.24257 0.285094 0.437845
0.232684 0.416306 0.250079
0.442406 0.123955 0.283246
0.36657 -0.006888 -0.462479
-0.117943 0.3729 -0.266915
0.364737 0.007169 0.401396
-0.402477 0.072354 -0.369509
-0.370709 0.224368 -0.356648
-0.236761 0.008936 0.502007
-0.152152 -0.379807 -0.442706
-0.10378 0.522157 0.215445
0.154947 0.370263 -0.055968
-0.131899 -0.521678 -0.111512
0.494174 -0.17101 -0.086341
0.157452 -0.387374 -0.854383
-0.023385 0.547251 0.169529
0.292377 0.432744 0.095851
-0.148141 -0.381589 -0.515224
-0.239099 0.233536 0.463219
-0.286929 -0.193043 -0.45348
0.066621 -0.203621 0.489797
0.175068 -0.411245 -0.771581
0.426289 0.232192 0.138306
0.548739 0.059518 0.000897
0.507478 -0.039362 -0.209023
0.494619 0.206709 0.005879
-0.3831 0.445477 0.252255
-0.36527 -0.323001 0.120938
0.230837 -0.078071 0.46186
0.418504 0.109519 0.30417
0.43169 0.237905 -0.02638
-0.004861 0.551447 0.127653
0.05931 -0.526461 -0.184765
-0.236428 -0.194634 0.435166
-0.173647 0.328777 -0.374886
-0.285144 -0.20561 -0.436186
-0.039888 -0.327052 -0.796552
0.344283 0.159375 0.330714
0.090067 0.300745 -0.333911
-0.011461 -0.087927 0.513944
-0.008225 -0.500669 -0.593283
-0.359894 -0.245466 0.042914
-0.368768 0.24698 -0.358842
-0.223021 -0.492176 -0.115481
-0.199249 0.403784 0.089173
0.277601 -0.027169 -0.617734
0.140408 0.161397 0.484347
0.257766 0.212361 0.412641
0.399801 -0.197592 -0.559041
0.082545 0.1106 -0.69515
-0.058985 -0.490464 0.268578
-0.283547 -0.491088 0.036625
-0.107048 0.557293 0.192803
0.056156 -0.475792 0.306169
0.319289 -0.128601 -0.608734
-0.347146 -0.034201 -0.510682
-0.306625 -0.248397 -0.697044
-0.415048 -0.111307 0.048051
0.408706 -0.139329 0.320388
0.564844 0.047842 -0.118148
-0.056285 -0.461195 -0.576626
0.105793 0.222675 -0.472515
0.274813 -0.011096 -0.600859
-0.381444 0.276993 -0.126093
0.224043 -0.425938 0.324308
0.358869 -0.358447 -0.573456
-0.255896 0.53113 0.264707
-0.116745 -0.528528 -0.106835
-0.062915 -0.522048 -0.315707
0.441494 -0.073462 0.278297
-0.067825 -0.530341 -0.354437
0.159908 -0.532971 0.131783
-0.281549 -0.076797 -0.674453
0.143471 0.454567 0.254358
-0.162739 0.264329 -0.544688
-0.04797 0.52649 0.23705
0.411357 0.28198 0.049243
-0.306686 -0.221368 -0.342469
-0.470356 -0.202803 0.227567
0.167981 -0.074862 0.484059
-0.051397 0.504903 0.237291
0.140572 0.138728 0.486878
-0.365392 0.314553 -0.132913
0.43609 0.238456 -0.07314
0.457111 -0.196339 -0.363544
-0.386 0.128259 -0.37973
0.131349 -0.038724 -0.775345
0.115477 0.493091 0.086055
0.244352 0.120592 -0.327643
-0.048742 0.264028 0.456417
-0.203017 0.238117 0.477884
-0.275966 -0.245157 -0.357136
0.314521 -0.074374 0.441526
0.492221 0.033434 0.224201
-0.243965 0.02978 0.492137
0.397663 0.191417 -0.12858
0.148623 -0.08617 0.49508
0.127603 -0.530259 0.185479
0.396709 0.182199 -0.14531
0.198836 -0.528866 0.08874
-0.020443 -0.381336 0.41695
0.186782 -0.535025 0.071828
0.301391 -0.092173 0.446493
0.009232 -0.399658 0.395979
0.04631 -0.55191 -0.134976
-0.440995 -0.095285 0.332377
0.182284 0.039067 -0.768168
0.499049 -0.094795 -0.202179
0.454277 -0.21286 0.216673
0.332275 -0.005109 -0.450512
0.00326 0.284238 0.435817
0.401916 0.15329 -0.209447
-0.370643 0.307316 0.032161
0.287683 -0.110857 0.450751
-0.489119 0.361111 0.268682
-0.255685 0.010765 0.489751
-0.383517 0.265755 -0.144708
-0.177271 0.36526 -0.117055
-0.275446 -0.065581 -0.65794
0.333773 0.177922 0.341553
0.365723 -0.350392 -0.373327
-0.303429 -0.148953 -0.614609
0.178375 -0.513629 -0.597279
0.443514 -0.308386 0.080611
0.108257 0.290317 -0.33026
0.15928 0.004899 0.490549
-0.058451 0.084454 -0.706616
0.385156 0.355414 0.16428
-0.488946 0.318423 0.292195
0.179563 0.158256 0.439677
-0.355472 0.14731 -0.121083
-0.36226 0.168598 -0.488117
0.032663 0.43594 0.310848
0.345721 -0.320424 0.285896
-0.071015 0.267099 0.462644
0.139509 -0.42748 -0.854377
-0.434216 -0.170491 0.301478
0.369241 0.346495 0.036041
0.271273 0.218403 -0.095694
-0.166853 -0.122981 0.516258
0.108999 -0.391759 0.393014
0.457594 0.186405 0.2223
-0.481009 0.378734 0.281443
-0.070456 0.018401 0.52
0.112633 0.202889 -0.488027
-0.298017 -0.264339 -0.682441
-0.409114 0.087086 -0.206544
-0.249915 -0.304042 -0.617504
-0.346602 0.318802 -0.16441
-0.078265 -0.520959 -0.333248
0.537054 -0.011447 0.088857
0.150684 -0.533128 0.151456
-0.047376 -0.533899 -0.384865
-0.092297 0.267782 0.469385
-0.281567 0.263361 -0.482725
-0.380422 0.172314 -0.385009
-0.29839 -0.045582 0.473071
-0.356322 -0.290628 0.335918
0.126699 -0.558438 -0.037045
0.332503 -0.472839 0.009435
0.294528 -0.014945 0.426492
0.284204 -0.051266 0.439313
0.412398 0.247989 0.157237
0.449431 -0.259412 -0.119805
0.113453 0.053344 0.503938
0.063419 -0.05861 -0.762584
0.164516 -0.527682 -0.170583
0.350839 -0.454096 -0.115014
-0.340194 0.06207 -0.567035
-0.351719 0.12957 0.429312
0.440545 -0.011664 -0.448458
-0.230943 -0.170727 0.47584
0.183426 0.482143 0.126832
0.041117 -0.533528 -0.391702
0.167674 0.244666 0.410418
0.133523 0.273215 0.400096
0.093763 -0.481044 0.29953
-0.023477 -0.480413 -0.6201
0.423842 0.294054 0.069952
-0.055636 -0.451562 -0.680419
-0.378221 0.188013 -0.272404
-0.476241 0.362821 0.230603
-0.363991 0.373423 0.425463
0.089224 -0.494482 0.281003
0.142759 -0.55384 0.018078
-0.346738 0.320011 -0.18615
0.216901 0.295845 -0.07511
0.468802 -0.256999 0.022924
0.072149 -0.297712 -0.814356
-0.293484 -0.171177 -0.579048
-0.212475 -0.524716 0.140881
0.167116 -0.548534 0.038139
0.52443 0.059239 0.097697
0.547525 -0.09574 0.043116
0.385342 -0.287152 -0.308946
0.407434 0.252307 0.222301
-0.452513 -0.262293 0.121002
0.112814 -0.130643 -0.790707
-0.266233 0.008824 -0.616396
0.411224 -0.098603 0.322172
-0.010949 0.543376 0.095938
0.282176 -0.500555 -0.103998
-0.372281 0.265267 0.156775
-0.234111 -0.008387 -0.67034
-0.450145 -0.146785 0.183032
-0.145417 0.405978 0.398961
0.403119 -0.4143 0.015447
-0.061862 0.33029 -0.389179
-0.227727 -0.488507 -0.09251
-0.153793 0.19993 0.495539
0.120366 -0.248097 0.470213
0.257844 -0.414756 0.303573
-0.412436 0.081714 -0.262786
0.273708 0.120006 0.449545
0.029235 -0.561111 -0.055969
0.177177 -0.130551 -0.803876
-0.277393 0.302681 -0.164662
0.331299 -0.403366 -0.607687
0.295525 -0.07624 -0.617778
0.068222 -0.319203 -0.817472
0.529233 -0.148495 0.034033
-0.184849 0.208684 0.4904
-0.415755 0.015367 -0.317275
0.07843 -0.453806 -0.749418
0.551024 -0.077914 0.041919
-0.301868 0.301752 -0.288774
0.222938 -0.479711 0.202554
-0.109013 -0.537203 -0.092802
0.022432 -0.462 -0.769172
0.559615 -0.111519 0.01309
-0.1697 0.296759 -0.472234
-0.314779 -0.383315 0.280185
0.083077 -0.560354 0.077233
-0.33953 0.322359 -0.286459
-0.307209 -0.352028 0.313324
0.06791 -0.255836 -0.805842
0.250261 -0.510477 0.098498
0.413819 0.244178 0.182812
-0.201273 0.326498 0.432122
-0.193155 -0.447512 0.279871
-0.14729 -0.525001 -0.098362
-0.069319 0.223914 -0.567406
-0.365607 0.167345 -0.162485
-0.257346 0.292016 -0.405174
-0.378439 0.290662 0.07639
0.434182 -0.134512 -0.504072
-0.037852 0.385262 -0.111266
0.438722 0.103953 0.296166
-0.292409 0.357814 0.175036
0.316792 0.162286 -0.276512
0.026365 0.133858 -0.660548
0.111098 -0.089498 0.511538
-0.421061 0.403108 0.342589
-0.147384 -0.066846 0.525024
0.433732 -0.366632 0.02465
-0.136676 -0.415561 -0.635425
0.544175 0.122207 -0.078891
-0.032341 -0.310384 -0.794719
0.424605 0.226386 0.166346
-0.058132 -0.452095 -0.818833
-0.091369 -0.500166 -0.336635
-0.379286 0.267354 -0.032275
0.160796 0.34473 -0.089038
-0.225469 0.403285 -0.019253
-0.251147 -0.297529 -0.597146
0.111048 0.082549 -0.739183
-0.226078 -0.423377 0.270323
-0.275977 -0.008424 -0.604587
0.410331 -0.220617 -0.295241
-0.033961 -0.539647 -0.375477
-0.322784 -0.239479 -0.11513
0.204542 0.158044 -0.382198
0.288413 -0.505152 0.02315
-0.229185 0.136534 -0.626915
0.460789 -0.135589 -0.333945
-0.378123 -0.313769 0.273487
-0.402555 -0.190041 0.031049
-0.019744 0.552076 0.190844
0.452138 0.210945 0.06331
0.215019 -0.463921 0.265675
-0.315448 -0.367881 0.299699
0.341452 0.087653 -0.296239
0.280377 0.061685 -0.381037
0.231861 0.02418 -0.708337
0.409505 -0.40264 0.032898
-0.081644 0.301796 0.439303
-0.142881 -0.428376 -0.266831
-0.413127 -0.025092 -0.309762
0.355231 -0.04345 0.420606
0.183341 0.389957 -0.043895
-0.170559 0.356356 -0.236763
0.506362 -0.058549 -0.208554
0.428231 -0.299955 -0.194382
-0.22131 -0.473131 -0.13296
-0.411173 0.045226 -0.333661
-0.157515 -0.362497 -0.52033
-0.315494 -0.331111 0.31797
0.006574 -0.542156 -0.377969
-0.088182 0.319914 -0.420653
-0.372607 0.186296 -0.23772
-0.440655 -0.265021 0.253604
-0.263325 -0.295661 0.033225
0.416589 -0.341742 -0.193273
0.100933 0.105979 -0.647775
-0.263011 -0.324217 -0.229923
0.017662 0.279676 -0.455842
-0.46654 -0.08722 0.202302
-0.207527 0.365523 -0.065683
0.217157 0.458737 -0.008773
0.107196 0.310641 -0.280239
0.311772 0.421607 0.019896
0.140481 -0.32144 0.433833
0.496653 -0.109574 0.126748
0.249347 0.090776 -0.383887
-0.327239 0.178574 -0.601515
0.259437 0.111218 -0.309277
-0.361633 -0.357794 0.184614
-0.452687 0.057857 0.316033
-0.323408 -0.02352 -0.547804
-0.439398 0.130357 0.372711
0.376529 0.191872 -0.112847
-0.374817 0.114649 -0.443709
0.194821 -0.477837 -0.301265
-0.260632 -0.304207 -0.245291
-0.538802 0.057651 0.180254
-0.11369 0.416616 -0.03481
-0.063386 0.145088 0.508261
-0.370827 0.13189 -0.122932
-0.002096 0.396069 0.011618
-0.397524 -0.310592 0.130777
0.340818 -0.084193 -0.566295
-0.141369 0.469083 0.300874
-0.21207 -0.506854 -0.040289
-0.521592 0.098952 0.17877
-0.107193 -0.215187 0.465881
-0.210622 0.043611 0.502978
0.127175 0.278057 -0.322307
-0.356196 -0.00876 -0.510837
-0.270325 -0.248733 -0.545445
-0.177772 -0.476657 0.258652
-0.117167 -0.406437 -0.795086
-0.288875 -0.410425 0.229497
0.519367 -0.052678 -0.195242
0.537818 -0.089927 -0.161588
-0.290548 0.152045 0.450357
-0.039943 0.211339 0.48451
-0.17089 -0.436143 0.315519
-0.273903 0.150317 0.465995
-0.27115 -0.277377 -0.025091
0.2193 -0.383492 0.366374
0.349067 0.374375 0.054398
0.111905 -0.550801 -0.118276
0.115657 -0.559038 -0.01704
-0.080266 0.267773 -0.520044
-0.467496 0.222957 0.220557
-0.006647 -0.535526 -0.503029
-0.107067 -0.112754 0.531594
-0.262271 0.093157 0.483861
-0.324322 -0.265324 0.058351
0.133446 0.039373 0.491452
-0.323313 -0.367963 0.081385
-0.203796 0.22713 -0.594519
-0.029132 -0.542701 -0.172436
0.407517 -0.36223 -0.188896
0.377223 -0.335696 -0.522909
-0.429614 -0.015751 -0.234502
0.471815 -0.151522 -0.446795
-0.423289 0.076821 0.361776
-0.21714 -0.422116 0.288478
-0.075073 0.428411 0.041723
-0.472538 -0.225163 0.232467
0.064555 0.117423 -0.689548
0.072172 0.111541 -0.709938
0.414092 0.268773 0.025556
0.333127 0.252486 0.328507
0.184831 -0.479786 -0.256401
-0.156987 -0.544135 -0.071739
-0.394884 -0.129675 -0.126278
-0.268717 -0.362285 -0.703297
-0.452464 -0.013863 0.349928
0.373188 -0.043456 0.412526
-0.031191 0.511376 0.241959
0.295253 -0.198335 -0.763521
0.110495 -0.407431 0.383218
-0.245007 -0.114915 0.490602
-0.396371 0.046176 -0.408921
-0.134941 0.370038 -0.256089
0.262434 -0.206332 0.43104
-0.390776 0.276352 -0.162078
-0.176875 0.484562 0.307129
-0.238159 -0.53637 0.10701
0.358104 -0.45221 -0.091483
-0.090029 -0.517407 -0.354677
-0.184172 0.390493 -0.056309
-0.374366 0.164394 -0.406363
0.404653 0.263606 0.260291
-0.239305 0.276149 -0.474743
-0.010553 -0.526016 0.192671
-0.207832 0.423509 0.385957
-0.216699 -0.541287 0.107477
0.129262 0.421779 0.318662
0.191701 -0.41895 -0.832153
-0.093602 -0.487546 0.283257
0.20437 0.024521 -0.75778
0.04881 0.374175 -0.088759
-0.2582 0.304881 -0.058913
0.346148 0.301444 -0.011204
-0.245515 -0.414936 -0.754105
0.405686 -0.337402 0.176042
-0.163337 0.171131 -0.622736
0.569668 0.050699 -0.098042
0.018346 0.267235 0.440599
0.292967 0.077013 -0.32436
0.00903 -0.054226 0.513329
-0.430347 0.031897 0.076205
-0.245665 0.16388 0.476515
0.28043 -0.161371 -0.827825
0.201807 -0.13573 0.47479
-0.033427 -0.204541 0.494145
0.516473 0.051826 0.15326
-0.371454 0.116654 0.422017
-0.01124 0.026241 0.516432
-0.117187 -0.195697 0.468418
0.17675 -0.422128 -0.814263
-0.346653 -0.163004 -0.362893
0.267903 -0.065164 -0.729117
0.377097 -0.135652 0.372675
0.212915 -0.497694 -0.467755
-0.335269 0.228318 -0.563867
0.157809 -0.499776 -0.232661
0.001345 -0.225106 0.492381
0.095548 -0.542082 0.140587
-0.040862 -0.320959 0.45811
-0.389616 0.376999 0.194888
-0.007867 -0.540859 -0.466743
-0.033752 0.432743 0.326361
-0.114607 0.42451 0.045081
0.019499 -0.527958 -0.523351
-0.262612 0.305937 -0.170995
0.452035 -0.165675 -0.207457
-0.092745 0.408572 -0.048392
-0.135905 -0.215548 -0.7481
-0.298366 -0.450181 0.044789
0.213335 0.435406 -0.03237
0.195543 -0.466351 0.269276
-0.175783 -0.394189 -0.319355
0.081945 -0.441853 0.348232
0.110538 -0.154628 -0.795271
-0.210123 -0.020033 0.500054
-0.366175 0.244673 -0.109334
0.182373 -0.477813 -0.697701
0.324426 0.163344 -0.152975
-0.122792 0.171927 -0.621278
-0.221089 -0.321194 -0.574461
0.130561 -0.537252 0.153177
-0.304505 -0.289709 0.371388
-0.108995 -0.414773 -0.597321
-0.417182 0.068535 -0.21301
-0.119064 -0.164421 0.489715
0.405715 -0.216162 0.294676
-0.28702 0.498923 0.196621
0.47234 -0.251144 0.135857
-0.168944 -0.135949 0.498887
0.455438 0.004313 -0.358173
-0.347758 -0.315711 0.106832
0.099049 -0.560794 0.059487
-0.304407 -0.251436 -0.01678
0.226279 -0.482752 -0.381433
0.362573 -0.425434 -0.175409
-0.176939 -0.048772 0.514542
-0.453599 -0.259338 0.242504
-0.393685 0.400274 0.208307
0.406036 -0.335937 -0.431208
-0.136671 -0.43519 0.335824
-0.284892 0.379589 0.426909
0.327296 -0.331266 0.295579
-0.268692 0.296881 -0.131985
-0.292667 -0.1475 -0.497918
0.105424 -0.503055 -0.647187
0.119033 0.162739 -0.510558
0.546329 -0.048197 -0.064314
-0.044818 -0.471715 0.301256
0.311721 0.028622 -0.410717
-0.001911 -0.469832 -0.670818
0.04983 0.338072 -0.295784
-0.299951 -0.382469 0.298386
0.252848 -0.32502 -0.731383
-0.012455 -0.289111 0.465066
0.22122 -0.287425 -0.84916
-0.313953 0.304638 -0.087588
-0.364383 0.16203 -0.053839
0.48664 0.142858 -0.127426
0.02936 0.04494 0.51471
-0.199284 0.514425 0.27411
0.288535 -0.258203 0.386891
0.301369 -0.459672 -0.428077
-0.231872 -0.312834 -0.115915
0.216682 -0.535038 0.005918
-0.267954 -0.319422 -0.739848
-0.366171 0.236745 -0.332977
0.091038 0.356579 -0.093136
-0.262782 -0.021425 0.489746
-0.365842 0.301268 0.09494
-0.175275 0.408078 -0.042849
0.096291 -0.523567 -0.504505
-0.288321 -0.222822 -0.715214
-0.37508 0.239216 -0.307213
-0.246545 0.383446 0.149053
0.412979 -0.253751 -0.249361
-0.037657 0.529006 0.164537
-0.232338 0.319476 -0.265074
-0.221053 -0.432034 -0.152291
-0.04427 0.273104 -0.499407
-0.465497 0.390234 0.232028
-0.220537 0.29 -0.440324
0.456562 -0.009591 -0.29121
-0.333792 -0.177093 -0.376647
0.237632 -0.18816 0.449847
-0.398854 -0.09824 -0.276481
-0.052077 -0.431079 -0.815721
-0.359187 0.434649 0.21795
-0.53088 0.02962 0.202102
-0.228332 -0.298075 -0.503385
-0.339877 -0.265817 0.079148
-0.323869 0.15457 -0.604005
0.438399 -0.130081 0.284342
0.414301 0.132699 -0.24035
-0.33404 0.240726 -0.547727
-0.126119 -0.464377 -0.382585
-0.481581 0.238603 0.250996
-0.411878 0.192289 0.415186
0.258389 0.176869 -0.161
-0.30321 0.305009 -0.232208
-0.241468 -0.478737 -0.002545
-0.162282 0.008239 -0.693404
0.054583 0.415457 0.002274
-0.308739 0.194817 -0.608375
0.056378 0.386605 -0.035093
-0.363735 0.352658 0.438042
-0.402021 -0.080306 -0.064188
0.12061 0.10033 -0.685536
0.432892 -0.266239 -0.46404
0.043816 0.285093 0.418485
0.039162 0.396888 -0.004882
-0.448811 0.203564 0.201716
0.400477 -0.337146 -0.407499
0.536539 -0.048926 -0.02987
-0.212234 0.289154 -0.459952
-0.33303 -0.223342 -0.028115
0.266407 -0.434881 -0.637966
0.475754 0.077312 0.258147
0.286833 -0.396071 0.266115
0.472342 -0.14737 0.23569
0.369321 -0.386297 0.183177
0.195201 -0.517084 -0.523541
0.49401 -0.200087 -0.044819
-0.34983 -0.241989 0.023928
-0.094889 0.40105 -0.066655
0.045655 0.135642 -0.612713
-0.456364 0.181162 0.264714
0.139781 0.500907 0.083285
-0.109123 0.387503 -0.078591
0.254064 -0.013829 -0.695686
0.236465 -0.502767 0.137423
0.087264 -0.067065 -0.770292
-0.286669 -0.267793 -0.644536
0.039581 -0.53871 -0.354926
-0.016488 0.369212 -0.273919
-0.206908 0.507689 0.211852
0.090552 0.21478 -0.493454
0.466682 -0.148166 -0.200995
-0.318749 -0.25018 0.003535
0.262307 -0.373528 -0.716813
-0.250099 -0.023075 -0.648583
0.307987 -0.443153 -0.374474
0.474446 -0.178715 -0.400878
0.261338 -0.331249 -0.710783
-0.296722 0.294663 -0.382769
-0.432564 0.226287 0.414545
0.189882 0.014363 -0.778894
-0.052687 0.493455 0.096796
0.101424 0.351063 -0.072098
-0.41112 -0.082614 0.356717
-0.404881 0.100998 -0.260955
0.161451 -0.425751 -0.854949
-0.044463 -0.230253 -0.773951
0.282151 -0.150365 0.444203
0.003116 -0.539077 -0.487119
-0.432258 0.039781 0.094456
-0.241127 -0.347185 -0.179307
0.126981 -0.512005 -0.621394
0.323976 0.203707 -0.074699
-0.187842 0.508568 0.242739
0.362859 -0.02935 0.414331
-0.201776 -0.303218 -0.286431
0.487916 -0.101148 -0.403426
0.10234 0.345453 -0.182112
-0.199773 0.519004 0.252793
0.191266 -0.319234 -0.848683
-0.335954 -0.194896 0.356673
-0.230543 -0.274375 -0.464248
-0.210858 -0.52276 -0.08266
0.259483 0.011973 -0.623314
-0.147333 0.489472 0.205612
-0.480659 0.103125 0.252308
-0.52939 0.090825 0.200726
-0.079629 -0.550842 0.136575
0.217373 -0.191913 0.456554
-0.221042 -0.058417 0.501224
-0.370741 0.141756 0.419833
0.266096 -0.12196 -0.803005
0.274239 -0.143597 -0.816411
0.325833 -0.476333 0.054085
-0.070947 -0.502927 -0.215891
0.464011 -0.046559 0.266052
0.383136 -0.355549 -0.410733
0.170115 -0.455324 0.29357
-0.251023 0.078122 -0.625753
-0.514747 0.05935 0.281805
0.035106 -0.478049 0.301508
-0.406499 0.091965 -0.279623
0.212656 -0.348713 0.397927
-0.06725 -0.489033 -0.25552
-0.251437 0.115597 0.481234
0.531483 -0.069374 -0.178504
-0.232867 -0.358298 0.353457
-0.034374 -0.513192 -0.201942
-0.293828 -0.092396 -0.668763
0.131438 0.315372 -0.225102
-0.137798 0.512206 0.177856
0.310785 0.328177 -0.031743
0.544069 -0.06917 -0.156975
0.435343 0.190705 0.216448
0.143948 0.225876 0.430088
0.545159 -0.084327 -0.07891
-0.388461 0.259848 0.101704
0.432655 -0.372048 -0.013686
-0.182401 -0.442542 0.29811
-0.462577 0.148692 0.344429
0.113636 -0.511471 -0.445965
0.219015 -0.494143 -0.429427
0.050037 -0.488617 0.289057
-0.179441 0.019825 -0.686495
-0.160258 0.029437 -0.689896
-0.455655 0.122563 0.306195
-0.158086 -0.42679 0.331498
-0.225389 0.283218 0.450188
-0.392682 0.092319 -0.404125
0.369999 0.257779 0.301518
0.131183 0.470511 0.257046
-0.165352 -0.096349 -0.714385
0.204608 -0.487485 -0.658076
-0.304331 0.260548 -0.524752
-0.054901 0.549653 0.213576
-0.347835 -0.253168 0.061256
-0.235373 -0.337809 -0.660932
0.325443 0.095692 0.377727
0.547531 -0.037115 -0.045173
-0.265285 0.264958 -0.544507
-0.260509 -0.427738 0.224846
-0.275941 -0.423951 0.217548
0.001453 0.377977 -0.23732
-0.164949 -0.078114 -0.710439
0.046766 -0.468972 -0.842617
0.172521 0.139706 -0.461911
-0.097267 -0.533978 -0.140345
0.02801 -0.48844 0.283231
-0.355694 -0.200623 -0.132929
-0.276223 0.258623 -0.566466
0.474894 -0.029924 0.264673
-0.267302 -0.324927 -0.691143
0.375417 0.04124 0.3672
-0.261862 -0.437915 0.21083
-0.322735 0.340301 0.440081
-0.4233 0.094921 0.368417
-0.055965 -0.536709 0.158306
-0.230125 -0.377692 0.345507
-0.024881 -0.34265 -0.803719
0.259914 -0.355665 -0.840488
0.381418 -0.332025 -0.23892
-0.166678 0.20581 -0.603692
0.300639 -0.210784 -0.669203
0.126699 0.443783 0.292843
0.468483 -0.183671 -0.156557
-0.286966 -0.12459 0.426292
0.039233 -0.541322 0.173856
-0.49598 0.110492 0.215442
0.169384 0.325838 -0.102648
-0.046404 0.046585 -0.716878
0.45712 -0.306207 -0.010524
0.280786 0.147186 -0.29131
-0.077901 -0.472184 -0.472818
-0.423824 0.369426 0.212179
0.02542 -0.469545 -0.835167
0.287283 0.226196 0.367166
-0.079717 -0.375708 -0.797506
-0.406633 -0.029664 0.371485
0.471372 -0.256583 0.086812
0.128072 0.240035 0.424739
0.333309 0.17666 -0.231781
0.353282 0.237698 0.326773
-0.513848 0.000353 0.142823
0.000216 -0.539244 -0.420915
-0.255919 -0.368871 0.00739
0.08963 -0.458673 -0.848151
0.079555 -0.464481 -0.833197
-0.414913 0.046804 -0.042549
-0.051234 0.453868 0.282764
-0.344753 0.365505 0.435131
-0.222657 -0.390249 0.331693
0.249217 -0.319853 -0.748883
-0.405299 -0.015015 -0.072854
-0.148681 0.426346 -0.009729
-0.234714 -0.39941 0.317299
0.022369 -0.279139 0.459014
0.188957 0.069777 -0.70985
-0.351145 -0.180279 -0.267083
-0.308451 0.007992 -0.577975
0.495934 0.175929 0.035761
0.287453 -0.064289 -0.636203
-0.009867 -0.536401 -0.327556
-0.258585 0.271245 0.439452
0.45982 -0.285563 -0.005464
0.257714 0.091695 -0.358901
-0.258322 -0.385511 0.012214
-0.398454 -0.06867 -0.044845
-0.249711 -0.380273 -0.007848
0.161171 0.137112 -0.479798
0.062258 -0.467832 -0.8288
0.067863 -0.464187 -0.849508
-0.05268 -0.516304 0.195765
0.065594 -0.077207 0.512222
-0.060971 0.284284 0.445169
0.112136 0.452526 -0.022295
-0.011903 0.12938 -0.695698
-0.416523 0.077457 0.380088
-0.394194 -0.091124 -0.045379
0.266206 -0.411541 -0.688551
0.407678 -0.308825 -0.37809
-0.275191 0.345002 0.431767
0.333487 -0.132736 0.419792
0.256378 0.034494 -0.584024
0.093425 0.395475 -0.032863
0.149084 -0.492102 0.243549
0.005675 -0.493051 0.280437
-0.22704 -0.049794 -0.689256
-0.155004 0.119555 0.514593
-0.515703 0.015261 0.139066
0.396461 -0.326673 -0.384133
-0.298731 -0.340249 0.329488
-0.2735 -0.523934 0.096303
-0.246663 0.301119 0.433412
-0.384656 -0.001084 0.405631
-0.303642 -0.491176 0.079257
-0.059574 -0.287304 -0.782872
0.476722 -0.045062 0.253729
-0.303597 -0.229402 -0.318728
0.05757 -0.433041 0.35773
-0.021431 0.550037 0.223525
0.364386 -0.430943 0.118773
-0.259916 -0.155227 -0.706199
-0.37196 0.026505 -0.4886
-0.309626 0.365842 0.190831
0.073374 -0.509919 -0.236388
-0.320174 -0.159 -0.66899
0.115182 0.502446 0.250122
0.50675 0.194183 0.009157
-0.098561 0.505642 0.124959
-0.015904 -0.520989 -0.534652
-0.438916 0.142819 0.005662
0.365751 -0.450875 0.013726
0.486011 -0.180618 -0.106558
0.10677 0.10417 -0.631788
0.053998 0.403347 -0.019773
-0.156115 -0.420756 -0.286047
-0.036655 0.358991 -0.309779
-0.276144 -0.151557 -0.551188
0.416446 -0.279821 -0.355012
0.44045 -0.243376 -0.40652
-0.376578 0.221334 -0.189082
-0.17439 -0.503175 -0.14569
0.194198 0.011276 0.478284
0.055519 -0.50882 -0.236645
-0.453615 -0.26955 0.211131
-0.007184 0.120321 -0.712515
-0.233545 0.48515 0.341381
0.044698 -0.249559 -0.800152
-0.106899 0.380227 -0.136145
-0.004066 0.539571 0.235202
0.057945 -0.42412 -0.839757
0.179286 -0.139441 0.479859
0.041789 -0.469069 -0.804853
0.332557 0.421189 0.145358
0.280122 -0.510713 -0.029782
0.140108 0.097752 -0.590028
-0.099587 -0.321155 0.433069
0.434228 0.131176 -0.210945
0.466298 -0.10912 -0.224048
0.031217 0.303011 0.419044
0.088684 -0.560223 0.017414
0.387089 0.299718 0.187855
0.393001 -0.411595 -0.084123
-0.461176 0.04737 0.126225
0.508672 0.054871 0.192141
0.532833 0.158984 -0.064504
-0.329409 0.357229 0.440453
-0.148783 0.288322 -0.498048
0.095896 0.199091 0.467152
0.201183 -0.511571 -0.435971
0.055544 -0.524494 -0.48189
-0.184947 0.500296 0.223417
0.202109 -0.537845 0.028231
0.185446 -0.219108 0.458994
-0.029242 -0.54539 0.135221
0.264025 -0.398619 0.299775
0.395656 0.287168 0.177899
-0.00702 0.202694 -0.563226
0.185672 0.504776 0.075167
-0.073853 -0.558593 0.015264
0.385515 0.318038 0.179224
0.252179 0.018843 -0.641712
-0.216344 0.100558 0.495439
-0.239314 0.268605 -0.543278
-0.202256 0.084255 0.502146
-0.23195 -0.468931 0.171962
0.197016 -0.510241 -0.457716
0.242235 -0.092064 -0.79296
0.316087 0.005478 -0.442541
0.386092 0.350616 0.089402
-0.273129 -0.132661 0.433698
-0.204336 0.402537 0.391153
0.235393 0.182725 -0.166789
0.103911 0.535394 0.23738
-0.028183 0.531459 0.097047
-0.357322 -0.242853 0.337825
0.212218 0.005034 0.472879
0.514245 0.044344 -0.175628
-0.055625 -0.553216 0.051463
0.192708 -0.500404 -0.643418
-0.216901 0.525479 0.264782
-0.241869 0.304631 -0.138509
-0.207293 0.38023 -0.052077
0.210444 -0.452966 -0.705821
-0.301284 -0.127894 0.414319
0.339641 0.172948 -0.209245
-0.053771 -0.557249 0.027314
0.257458 -0.308388 -0.761755
-0.092066 -0.548633 0.023465
-0.448396 0.181139 0.211113
0.027525 -0.26685 -0.799804
0.110582 0.490194 0.135492
-0.273862 -0.086316 -0.613938
0.240273 0.479677 0.07363
-0.385194 0.110928 -0.407724
0.425633 0.131973 -0.226254
-0.348143 -0.197457 -0.201761
-0.202769 0.337421 -0.262025
-0.123659 -0.518304 0.234051
0.408639 0.143041 -0.226607
-0.31533 -0.380006 0.065085
0.312875 0.060703 -0.353266
0.428467 0.046707 -0.273617
0.522026 0.085659 0.063305
-0.443436 -0.27385 0.231869
-0.372547 0.233724 -0.373079
-0.262303 -0.449755 0.190706
0.000768 0.18667 -0.574067
-0.052746 -0.494949 -0.222932
-0.419506 -0.064172 0.355288
-0.379773 0.296638 0.015415
-0.144456 0.218411 0.488256
-0.228534 -0.375194 -0.679879
-0.378291 0.166089 -0.197613
-0.530693 0.041624 0.283547
0.336407 0.008784 -0.429824
0.10546 0.104874 -0.666976
-0.325271 -0.260792 0.365175
-0.136038 0.409902 -0.050895
0.084 -0.531085 -0.343855
0.019147 0.391699 0.37422
-0.056795 -0.055287 -0.732093
0.033645 0.148609 0.491418
-0.173627 -0.502429 0.211647
0.48937 -0.035834 -0.237839
0.381075 -0.34394 -0.390242
-0.408721 0.183525 0.153902
-0.235947 0.534391 0.254541
0.493941 -0.206086 -0.00132
0.026406 0.286346 0.432699
-0.402949 -0.068101 0.031576
-0.526503 0.001295 0.227571
0.413798 0.234553 -0.035261
0.113877 -0.55826 0.04357
0.303245 0.15053 -0.200042
-0.179427 0.032497 0.512669
0.184674 -0.408601 -0.793884
0.250084 -0.337457 0.376702
-0.017578 0.157254 -0.62069
0.073036 -0.514974 -0.424926
0.519589 0.073754 0.15097
0.071972 0.402922 -0.032669
-0.337597 0.311432 -0.055988
0.140923 -0.507565 0.224721
0.048681 -0.144739 -0.777991
0.050226 -0.167348 -0.783387
0.090538 -0.142226 -0.787774
0.265389 -0.448521 -0.316741
0.124765 -0.447895 -0.820581
0.109576 -0.444178 -0.838581
0.080173 -0.418728 -0.843558
-0.231731 0.322797 -0.210988
-0.251016 0.313512 -0.206481
0.425234 -0.259277 -0.349062
0.39881 -0.279396 -0.321742
0.210782 -0.335969 -0.856257
0.243188 -0.359522 -0.848763
0.234933 -0.328141 -0.857977
-0.132293 0.187914 -0.61143
0.075322 0.351653 -0.217633
0.45492 0.152955 -0.125724
0.45752 0.177417 -0.126685
0.275281 -0.008977 0.438902
0.373772 -0.09849 0.398328
0.375575 -0.116427 0.386026
0.386029 -0.098288 0.380551
-0.237751 -0.312182 -0.602256
-0.343121 -0.124213 -0.442881
-0.341012 -0.141533 -0.423863
-0.360159 -0.208606 -0.007892
-0.093367 0.22888 -0.570075
0.028549 -0.158541 -0.776079
0.021259 0.177942 -0.568829
0.35526 0.069398 0.335315
-0.426733 0.324963 0.401304
-0.215539 0.371892 0.415287
-0.235075 0.384455 0.420852
-0.242083 0.317647 0.430802
-0.228005 0.30201 0.43635
0.486525 -0.193875 -0.087133
0.191738 -0.461467 -0.709565
-0.441322 0.021928 0.08985
-0.4285 0.009767 0.076125
-0.446821 -0.016548 0.107005
0.040213 0.265929 0.432465
0.416806 -0.300417 -0.390378
-0.378883 0.074089 -0.483604
-0.186258 -0.39234 -0.77568
0.424653 -0.234414 -0.325057
-0.373573 0.277308 -0.089702
0.184283 -0.543074 0.039235
-0.428242 0.121395 -0.018874
-0.431973 0.13667 -0.009901
-0.436793 0.122384 0.000545
0.267931 0.198362 -0.271759
-0.149443 0.379291 -0.098581
-0.157742 -0.404953 -0.638936
-0.093654 0.43537 0.341546
-0.335547 -0.217009 -0.187338
0.4276 -0.146498 -0.274462
0.011829 -0.245634 0.487003
0.025861 -0.22608 0.490745
-0.41606 0.405085 0.215941
-0.43935 0.411039 0.220384
0.208603 -0.289192 0.422787
0.059292 -0.558125 0.070186
0.038724 -0.556267 0.084342
0.034571 -0.558996 0.037668
0.077218 -0.559179 0.053828
0.5526 0.010931 -0.015182
0.550437 0.000077 -0.002817
-0.040792 -0.457833 0.322869
0.345459 0.376023 0.191032
0.170757 -0.034183 0.484155
0.201612 -0.027793 0.471691
-0.311706 -0.170929 -0.628593
-0.318217 -0.179508 -0.647779
0.338575 -0.393459 -0.558182
0.349604 -0.377726 -0.567902
0.146878 -0.51687 -0.57794
0.542839 0.012814 0.069807
0.549702 0.012883 0.036423
0.545361 0.019109 0.053455
0.262172 -0.045761 0.443023
0.071754 0.270281 0.402147
0.09187 0.261692 0.409289
0.195568 -0.536678 0.051915
0.145376 0.204146 0.468386
0.155994 0.213059 0.435566
0.158074 0.200681 0.449506
0.47845 -0.148964 -0.180578
0.347379 0.388105 0.07187
0.325286 0.150629 -0.171317
0.306215 0.142126 -0.178176
-0.204858 -0.53763 0.125056
-0.127799 -0.211761 0.458014
0.083588 -0.550241 -0.138612
-0.012383 -0.333194 0.434679
-0.08997 -0.550157 0.122052
-0.068685 -0.551319 0.119474
-0.164272 -0.359232 -0.542402
-0.058148 -0.444481 -0.610444
0.043793 0.29783 -0.397242
0.021621 0.300203 -0.410342
0.15856 0.309656 -0.186031
0.145432 0.312948 -0.206989
0.174649 0.29105 -0.189383
-0.001773 0.469664 0.268448
-0.018486 0.478087 0.257575
-0.37197 0.278087 -0.053554
-0.100681 -0.535033 -0.113359
-0.116443 -0.525312 -0.125112
-0.219876 -0.270911 -0.404004
0.219049 0.213395 -0.262579
0.187795 0.086014 -0.616973
0.1951 0.085409 -0.595581
-0.529698 0.007038 0.148969
-0.518749 -0.009452 0.156466
-0.528061 0.02892 0.145112
-0.537209 0.020833 0.165056
-0.038591 0.294892 0.435652
-0.039253 0.276352 0.444306
-0.063647 0.058358 0.519635
0.439797 -0.143644 -0.293868
0.263287 -0.412947 0.287281
-0.06298 -0.392541 -0.805045
-0.228961 0.117945 0.487796
0.175339 -0.541701 0.055389
0.415 -0.376867 0.066553
0.214218 -0.379379 -0.772351
0.193529 -0.41509 -0.755816
0.257517 -0.438144 -0.652769
0.007906 0.098937 0.506674
0.446248 -0.286731 0.134428
0.218935 0.032718 -0.731499
0.195007 0.048144 -0.745968
-0.411681 -0.28017 0.113727
-0.109606 -0.153687 0.505095
-0.10115 -0.143126 0.518946
-0.237885 -0.096107 0.501061
-0.228856 -0.077578 0.502435
-0.218767 -0.093956 0.511579
-0.104772 -0.38636 0.369946
0.233037 0.041308 -0.662763
0.271633 0.060018 -0.415784
0.257972 0.073969 -0.411472
0.269042 0.067314 -0.397176
0.075611 -0.036947 0.517048
0.057535 -0.042528 0.512803
-0.029543 -0.029817 0.516315
-0.093074 0.426676 0.05387
0.089531 -0.528655 -0.526287
0.058333 -0.523291 -0.522802
-0.113379 0.4058 -0.060024
-0.133777 0.393752 -0.069303
0.141508 -0.498854 -0.273621
-0.259061 -0.212856 -0.472023
-0.271246 -0.207924 -0.453031
0.49576 -0.073918 -0.21415
0.51314 -0.075006 -0.19788
0.119542 0.526255 0.219625
-0.277592 -0.274351 -0.143771
-0.29109 -0.260076 -0.134067
-0.304802 -0.247469 -0.145427
0.449958 -0.229132 -0.148535
-0.030621 0.091285 0.513591
0.002365 0.12085 0.504443
0.447206 -0.212454 -0.480003
-0.036416 0.525032 0.142103
-0.358508 0.206641 -0.04845
0.061907 -0.509148 -0.253974
0.454041 -0.164962 -0.488494
0.448288 -0.179276 -0.50908
0.441587 -0.204747 -0.50464
-0.374264 0.176002 -0.289955
-0.375811 0.156041 -0.28878
-0.025141 -0.499349 0.251459
-0.049343 -0.496565 0.25252
0.003729 -0.103485 -0.757735
0.027865 0.167513 0.482683
0.086552 -0.375211 0.420502
0.050318 -0.380859 0.419074
0.070697 -0.390003 0.417018
-0.453388 -0.034888 0.120246
0.092758 -0.557607 -0.072352
0.084207 -0.556458 -0.09384
-0.169361 0.3742 -0.095531
-0.378636 -0.15506 -0.170658
-0.391564 -0.135562 -0.147223
-0.398853 -0.12321 -0.163052
-0.044457 0.252048 -0.529138
-0.024513 0.253061 -0.52054
-0.023546 0.265687 -0.503646
0.176376 -0.536575 -0.117097
0.146399 0.09656 -0.571358
0.051902 -0.461925 -0.792612
-0.419654 -0.003605 0.041989
-0.377754 -0.139826 -0.268439
-0.157215 -0.389687 -0.370853
0.417927 -0.365314 -0.15638
0.420452 -0.3586 -0.136612
0.420295 -0.353875 -0.173998
0.412153 -0.369274 -0.121245
0.40499 -0.290529 -0.339052
0.239374 -0.491795 -0.55947
0.223046 -0.507714 -0.550168
0.238582 -0.493963 -0.53302
-0.345903 0.219535 -0.49425
-0.33763 0.23744 -0.502227
-0.352282 0.219714 -0.511291
-0.345132 0.232672 -0.527994
-0.356526 0.213841 -0.531229
0.327618 -0.406306 -0.568143
0.322796 -0.408552 -0.546373
0.281073 -0.075577 -0.688815
0.280423 -0.065769 -0.673636
-0.128937 -0.347628 0.385488
0.166087 -0.496069 -0.310249
-0.154404 0.37033 -0.164084
-0.223043 0.078122 0.494093
0.410318 -0.207137 -0.257945
-0.165386 -0.035395 -0.700855
-0.164154 -0.013574 -0.696782
-0.203535 -0.012564 -0.686484
0.121844 0.334361 -0.187611
0.134109 0.331973 -0.172682
0.1482 0.322377 -0.174009
-0.477998 0.286396 0.325801
-0.375364 0.278186 0.179585
-0.306952 -0.249564 -0.124463
-0.308432 -0.24984 -0.103663
-0.325327 -0.240066 -0.09367
0.344789 0.199084 0.340948
0.357613 0.215697 0.332584
-0.100875 -0.549605 0.090642
0.372032 0.234328 -0.037405
0.489991 -0.160447 -0.145596
-0.150839 0.322506 -0.411782
0.508602 0.117809 0.106362
0.416041 0.196933 0.214005
0.185289 0.207242 0.413649
-0.069223 0.497307 0.230299
-0.087878 0.488133 0.226942
0.087986 -0.182898 -0.796165
0.070815 -0.175739 -0.790335
0.145325 0.100747 -0.540392
0.151962 0.097838 -0.55557
0.088453 -0.451552 -0.800401
0.248939 0.069701 -0.467085
0.265397 0.053877 -0.472623
0.266937 0.045283 -0.494569
0.184234 -0.052691 -0.79102
0.223077 -0.047035 -0.783832
0.206433 -0.058834 -0.795754
-0.247765 0.301493 -0.347625
-0.238082 0.300468 -0.394022
0.369717 -0.43879 -0.11002
0.043135 0.386662 0.355415
-0.312102 0.208061 0.43241
-0.442018 0.142255 0.228125
0.16742 0.096121 -0.543222
-0.457437 -0.189948 0.237384
0.366683 0.274385 -0.002628
0.365158 0.290846 0.009605
0.182023 -0.487054 -0.316276
-0.475014 -0.180607 0.19675
0.068653 -0.558152 -0.081074
0.049159 -0.55935 -0.068192
-0.410781 0.34039 0.401938
0.304932 -0.281362 0.364347
-0.324844 -0.235882 -0.012391
-0.339256 -0.279309 0.354032
-0.31606 -0.212268 0.359306
0.234347 -0.461298 -0.671488
0.248139 -0.44421 -0.671138
0.227056 -0.474469 -0.650353
0.215493 -0.4741 -0.674397
0.106957 -0.510304 -0.627897
0.381965 0.168321 0.307295
0.398421 0.170811 0.276326
0.372187 0.150845 0.311669
0.273895 -0.271066 -0.745059
0.256095 -0.304376 -0.739895
0.267264 -0.288428 -0.752927
0.281121 -0.000229 -0.541675
0.277823 0.015053 -0.523784
-0.244839 -0.404874 0.299834
-0.234406 -0.412944 0.284689
0.015993 0.527123 0.250157
0.038252 0.523109 0.257801
-0.391817 -0.330951 0.21618
-0.37561 -0.349017 0.168518
0.550014 -0.086295 -0.122272
0.541728 -0.101988 -0.141089
0.541507 -0.111108 -0.118505
0.546525 -0.08322 -0.144309
0.53318 -0.123873 -0.137352
0.557596 0.085433 -0.05728
0.548036 0.102798 -0.089299
0.307806 -0.006959 -0.473265
0.297916 -0.012822 -0.491816
0.254572 0.044206 -0.561342
0.24474 0.043353 -0.604755
-0.182947 -0.315305 -0.387437
-0.354847 0.246086 0.419348
-0.225951 0.327151 -0.232153
-0.245626 0.31704 -0.227195
-0.258527 0.307348 -0.243219
0.401065 -0.404895 0.053578
0.406983 -0.387995 0.083828
0.414094 -0.388729 0.049225
-0.082936 0.418479 -0.009877
-0.101406 0.421721 -0.011816
-0.374243 0.202491 -0.359773
-0.378802 0.194778 -0.380722
-0.004225 -0.145393 0.511381
-0.195827 -0.467572 0.216893
-0.153935 0.221826 -0.590096
0.200413 0.465199 -0.022001
-0.520963 -0.059043 0.27234
-0.526791 -0.045517 0.281191
-0.504107 -0.021911 0.315057
-0.17764 -0.385591 -0.224495
-0.428825 0.156902 0.080814
-0.251494 0.261328 -0.56535
-0.239446 0.247156 -0.580765
-0.241105 -0.328639 -0.177453
0.003731 0.370718 -0.259967
-0.17555 -0.457986 0.285293
-0.185968 -0.46362 0.267324
0.410655 -0.319578 0.177708
0.399775 -0.330829 0.209719
0.41569 -0.187961 -0.264928
-0.032995 0.184351 -0.592172
0.428465 -0.337578 -0.128297
0.443694 -0.297999 -0.139159
-0.165049 0.238827 -0.577177
-0.140901 0.235983 -0.575159
0.33314 0.300318 -0.022551
-0.259315 -0.346522 -0.6908
0.443213 -0.222372 -0.412734
0.273589 0.32368 -0.038109
0.239643 0.327865 -0.048759
-0.281227 0.495142 0.301352
0.222391 -0.300377 0.410293
0.203218 -0.309469 0.41744
0.280981 -0.016084 -0.576262
0.050818 -0.270552 -0.805958
0.062673 -0.23346 -0.800797
-0.427969 0.018168 -0.234482
0.322178 -0.323825 -0.656957
0.313684 -0.307375 -0.66956
0.287289 -0.331793 -0.683993
0.305094 -0.328095 -0.671245
0.236443 -0.482681 -0.414583
0.165249 0.283947 -0.225855
0.161673 0.296289 -0.206893
0.406386 -0.326835 0.194037
0.102423 0.007255 -0.760369
0.092437 -0.013296 -0.760855
-0.212854 -0.381409 0.343414
-0.214252 -0.367648 0.353996
0.211919 0.251503 -0.126594
0.222379 0.23879 -0.114613
0.239427 -0.348638 -0.7644
-0.282871 -0.344665 0.337092
-0.084764 0.386667 -0.180271
-0.34675 0.21226 -0.094082
-0.223701 0.279247 -0.490376
0.00076 -0.183997 0.499535
0.2699 -0.067323 0.448308
0.278255 -0.08921 0.450672
0.102694 -0.55962 0.001409
0.133037 -0.516069 -0.597776
-0.097689 0.198925 -0.596829
-0.110511 0.186061 -0.610208
-0.420313 0.198745 0.079019
-0.404733 0.220966 0.109943
0.406477 -0.241676 -0.287946
-0.392384 -0.275027 0.293904
-0.36455 -0.297481 0.314122
-0.30974 -0.248897 0.370249
-0.424096 0.129581 0.12438
-0.510345 -0.03679 0.180129
-0.414966 -0.153247 0.049464
-0.408488 -0.131242 0.037962
-0.409568 -0.017424 -0.330315
-0.414726 -0.00396 -0.314195
-0.09977 0.317738 0.434186
0.344358 -0.346466 -0.285239
-0.147349 -0.136581 -0.727756
-0.166533 -0.155933 -0.72731
-0.458458 0.143599 0.308232
0.237513 0.219125 -0.144708
0.107123 -0.53123 -0.18275
0.098259 -0.53883 -0.167124
0.100278 -0.546505 -0.150436
0.228967 -0.178774 -0.821022
0.205896 -0.184122 -0.818089
0.489873 -0.096874 0.14435
0.016 0.007153 0.516928
0.036065 0.009708 0.516855
0.053088 -0.180055 0.49744
0.409008 0.235795 0.205311
0.413824 0.214632 0.210496
0.325305 -0.378974 -0.342469
-0.401817 -0.047351 0.021689
-0.408987 -0.029437 0.013164
-0.329118 0.410811 0.201954
-0.396855 0.266323 0.186701
-0.38545 0.254562 0.172362
0.40449 -0.346376 0.154783
-0.233354 0.309177 -0.304798
-0.418241 0.037206 -0.162133
0.431729 -0.240939 0.223752
0.000356 -0.521737 0.205505
-0.015928 -0.516139 0.209166
-0.309617 -0.204386 -0.386244
-0.112666 -0.493952 0.273943
-0.122691 -0.467866 0.305406
-0.13697 -0.474524 0.289491
-0.116509 -0.482042 0.288982
-0.051194 -0.552726 0.109188
0.008708 -0.336573 0.429516
0.380485 -0.333685 -0.369145
0.394352 -0.31708 -0.363798
-0.520988 -0.018698 0.175274
-0.450066 0.408514 0.308879
-0.163866 0.460362 0.159844
0.138244 0.353223 0.356744
0.108236 0.376668 0.350282
0.008892 -0.562779 -0.044223
-0.126204 -0.442944 -0.270916
-0.121495 -0.446803 -0.291911
0.030461 0.118166 -0.705736
-0.103671 0.431062 0.357968
-0.229185 -0.183437 -0.71923
-0.346494 -0.369174 0.254
-0.343984 -0.37565 0.220348
0.027864 -0.327051 0.441754
0.028694 -0.349245 0.431901
0.139274 -0.538665 0.134245
0.12706 -0.542646 0.116715
0.148529 -0.53988 0.114656
0.115688 -0.5272 -0.566815
-0.036757 0.469497 0.258413
0.1464 0.097478 -0.625184
0.153693 0.096792 -0.605386
-0.360091 -0.171749 -0.246507
-0.368279 -0.162763 -0.225251
-0.37126 -0.135444 -0.015665
-0.297981 -0.202461 -0.4205
-0.270716 -0.285238 -0.085147
-0.309247 0.004739 0.450977
-0.292447 0.001392 0.46408
-0.23139 0.491618 0.32496
0.290877 -0.050483 -0.592269
0.298991 0.040138 -0.405132
0.284681 0.044246 -0.419174
-0.079675 0.252783 0.477907
0.026952 -0.135474 -0.770568
-0.230959 -0.270985 -0.738981
-0.243827 -0.286551 -0.739832
-0.208288 -0.275389 -0.744807
-0.537195 0.06945 0.159503
-0.537137 0.080894 0.180353
-0.510806 0.092921 0.163904
-0.523384 0.053315 0.143693
0.242477 0.104962 0.461329
0.077069 0.5086 0.120478
0.473549 -0.257166 0.110067
0.023961 -0.535853 -0.488789
0.040374 -0.528879 -0.490888
0.422109 -0.136999 -0.522578
0.431031 -0.111691 -0.496704
0.431441 -0.150062 -0.516979
0.022373 -0.507291 -0.216619
0.324545 -0.407344 -0.521881
-0.304873 0.349398 0.123092
0.381086 -0.437796 0.005189
-0.363797 -0.170362 -0.015206
-0.364981 -0.160882 -0.035086
-0.360594 -0.179943 -0.035508
0.454746 0.016328 -0.235727
0.538468 -0.053799 -0.047406
-0.055308 -0.014302 -0.724137
-0.035708 0.011898 -0.72472
0.212078 0.295568 0.345969
0.207265 0.314934 0.338551
0.448257 -0.122525 -0.297617
0.429497 -0.163819 -0.290291
0.101555 0.095725 -0.723968
0.123848 0.091684 -0.722914
0.146061 -0.179043 -0.80717
0.286512 -0.092924 -0.6944
0.284726 -0.099442 -0.715803
0.064144 -0.542505 0.170769
0.071929 -0.545729 0.14609
0.030791 -0.550185 0.133911
-0.393059 -0.07865 -0.002426
-0.387673 -0.096043 -0.005901
0.48642 -0.099712 -0.38146
0.484562 -0.127912 -0.375075
0.470671 -0.123893 -0.437925
0.380276 0.086905 -0.289584
0.394824 0.076176 -0.30011
-0.009167 -0.547643 0.125496
-0.031514 -0.535227 0.15628
-0.029949 -0.551005 0.111044
0.450979 -0.297092 0.061098
0.069855 -0.154334 -0.78535
0.129161 -0.338966 0.4274
-0.35082 0.483033 0.267424
0.352492 -0.19863 0.370171
0.347563 -0.182221 0.383568
-0.380531 -0.323188 0.253675
0.454298 -0.313743 0.023132
0.454053 -0.319959 0.005653
0.449432 -0.330649 0.022693
0.453258 -0.327404 -0.015537
-0.149835 -0.277581 0.420263
-0.192995 -0.033918 0.501701
-0.105707 -0.476923 -0.341801
0.270147 0.202527 -0.249413
0.377275 0.075849 -0.303589
0.267934 -0.440571 -0.6211
0.2822 -0.441203 -0.582455
0.42945 -0.333039 -0.17519
-0.111329 -0.045132 -0.716369
-0.444956 0.125958 0.022669
-0.285997 -0.086472 0.461617
-0.257138 -0.340441 -0.212825
-0.234484 -0.34021 -0.248475
-0.248279 -0.342537 -0.234134
0.171211 -0.533553 -0.138562
0.154871 -0.539734 -0.130883
-0.258048 0.331335 0.430513
-0.260656 0.311162 0.433558
0.00413 0.390275 -0.024174
0.038176 0.391818 -0.026349
0.340334 -0.436762 0.146099
0.332833 -0.435322 0.164168
0.146461 -0.37024 0.404252
-0.326552 -0.212971 -0.265781
0.205267 -0.048785 0.468631
0.225752 -0.05521 0.460443
-0.410571 0.268557 0.016912
-0.394109 0.271397 -0.012976
-0.352255 0.106023 0.434446
0.301193 0.366478 0.231962
0.049769 -0.518707 -0.580473
0.355109 -0.329905 0.26775
0.296368 -0.231551 -0.821252
-0.165184 -0.244449 0.429457
-0.148518 -0.258383 0.430624
0.142985 -0.098792 -0.791095
0.418919 -0.250827 -0.329539
-0.168124 -0.282505 0.410801
0.273358 0.423677 0.004681
-0.054166 0.399332 -0.051552
0.319228 -0.351672 0.284771
0.303791 -0.367984 0.281812
0.259703 0.413817 -0.00417
0.451959 -0.125133 -0.229061
-0.321465 0.336064 0.126504
-0.394831 0.436387 0.308312
-0.412282 0.432342 0.314775
0.323519 -0.410507 -0.499189
-0.105671 -0.491488 -0.215712
-0.123413 -0.487724 -0.205622
-0.032885 0.131902 -0.690316
-0.035378 0.092832 -0.711358
0.382582 0.23886 0.304768
-0.2611 -0.302663 -0.653763
-0.0789 -0.474963 0.298569
0.167289 -0.324382 -0.844492
0.337149 -0.041459 0.428342
0.326403 -0.057595 0.435077
0.305489 -0.055328 0.436746
-0.279909 -0.213222 -0.546355
-0.270928 -0.205638 -0.523107
-0.220058 -0.332569 -0.625648
-0.235392 -0.318389 -0.622049
-0.330294 0.350086 0.186176
0.214913 0.340443 0.308855
0.310091 0.100675 -0.277453
-0.038531 -0.490256 0.270083
0.225282 0.043788 -0.681447
0.218227 0.044062 -0.703473
0.124522 -0.006894 0.515566
-0.320909 0.463292 0.384584
-0.282742 0.469673 0.377467
0.549966 -0.050708 -0.151013
-0.184656 -0.33888 -0.289446
-0.188193 -0.318084 -0.287862
-0.176489 0.125342 0.507489
-0.219512 -0.282196 -0.440656
-0.231753 -0.260087 -0.445512
-0.353506 0.148955 -0.09545
-0.346364 0.168875 -0.085551
0.50606 0.145125 0.165957
0.10611 -0.505089 -0.255677
0.258802 -0.023349 0.446432
0.23915 -0.015104 0.461063
0.553191 0.038571 0.001521
0.384364 -0.080167 0.392685
0.39393 -0.061054 0.386047
0.369185 -0.07972 0.40838
0.033773 0.411697 0.035328
0.017635 0.403968 0.024273
-0.164268 -0.452779 0.303176
-0.129372 -0.452045 0.320852
-0.294584 -0.133095 -0.509686
0.46923 0.050219 -0.213502
0.471135 0.02767 -0.223833
0.290624 -0.224631 -0.733191
0.198356 0.089864 -0.51876
0.190252 0.090766 -0.537943
0.207132 0.088734 -0.499979
0.397646 0.362488 0.150156
0.454449 -0.109767 -0.242599
0.26211 0.000136 -0.640164
-0.213977 -0.402789 0.318268
0.263296 -0.325772 0.374568
0.252374 -0.320261 0.386766
0.254826 -0.300549 0.391499
0.27834 -0.321707 0.365711
0.515103 0.117797 0.132114
0.517899 0.095703 0.143913
0.515217 0.11854 0.161788
0.218225 0.055564 -0.66621
0.230763 0.032082 -0.692379
-0.422948 0.178169 0.079716
0.041677 -0.466472 0.317482
0.01665 0.058567 0.511421
0.03652 0.067589 0.510878
-0.242286 -0.394204 -0.050787
0.538149 -0.090473 -0.062152
0.540403 -0.070267 -0.059574
0.251416 -0.049818 -0.755563
0.24496 -0.057946 -0.775974
-0.163419 0.492677 0.267608
-0.171029 0.498173 0.244728
-0.182805 0.507169 0.261474
-0.100568 -0.27 0.460565
-0.108554 -0.252651 0.457337
-0.034187 -0.200369 -0.76986
0.245805 -0.010887 -0.717949
-0.238914 -0.282251 -0.296672
-0.244567 -0.276684 -0.314062
-0.263384 -0.264297 -0.314043
-0.018484 -0.321964 -0.800711
-0.434925 0.034692 0.039832
-0.008208 -0.069169 0.513332
0.486677 -0.208452 -0.067369
0.423769 0.154704 0.260379
0.445004 0.139004 0.263047
-0.027036 0.260375 0.448739
0.265872 -0.051919 -0.711871
0.264426 -0.037331 -0.693926
-0.25807 -0.193794 0.398897
-0.25962 -0.176746 0.413446
-0.242283 -0.207703 0.402679
0.023882 -0.529117 -0.181489
-0.339979 0.280451 -0.387684
0.397944 -0.263194 -0.282637
0.308699 -0.341867 0.303543
0.108122 0.337444 -0.203681
0.087426 0.356843 -0.166905
0.028124 0.228244 -0.521942
-0.018779 0.077502 -0.71864
-0.041292 0.069421 -0.714095
0.474712 -0.230264 -0.068959
-0.11694 -0.027483 0.509173
0.022388 0.368677 -0.244432
0.043083 0.358075 -0.250483
0.040319 0.366598 -0.228868
0.294969 0.249241 -0.03946
0.069669 -0.560841 0.010704
0.093511 -0.560428 0.038151
0.523243 0.165488 0.01274
0.332596 -0.133941 -0.598274
0.373545 0.33247 0.187002
0.257869 -0.227922 0.423819
0.273607 -0.218944 0.420151
0.09607 -0.480528 -0.695613
-0.168439 0.161064 0.503728
-0.279684 0.5156 0.202223
-0.410348 -0.021246 -0.00684
0.301973 -0.089424 -0.600503
0.295011 -0.086686 -0.638219
-0.444727 -0.23871 0.085725
-0.461928 -0.220187 0.088728
-0.427577 -0.248085 0.089154
-0.466459 -0.244782 0.102807
0.198445 -0.503822 -0.599862
-0.277745 0.323343 0.435684
0.300318 -0.129813 -0.681239
0.442941 -0.247091 -0.152614
0.443119 -0.261406 -0.139697
0.108865 0.118856 -0.545017
0.092908 0.13131 -0.55052
-0.37058 -0.142207 -0.034319
0.234645 0.048636 -0.626046
-0.287586 -0.015976 -0.589935
-0.278104 -0.030103 -0.596409
-0.34994 0.173876 -0.065761
0.394224 -0.270079 -0.304255
-0.282689 -0.269108 -0.084293
0.275973 0.163542 -0.151074
0.0438 0.378471 -0.127132
0.320516 -0.477522 -0.100136
0.228563 -0.00024 0.470297
0.261837 -0.00332 0.457353
0.365043 0.159633 -0.245762
0.242981 -0.507848 0.116671
0.240151 -0.518201 0.082854
0.388581 -0.175524 0.325283
0.388472 -0.192074 0.318994
0.338747 -0.362897 -0.273684
0.330313 -0.37922 -0.283257
0.450346 -0.215058 -0.163587
0.30663 -0.21978 0.398223
0.319321 -0.202203 0.398328
0.301681 -0.203269 0.410684
0.27985 -0.054229 -0.655488
0.056681 0.282215 0.404755
-0.267837 0.382721 0.428033
0.346125 -0.440081 0.126968
0.357384 -0.426919 0.139398
0.374278 -0.414882 0.130984
0.408243 -0.380378 -0.104124
-0.436363 0.111716 0.359409
0.450905 -0.140027 -0.313639
0.332696 -0.36115 -0.293287
-0.229064 0.494622 0.307686
-0.260993 0.500739 0.297002
0.340436 -0.354158 -0.323665
0.213254 -0.490462 -0.612806
0.231669 -0.481991 -0.603782
0.248239 -0.466323 -0.594449
0.227897 -0.478614 -0.624928
0.311409 -0.417527 -0.530631
0.287189 -0.439376 -0.542593
0.161944 -0.5519 -0.018735
0.171858 -0.548119 0.001652
0.185797 -0.04164 0.47596
0.221827 -0.033258 0.464296
-0.239067 -0.270313 -0.353772
-0.195113 -0.332808 -0.521305
-0.204421 -0.328168 -0.538253
0.28424 -0.35227 -0.691376
0.243016 -0.217948 0.43568
0.267427 0.155869 -0.190496
0.207759 -0.539039 -0.015891
0.358052 0.143175 0.320681
0.178131 0.310953 -0.117484
0.076294 0.527959 0.139738
0.002033 -0.455251 -0.726512
-0.030107 -0.454379 -0.703813
0.263735 -0.024214 -0.675498
0.248137 0.003964 -0.68837
-0.265659 0.309332 -0.222026
-0.271003 0.308949 -0.201394
-0.091392 -0.425386 -0.600112
-0.204492 -0.35154 -0.109926
-0.216263 -0.341115 -0.095899
0.295872 0.119821 0.441357
-0.263054 -0.200872 -0.496321
0.328191 0.112537 0.39353
0.195363 -0.196499 0.463279
0.171566 -0.200272 0.469242
0.198325 0.268203 -0.156735
0.187152 0.282282 -0.173956
-0.229308 0.029304 -0.655645
-0.422387 0.048186 -0.208947
-0.428463 0.025467 -0.214743
-0.425682 0.031289 -0.197189
-0.425263 0.038979 -0.23094
0.261531 -0.504617 -0.143753
0.251713 -0.512015 -0.124389
0.306624 0.10001 0.439775
-0.171679 0.469851 0.323936
-0.165997 0.46022 0.342647
0.109519 -0.535391 -0.522756
0.100922 -0.532909 -0.538931
-0.282613 -0.138736 0.418097
-0.276186 -0.159054 0.411231
0.541482 0.123035 -0.027785
-0.153968 0.372798 -0.147812
-0.184092 0.351593 -0.157726
-0.045439 -0.409003 -0.811972
-0.306145 0.332173 -0.033034
-0.143375 0.416289 0.091797
-0.129572 0.419223 0.080291
0.264446 -0.456444 -0.577484
0.25166 -0.474051 -0.570102
-0.441052 -0.140196 0.203349
0.052447 -0.559617 0.023799
-0.026664 -0.400721 0.38384
0.20345 0.263488 -0.137104
0.210484 0.24919 -0.146751
-0.216031 0.502623 0.300035
-0.213981 0.490228 0.315644
-0.237663 0.505209 0.292676
0.135783 -0.332395 -0.838628
0.24061 0.03672 -0.643693
0.244333 0.02457 -0.659855
-0.286185 -0.261706 -0.032261
-0.276441 -0.276239 -0.046941
-0.301548 -0.235773 -0.295163
-0.277547 -0.25963 -0.275254
0.498567 -0.042404 0.126875
0.232123 0.209181 -0.250514
-0.18896 -0.519888 -0.11303
-0.168104 -0.522295 -0.104767
0.235604 -0.485287 -0.582121
-0.077998 -0.496316 0.268109
-0.042502 -0.502499 0.232725
0.225344 -0.463251 -0.271086
0.083018 -0.528649 -0.562727
0.411311 -0.229732 0.27779
0.398614 -0.236757 0.294564
0.4834 -0.084972 0.160928
0.149586 -0.51022 -0.316283
-0.021692 0.463467 0.271164
0.352016 0.104037 -0.264008
0.008249 0.170588 -0.58676
0.403724 0.188834 0.274448
0.396315 0.180312 0.292833
0.27915 -0.041641 -0.636217
0.27184 -0.032813 -0.656267
0.111561 -0.008669 -0.765018
0.204003 -0.496371 -0.209307
0.190462 -0.50829 -0.192689
0.202365 -0.51055 -0.172857
0.501087 -0.179815 0.050262
0.497302 -0.18155 0.070439
0.494967 -0.198377 0.021868
-0.407242 0.003432 -0.089239
-0.31195 0.357188 0.434958
0.26163 -0.443996 -0.267426
0.195329 0.280617 -0.135971
0.234552 0.241884 -0.083995
0.506793 0.114611 0.079419
0.513342 0.118351 0.059385
-0.020642 -0.506576 0.227986
-0.388516 0.011116 -0.428779
-0.38555 -0.013084 -0.428431
0.359431 0.35552 0.055894
0.084529 0.355236 -0.185526
0.072174 0.359429 -0.1983
0.101693 -0.536657 -0.356356
0.120786 -0.533119 -0.345995
-0.425494 0.023995 -0.179969
-0.42995 0.002492 -0.178996
0.287531 -0.085548 -0.674865
0.294149 -0.106665 -0.678092
-0.165586 -0.406469 0.339121
0.054326 0.136016 -0.592139
0.092193 -0.311396 -0.820358
-0.081171 0.003398 0.518112
-0.062721 -0.00235 0.517904
-0.241753 -0.415519 0.269201
-0.236748 -0.421978 0.253133
0.107006 -0.449204 0.33608
0.081314 -0.457593 0.329282
0.099137 -0.466959 0.316616
0.328087 -0.412352 -0.230792
0.326203 -0.398575 -0.274938
0.188843 -0.528375 -0.138277
0.195086 -0.53452 -0.095168
0.478041 -0.238298 0.057514
0.29374 0.319238 0.27719
0.39569 -0.357637 0.173659
0.375118 -0.357063 0.210101
0.156677 -0.417184 0.355737
0.471792 -0.255164 0.063718
0.467807 -0.168702 0.234146
0.072042 0.454356 0.046439
-0.384803 0.141599 -0.196547
0.427906 -0.345797 -0.154004
0.419863 -0.354085 -0.119161
0.22722 -0.263372 -0.844064
0.428274 -0.37895 0.007815
-0.337854 0.478252 0.320965
-0.382018 0.472478 0.335857
0.451552 -0.145029 -0.219308
0.466215 -0.128164 -0.212134
-0.173096 -0.335641 -0.766155
-0.030535 -0.095328 0.517978
-0.005903 0.560654 0.175536
-0.368319 -0.353113 0.236751
0.054505 -0.396098 0.407176
0.048476 -0.406789 0.391662
0.082888 0.12877 -0.569092
-0.016444 0.393451 -0.0533
-0.033329 0.397988 -0.041573
0.356066 -0.373398 -0.534723
0.332041 -0.303721 -0.658059
-0.072095 -0.483245 -0.487711
-0.062683 -0.498857 -0.501464
0.416026 -0.192647 -0.247549
0.249693 0.460874 0.074814
0.247364 0.469644 0.05684
0.256184 0.450503 0.057717
-0.211979 -0.496283 -0.137262
-0.193897 -0.495203 -0.151987
-0.209489 -0.478772 -0.154151
-0.171414 -0.512358 -0.125103
0.029927 0.253367 0.443594
0.013368 0.227316 0.457043
0.031395 0.237798 0.451425
0.127438 -0.550742 -0.101225
0.103994 -0.554041 -0.096503
0.395108 -0.309502 -0.343101
0.247894 -0.172762 -0.824665
0.119245 -0.556267 0.063141
0.105827 -0.554231 0.079632
-0.164494 -0.352699 -0.501148
-0.358932 0.202959 -0.549748
0.254736 -0.466403 -0.369672
0.244674 -0.475978 -0.383504
-0.379585 -0.222735 0.016689
-0.377217 -0.209019 0.005357
-0.370952 -0.235086 0.026898
-0.194343 0.344029 -0.14306
-0.044615 -0.085485 0.518935
0.161614 -0.522619 -0.427628
0.142474 -0.516541 -0.40642
0.157035 -0.514109 -0.450694
-0.095667 0.019414 0.519317
0.303532 -0.290044 -0.67841
-0.371673 0.17453 -0.326042
0.493885 -0.064542 0.124333
-0.45164 0.12888 0.352614
0.493914 -0.027443 -0.221761
-0.275903 -0.114322 -0.588428
0.354849 -0.30158 -0.630195
0.363974 -0.304825 -0.608119
0.047029 -0.45688 0.330542
-0.031863 -0.28516 0.478707
-0.022777 -0.26298 0.484248
0.263613 -0.473601 0.179081
0.255144 -0.490057 0.154783
0.238397 -0.484594 0.180211
-0.212296 -0.334086 -0.112155
-0.202617 0.107201 -0.638965
-0.219472 -0.278531 -0.356508
-0.229464 -0.280239 -0.33309
0.508132 0.213245 -0.050902
0.185774 0.27564 -0.191269
0.21469 0.147165 0.440719
0.20302 0.159817 0.432511
0.26865 0.037532 -0.516984
-0.138841 -0.227718 0.447344
-0.150668 -0.211726 0.458677
-0.160812 -0.193174 0.464225
-0.269376 -0.180444 -0.709994
-0.202788 0.514748 0.232152
-0.301048 -0.269436 0.027088
0.388503 -0.221856 0.306778
-0.440576 0.104704 0.012645
-0.44583 0.116154 0.044137
-0.444946 0.138202 0.0436
-0.277135 -0.200409 0.386443
0.287587 -0.505999 -0.01195
0.296515 -0.500287 0.004416
0.279918 -0.512588 0.005782
-0.415451 0.0172 -0.122863
0.349691 0.073571 -0.332586
0.373777 0.047026 -0.354924
0.352488 0.059103 -0.351571
0.329469 0.077963 -0.32427
0.31901 -0.460947 0.136856
-0.10074 -0.329787 0.416324
0.426732 0.121144 0.293327
0.458059 0.124549 0.273117
0.232738 0.08686 -0.43829
0.19963 0.076927 -0.633521
0.179996 0.086887 -0.637724
0.166866 0.092028 -0.621261
0.367477 -0.400401 -0.20855
0.37363 -0.408835 -0.188454
-0.033519 -0.467797 -0.606493
0.3187 -0.428259 -0.370568
0.307107 -0.431414 -0.355686
-0.16713 0.133005 -0.639008
0.037421 0.187993 -0.55043
0.047655 0.202043 -0.533721
0.21648 0.096821 -0.442162
0.245189 0.081834 -0.425056
-0.251086 0.388877 0.090208
-0.216173 0.402736 0.072841
-0.219199 0.39835 0.089714
-0.080548 -0.308605 -0.782416
-0.409916 0.056883 -0.055867
0.071764 -0.277016 -0.810995
0.05647 -0.28724 -0.810404
0.052392 -0.515282 -0.601385
-0.247045 -0.371692 -0.04637
0.223505 -0.469361 -0.24527
-0.147463 -0.427665 -0.338042
-0.159818 -0.496217 0.248159
0.15395 -0.515994 -0.47268
0.179901 -0.517306 -0.443529
0.537461 0.025656 0.084776
0.530757 0.016993 0.102238
-0.349264 0.007111 -0.529642
-0.333226 -0.000645 -0.54736
-0.35019 0.047429 -0.548519
-0.140308 -0.424007 -0.460237
-0.136568 -0.422973 -0.482746
0.103688 0.547589 0.194719
0.102168 0.541047 0.175008
0.086072 0.554697 0.205642
0.283567 -0.334066 0.345544
0.297187 -0.337132 0.32299
0.305497 -0.320083 0.338283
-0.421907 0.050805 -0.247941
-0.424738 0.030473 -0.250256
0.185229 0.185318 -0.402386
0.424706 -0.286752 -0.466977
0.432531 -0.279859 -0.443037
-0.430284 -0.039454 -0.183498
-0.431401 -0.026817 -0.196387
0.276677 -0.075416 -0.709067
0.386022 -0.420151 -0.106276
-0.27851 0.299523 -0.148906
-0.293548 0.302549 -0.156006
-0.443543 0.161131 0.044568
-0.447194 0.151652 0.024687
-0.269598 -0.41817 0.236674
0.279059 -0.481541 -0.180725
0.298228 -0.472265 -0.180662
0.29136 -0.484407 -0.162648
-0.405643 0.081581 -0.10469
-0.408992 0.063169 -0.117475
-0.47823 -0.218886 0.106944
-0.485268 -0.236769 0.118416
0.260564 -0.264654 0.401181
-0.111858 -0.24653 -0.760912
-0.087958 -0.254313 -0.768542
0.257095 0.079156 -0.395269
-0.076178 -0.447759 -0.671
0.323198 -0.287039 -0.669065
-0.355864 0.234095 -0.09113
-0.360882 0.2442 -0.070755
-0.015878 0.49825 0.252473
-0.317855 -0.389283 0.255959
0.329592 -0.114899 0.431929
-0.352599 0.310564 0.113964
-0.34986 0.320861 0.090676
-0.330708 0.340308 0.085052
0.310004 -0.449807 -0.446179
0.318136 -0.445855 -0.427297
0.249171 -0.473859 -0.481559
-0.277668 0.259374 0.444087
-0.296737 0.271482 0.444435
0.273827 -0.05842 -0.692042
0.18902 0.047933 0.476542
0.354367 -0.282485 -0.641347
0.089715 -0.164744 -0.792565
0.099014 0.139032 0.495302
0.101823 0.161 0.487359
0.120704 0.127819 0.493968
0.121097 0.172677 0.483608
-0.480063 0.258766 0.241699
0.519193 0.081163 0.09693
0.364629 0.25311 -0.016119
0.338261 0.256671 -0.017764
0.103593 0.117939 0.498608
0.118846 0.104742 0.496297
0.138744 0.114795 0.486189
0.15078 -0.337178 0.422805
0.138978 -0.354109 0.416345
0.160798 -0.353693 0.41142
0.406876 -0.32601 -0.212473
-0.438071 0.082304 0.004632
-0.429854 0.084037 -0.016423
-0.443212 0.088735 0.026156
0.493081 -0.051251 -0.223707
-0.389777 -0.170388 0.023418
0.121619 -0.418375 0.369581
0.125223 -0.432484 0.348924
0.321523 0.210247 -0.056166
0.302542 -0.397236 0.250331
-0.436353 -0.145696 0.057876
0.109864 -0.442528 -0.764183
0.377612 0.217892 -0.056399
0.090984 0.487967 0.119533
0.411413 -0.141463 -0.539613
0.39664 -0.148784 -0.555727
-0.228466 -0.297119 -0.152638
-0.279289 0.426833 0.168737
0.090014 -0.521752 -0.417894
0.09569 -0.528912 -0.401473
-0.321108 -0.279525 0.367756
0.352268 -0.364652 -0.374588
0.319834 -0.028996 -0.522377
-0.00152 -0.498959 0.259431
-0.176498 -0.350446 0.37435
-0.179118 -0.329341 0.38625
0.439799 -0.333421 0.053707
0.442437 -0.339632 0.038556
0.037155 -0.287473 -0.80617
0.238559 0.345737 0.273563
0.014659 -0.22066 -0.786427
0.184937 0.346269 -0.040909
0.459347 -0.292887 -0.02335
-0.229085 -0.485964 -0.072646
0.153614 -0.344429 -0.845407
0.168183 -0.366627 -0.852778
-0.15664 -0.400561 -0.39144
0.242687 -0.464999 -0.632641
-0.223411 -0.264038 -0.424553
-0.389352 0.12333 -0.296665
0.486063 -0.219677 0.062969
0.480496 -0.229355 0.041598
-0.359155 0.304047 0.179162
-0.458342 0.417554 0.283964
-0.46968 0.395652 0.295508
-0.119854 -0.421961 0.348385
-0.10187 -0.409099 0.360405
-0.12513 -0.398874 0.35854
0.327401 0.074769 0.38475
-0.106888 -0.457477 0.318994
-0.426993 0.010846 -0.252855
0.006773 0.341115 -0.329031
0.197572 0.09723 -0.483114
0.20703 0.096126 -0.463075
0.261764 -0.307823 -0.717304
0.220018 0.158178 -0.339323
0.445541 -0.284739 0.1539
0.449722 -0.271629 0.16758
0.09143 -0.560053 -0.019875
0.084335 -0.560356 -0.000116
0.296074 -0.318273 0.357611
0.28896 -0.3005 0.370098
0.269086 -0.310317 0.380015
-0.329562 -0.250601 0.021205
-0.338097 -0.238419 0.005598
-0.313587 -0.258772 0.018664
0.211143 0.170753 -0.348059
0.204366 0.174881 -0.364443
0.403718 -0.221789 -0.558748
0.392931 -0.236865 -0.574859
0.328333 -0.369149 -0.325061
0.417559 -0.355483 0.106715
0.425537 -0.347612 0.087107
0.432973 0.243713 0.100345
0.448679 -0.181586 -0.323963
0.451868 -0.213643 -0.360818
-0.345354 0.167189 -0.107452
-0.35265 0.171301 -0.127635
-0.348117 0.184392 -0.115227
-0.293935 0.519998 0.276624
-0.058151 0.405891 0.374357
-0.038443 0.398067 0.376599
0.468791 0.087049 -0.183503
-0.414737 -0.016565 0.027067
-0.418627 -0.001031 -0.004035
0.373158 -0.227644 0.321548
0.50909 0.142352 0.092432
0.203994 0.242069 -0.21241
0.205253 0.244726 -0.19083
-0.29917 0.28093 -0.431807
-0.320064 0.279812 -0.423105
-0.327345 0.253849 -0.452104
-0.314738 0.269826 -0.442878
0.273099 -0.270368 0.390618
0.412762 0.24611 0.244444
0.202643 -0.527572 -0.120013
0.20866 -0.520117 -0.141562
0.273608 -0.381183 0.296023
0.262508 -0.383864 0.313348
-0.01023 0.555045 0.150789
-0.081192 -0.54989 0.082222
-0.065038 -0.551459 0.096719
-0.044495 -0.553235 0.091165
0.160078 0.095559 -0.585586
-0.184733 -0.541774 0.120807
-0.316907 0.481548 0.3205
-0.109014 -0.546149 0.123466
-0.100859 -0.54919 0.108557
0.049579 -0.560372 -0.044707
-0.117167 0.23259 -0.572578
0.342091 -0.409877 0.19118
0.338946 -0.422176 0.177993
0.165744 -0.093079 -0.794735
0.366588 0.244245 0.314539
0.355607 0.275374 0.302218
0.213693 0.330027 0.325705
0.1281 -0.349319 -0.840611
0.10731 -0.559132 -0.034719
0.017791 -0.523501 0.209499
0.188993 -0.426703 -0.742851
0.327375 0.091571 -0.286462
0.339033 0.122469 -0.263218
0.354407 0.171038 -0.229631
0.339963 -0.216668 0.371403
0.323985 -0.21821 0.385589
0.336603 -0.200891 0.385327
0.418189 -0.363197 -0.104115
-0.084466 -0.551076 0.103307
-0.257704 -0.317661 0.018423
0.227489 -0.518255 -0.126279
0.326009 0.130898 0.387063
0.366067 -0.331469 -0.334149
0.379828 -0.315748 -0.329303
0.380658 -0.324981 -0.348735
0.135927 -0.55253 0.065771
-0.045926 -0.263586 0.484306
0.176751 0.279239 -0.207094
0.19219 0.261096 -0.204501
0.31669 -0.457987 -0.182087
0.462535 -0.274381 -0.024117
0.457866 -0.286895 -0.041468
0.381721 -0.316895 -0.510242
0.385109 -0.299883 -0.51847
-0.084948 -0.301425 0.456257
0.513554 0.007634 0.154504
0.087171 0.168091 -0.530859
-0.232625 -0.38826 -0.213646
-0.131432 -0.439383 -0.248268
-0.156871 -0.442758 -0.201558
-0.282524 -0.090095 -0.558137
-0.066531 0.167179 0.503873
-0.097979 -0.16641 0.493472
-0.33665 -0.062801 -0.510502
0.408667 -0.030018 -0.485949
0.24784 0.164675 -0.181816
-0.31685 -0.435452 0.110142
0.025293 -0.391189 -0.824241
-0.096367 -0.198671 0.475204
-0.02852 0.39075 -0.160641
0.15441 -0.212835 -0.812558
0.096892 -0.357007 0.421996
0.459535 -0.177454 -0.348024
0.016889 -0.537992 0.17569
-0.147385 0.096966 0.516284
0.487426 -0.21141 0.165609
-0.285793 -0.225203 -0.569913
0.323355 0.11725 0.371852
-0.370643 0.122607 -0.534683
0.199299 -0.205928 -0.820416
-0.144842 -0.40236 -0.787674
0.103812 0.15588 -0.525183
-0.463107 -0.146507 0.163337
0.283065 0.440359 0.164445
0.211921 0.428753 0.166532
-0.256473 -0.045358 0.48792
0.450591 0.002614 -0.323047
-0.351053 -0.367677 0.201094
0.020042 -0.451491 0.348256
-0.444771 0.162053 0.258262
-0.245416 0.214931 -0.605655
-0.392113 0.178914 0.417187
-0.07556 -0.438467 -0.81201
-0.431178 -0.234449 0.286282
-0.257221 -0.475893 0.012084
0.02044 -0.517115 -0.281437
-0.20889 -0.449833 -0.751762
-0.173447 -0.454637 -0.788843
0.157877 0.476149 0.149401
0.078138 0.205546 -0.512571
-0.120535 0.151955 0.510365
-0.272592 0.293006 -0.076539
-0.358175 0.323853 0.182324
0.258515 -0.46207 -0.219354
0.252549 -0.350715 -0.727198
-0.395845 -0.082606 -0.318109
-0.168854 -0.411146 -0.30453
0.164264 -0.52534 -0.504214
0.520287 0.187628 -0.078611
-0.192113 -0.174724 0.470812
-0.410578 0.257289 -0.002399
0.439549 0.253894 0.08843
0.016818 -0.552895 0.094392
-0.093736 0.279123 -0.50345
0.244932 -0.525659 -0.06798
-0.062476 -0.531728 -0.375346
-0.227841 -0.421626 -0.108983
0.279553 0.300434 0.315133
-0.295476 0.368205 0.087809
-0.140871 -0.552491 -0.066825
0.372446 0.22743 0.321058
0.310111 -0.026097 0.423988
0.03071 -0.181506 -0.781707
0.239929 0.067582 -0.52763
0.357399 -0.270247 0.318863
0.505109 -0.150599 0.0767
0.227773 -0.472234 -0.347358
0.538944 0.054254 0.059775
-0.0983 -0.46823 -0.442485
-0.379208 0.258465 0.137105
0.286091 -0.182129 -0.825001
-0.419216 -0.254909 0.284714
0.472551 -0.053463 -0.431331
-0.401921 0.281372 -0.211131
0.011959 0.242273 -0.516188
-0.375329 0.308456 -0.313766
0.270784 0.244298 -0.054941
-0.373553 -0.170788 0.007433
-0.025227 -0.527995 -0.511983
-0.118581 0.425338 0.025902
-0.235604 -0.399876 -0.073238
0.154986 0.027796 0.48732
0.459478 0.074546 -0.205904
-0.346018 0.185344 -0.586307
-0.141718 -0.502294 -0.174971
-0.172969 -0.288001 -0.755336
-0.125828 0.272781 0.470517
-0.265512 -0.281602 -0.235975
0.392745 0.07335 0.327156
0.567034 0.027514 -0.053527
0.110476 -0.392845 -0.845163
0.407803 -0.253998 -0.536946
-0.483418 -0.065244 0.137127
0.159109 0.185339 0.465267
-0.120767 -0.097453 0.529603
-0.396152 -0.011549 -0.388305
0.076189 0.494423 0.10147
-0.245551 0.337741 -0.045188
0.20711 0.088269 0.468894
-0.355117 -0.359591 0.162801
0.448599 -0.233727 0.21242
-0.212846 -0.390572 -0.210252
0.433597 -0.364954 -0.034812
-0.250811 -0.04083 -0.678943
0.127092 0.228364 0.443032
-0.057576 -0.098737 -0.741538
0.298884 0.08049 0.446657
-0.327906 0.366759 0.019641
0.087073 0.233434 0.442868
0.240488 0.048744 0.467999
0.034427 0.218696 0.459079
0.187394 0.106165 -0.466178
0.219109 0.323873 -0.041409
0.197738 0.447947 -0.034663
0.383919 0.146487 0.299515
0.177317 0.113615 0.467518
0.508225 0.143887 -0.123736
-0.291357 -0.318579 0.072299
-0.324696 0.223806 -0.580955
-0.394497 -0.085331 0.373241
-0.405665 -0.151117 0.370042
-0.377806 -0.233493 0.046346
-0.343847 0.294054 -0.316753
0.50834 0.043372 -0.195243
0.473413 -0.099953 -0.317328
-0.42485 -0.031309 0.362937
-0.040184 -0.135308 0.520861
0.204735 0.220751 0.411611
-0.489912 0.223648 0.283468
-0.316631 -0.065181 -0.532915
0.137585 -0.522316 -0.355952
0.394081 0.281019 0.24645
0.449231 -0.311653 -0.078994
-0.526022 0.048661 0.217369
0.433245 -0.066225 -0.48798
-0.037975 0.376004 -0.265032
-0.170761 0.35692 -0.192513
-0.230918 0.431027 0.154143
0.021714 0.318777 0.42213
-0.011819 -0.542055 0.146762
-0.326523 -0.389247 0.220981
0.067817 0.289669 0.391325
0.14762 -0.552497 0.035102
0.316924 -0.09767 -0.587644
-0.094743 -0.570766 -0.036846
0.229851 0.205923 -0.290297
0.079172 0.064846 0.51591
0.257722 -0.426531 0.273172
-0.065253 0.143595 -0.648615
-0.31563 -0.240102 -0.05073
0.075241 0.245515 0.431758
0.341943 -0.166016 0.395625
-0.081418 -0.141552 0.520927
-0.372014 0.147265 -0.158423
0.085412 -0.497073 -0.654911
-0.37153 -0.163816 -0.184931
-0.376123 -0.187085 0.335627
-0.126381 0.297993 -0.472127
0.082439 -0.418141 0.384704
0.016831 -0.540695 -0.469052
0.208285 -0.479651 -0.343014
0.322566 0.009647 0.407639
-0.407932 -0.092539 -0.239361
0.276477 -0.114912 -0.783818
-0.012268 -0.393616 0.399835
0.057959 -0.46723 -0.809591
0.46125 0.170993 0.237616
0.05709 -0.453998 -0.750176
0.378327 -0.024083 0.406615
-0.33763 0.323975 0.439494
0.465218 -0.104942 0.251284
0.23594 0.068809 0.466604
-0.484113 0.257692 0.262267
-0.44811 0.102799 0.203275
0.073641 0.069603 -0.743938
-0.028351 -0.561132 -0.111165
-0.477748 0.079095 0.288568
0.051736 0.449558 0.050981
0.367992 0.292439 0.274943
0.1202 0.468675 0.269869
-0.119764 0.045967 -0.69813
-0.29166 -0.258435 -0.074121
0.269051 0.009481 -0.585833
0.475824 -0.241874 0.008141
-0.266865 -0.221747 -0.720031
0.138591 -0.555738 -0.017539
-0.38801 0.250662 0.120857
-0.284561 0.132237 0.464549
0.363439 -0.022763 -0.480774
-0.041276 -0.411309 0.370574
0.441682 -0.10319 -0.480337
-0.227254 0.373471 -0.039559
0.171894 -0.509087 -0.374433
0.494776 0.215117 -0.090642
-0.414606 0.239653 0.072023
-0.111904 0.55428 0.15965
0.050722 0.510472 0.269885
-0.247727 -0.178123 0.432179
0.018875 -0.470058 -0.67578
0.127813 -0.366549 0.408661
0.395885 -0.284873 0.246691
-0.321467 0.474587 0.303467
0.44289 -0.033631 0.293635
-0.237853 -0.52461 0.028425
-0.301129 -0.205565 -0.708677
-0.072619 -0.492322 -0.446414
0.146758 0.191949 -0.463036
-0.020496 -0.052484 -0.740447
0.194807 -0.146495 -0.808795
-0.223504 -0.265151 0.400517
-0.214109 -0.308266 -0.268523
-0.145186 -0.473446 -0.771663
0.132308 0.503144 0.182977
0.259969 -0.321933 -0.859278
-0.491724 -0.082809 0.282341
0.182713 -0.021815 0.478261
-0.175621 -0.370942 0.360048
-0.207992 -0.338141 -0.608125
-0.029996 0.366849 0.400313
-0.06128 -0.457195 -0.553427
-0.35938 0.212829 -0.129863
-0.320198 -0.409705 0.080486
0.04076 -0.524534 -0.523402
-0.094479 -0.423572 -0.804491
0.477248 -0.165489 -0.421668
0.13592 -0.281967 -0.824591
0.126076 0.493429 0.145847
-0.33761 -0.09634 -0.482886
0.234904 -0.332876 0.392279
-0.157014 0.429261 0.006923
-0.069711 -0.2614 0.479152
0.113676 0.482065 0.112186
0.548269 0.000834 0.054019
0.21557 0.177257 0.423321
0.378374 0.009947 -0.429251
0.554937 -0.027718 -0.06447
-0.282817 -0.452022 0.028758
-0.363156 0.392477 0.408896
0.203108 0.059379 -0.702036
-0.457222 0.347037 0.333881
-0.263895 0.028439 0.478851
-0.469225 0.185844 0.376486
-0.258273 0.300641 -0.363044
-0.400071 0.104287 -0.193601
0.245504 0.310331 0.311955
0.110582 0.390613 -0.035758
-0.411124 0.312407 -0.233223
-0.413628 0.00032 -0.112231
0.076074 0.253947 -0.454805
0.454673 -0.256708 -0.097514
0.161538 -0.527808 0.169657
-0.418113 -0.078542 -0.135303
0.353344 -0.339262 -0.319361
0.060866 -0.463442 0.322575
-0.477189 -0.087073 0.16968
0.191082 0.03068 0.477737
0.293554 -0.463521 -0.405184
0.095162 -0.375328 -0.837591
-0.4852 0.23087 0.360111
-0.42696 0.205008 0.413056
0.066949 -0.096537 0.510111
-0.159286 0.374004 0.408829
0.031229 -0.527279 -0.505701
0.471966 0.187344 0.142144
0.39477 -0.283466 -0.24852
-0.016083 -0.564619 -0.006062
-0.406445 0.421891 0.336434
-0.222339 0.281696 -0.472052
-0.114285 -0.412166 -0.576399
0.255695 0.174622 0.433308
-0.012815 -0.436215 0.361587
-0.079639 0.040158 0.520857
-0.346854 -0.332235 0.297488
0.425866 -0.28466 -0.39382
0.038998 -0.023326 -0.748826
-0.330015 0.052862 0.450717
0.414813 0.231623 -0.0588
-0.075223 -0.15707 -0.750118
-0.375091 -0.332933 0.269272
0.009356 -0.560152 -0.112253
-0.370152 0.341478 -0.272523
-0.059928 0.339125 -0.366757
0.08613 0.001296 0.52412
-0.422263 -0.073166 -0.171092
-0.120248 -0.560112 -0.062608
-0.053851 0.198446 0.492471
-0.311104 0.302017 0.441732
0.441161 0.206643 0.179098
-0.218437 0.526339 0.24266
-0.322492 0.285504 -0.354216
0.156513 0.101433 -0.522756
-0.319835 0.354283 0.072381
-0.494674 -0.078341 0.126676
0.120159 -0.531799 -0.368423
-0.162049 -0.418823 -0.787312
0.288458 -0.239243 -0.696253
-0.484759 0.206877 0.28735
-0.407387 0.049779 -0.076107
0.363107 -0.310114 0.274558
-0.230671 -0.287503 -0.483875
0.463476 -0.272617 0.045028
-0.500643 -0.047331 0.165057
0.185171 -0.546415 -0.018022
0.029094 -0.560142 -0.07902
0.052365 0.004383 -0.748118
0.236745 0.466593 0.090494
-0.271396 0.238524 -0.595198
0.253816 -0.524261 -0.049877
-0.014972 -0.140146 -0.761248
0.068673 0.156029 0.485303
-0.053657 -0.512672 -0.4911
-0.463043 0.351104 0.218222
-0.252973 0.299057 -0.310252
0.016213 0.420554 0.038218
-0.185421 -0.28944 0.402596
0.230265 0.193547 0.418427
-0.410601 -0.006249 -0.025162
-0.203828 -0.277904 0.401784
0.36489 -0.369425 -0.504048
0.020534 -0.498877 0.264432
0.443227 0.039882 0.312532
-0.021407 -0.518756 -0.298022
0.092718 -0.518082 -0.435704
-0.26599 0.406862 0.171104
-0.086841 -0.466516 -0.302826
-0.389814 -0.110608 -0.293095
0.392801 0.248552 -0.025724
0.413181 0.289059 0.144324
0.457567 -0.028437 -0.342615
0.432197 -0.2922 -0.17929
-0.28846 -0.259351 -0.054225
0.389767 -0.255646 0.293152
-0.358224 -0.188725 -0.163858
-0.339926 -0.092043 0.427043
-0.093795 0.461521 0.282676
0.257064 -0.232455 -0.844362
0.307074 0.181146 -0.128486
0.467367 -0.220959 -0.109756
-0.381828 0.376451 0.408617
-0.077404 -0.167537 0.497217
0.373861 -0.286095 -0.595695
-0.190593 -0.534271 -0.025539
-0.066951 0.433379 0.084788
0.352807 -0.005284 -0.444672
-0.492706 0.08978 0.157201
0.441506 -0.233274 -0.167045
0.404033 -0.29012 -0.234796
0.273509 -0.252469 0.399508
0.024907 -0.45069 -0.728577
-0.297697 -0.374691 0.053999
-0.172638 -0.350173 -0.340226
-0.172681 -0.210533 0.458562
-0.028612 -0.535879 -0.391991
0.026959 -0.551262 -0.144865
-0.252165 -0.38995 -0.745729
0.216883 -0.437889 -0.722811
0.49537 -0.166639 0.113915
-0.100531 -0.472122 0.30193
0.173266 0.417588 0.312275
-0.408124 0.312117 0.216438
0.341564 -0.246398 0.347195
-0.39415 0.128086 -0.239767
0.2649 0.033852 -0.548768
-0.279825 -0.278364 0.014649
0.317348 0.429969 0.148974
-0.376176 -0.154081 -0.204586
0.238644 -0.408406 0.331117
0.513783 -0.14651 -0.111597
-0.462906 -0.110929 0.079559
-0.262666 0.098617 -0.623807
0.202641 -0.50582 0.163748
-0.275346 0.371001 0.171347
0.013147 -0.560709 0.029417
-0.25257 -0.035217 -0.659467
-0.142595 -0.42606 -0.437009
-0.46185 -0.272526 0.144256
-0.301398 -0.48828 0.053883
-0.402899 0.091057 -0.314698
-0.121059 0.377347 -0.16335
0.008427 0.227607 -0.532895
0.366768 0.171974 -0.173735
-0.118365 -0.519175 -0.147372
0.301572 0.30318 0.313453
-0.49907 -0.048168 0.316124
0.117854 0.108635 -0.560262
-0.429405 0.001521 0.364869
0.351138 -0.072656 -0.556381
0.452596 -0.203912 -0.418753
0.188742 0.234566 -0.279034
-0.368304 0.136665 -0.433639
-0.515035 -0.050523 0.225588
-0.354783 0.26764 -0.368657
0.132788 -0.482401 -0.70643
0.29309 0.280028 -0.032296
-0.250747 -0.246912 -0.486839
-0.341582 -0.109318 -0.463231
0.003262 -0.557293 0.062753
0.047961 -0.084735 0.510082
-0.183928 -0.222114 0.449026
0.065974 0.195882 -0.527534
0.329918 -0.472626 0.031721
-0.039781 0.338047 0.41817
0.562652 -0.002197 -0.09766
0.203792 0.221175 -0.267838
0.228873 0.088401 0.46597
0.054781 -0.516687 -0.19921
0.328681 0.056307 0.37136
-0.443645 0.002309 0.094501
0.182221 -0.472718 0.255104
0.149134 0.332942 0.360689
-0.232528 -0.407886 -0.707605
-0.322683 -0.175804 -0.665463
-0.367282 0.001667 -0.489829
-0.115379 -0.167465 -0.742504
-0.42537 0.03431 -0.015144
-0.242925 -0.373262 -0.205115
0.341185 -0.454786 -0.137844
-0.452613 -0.100247 0.238822
0.474827 -0.049737 -0.380941
-0.244125 0.425014 0.39681
0.341478 -0.375238 0.23644
0.343863 0.293726 0.299641
0.46337 -0.025038 -0.382966
0.444317 0.200211 -0.12563
0.437313 -0.231863 -0.470294
-0.456564 0.114653 0.287031
-0.031067 -0.338861 0.447134
-0.094096 -0.075041 0.523082
-0.297758 -0.147804 0.405422
-0.399729 0.295348 -0.195792
0.081117 0.452667 0.303517
-0.078265 -0.111604 -0.739281
-0.362872 0.197554 -0.532421
0.333333 -0.423384 -0.451618
0.418966 -0.207933 0.278196
0.170853 -0.099123 0.484333
-0.153265 -0.362307 0.372895
0.484159 -0.052889 -0.246119
0.312289 -0.428513 -0.493025
0.010082 0.557653 0.120817
-0.228311 -0.31137 -0.558233
-0.100976 0.383927 -0.213769
0.340318 -0.05751 -0.546526
0.31328 -0.26972 -0.678477
-0.247398 -0.00879 -0.635831
0.062321 0.546738 0.238795
-0.155854 -0.229882 -0.746351
0.30134 -0.44543 -0.487109
0.013576 0.196734 -0.557485
0.484204 -0.222389 -0.046955
-0.463654 0.291034 0.36494
-0.313915 0.304833 -0.067665
0.051425 -0.524959 -0.433327
-0.15233 -0.27546 -0.75746
-0.09259 0.456736 0.257566
-0.406798 0.120572 0.394599
-0.199575 -0.468104 0.192187
0.305899 0.211947 -0.066607
0.061486 0.368255 -0.071639
-0.365196 0.181309 -0.543337
0.442666 0.006026 -0.302819
-0.308025 -0.322218 0.33702
-0.377324 0.279733 0.098005
-0.481064 -0.110738 0.085103
0.092 -0.522565 0.218667
-0.388591 -0.243349 0.308816
0.025774 0.21058 -0.538831
-0.307421 0.429309 0.410348
-0.410847 -0.081391 -0.100299
-0.387719 0.119566 -0.167259
0.034906 -0.246519 0.479011
-0.246489 -0.297765 -0.162652
0.369835 -0.375349 -0.440732
0.034945 0.145317 -0.596123
0.234141 0.142946 -0.32845
0.395766 0.276272 0.220251
-0.016734 0.558103 0.208246
0.066261 -0.55394 -0.125747
0.149211 0.47599 0.004404
-0.453253 0.02878 0.118339
0.232298 -0.371727 -0.816618
0.237535 0.105415 -0.37064
-0.048578 0.300653 -0.448572
-0.190819 -0.447294 -0.177267
0.014949 -0.352959 -0.813448
-0.131247 -0.463588 -0.786325
-0.115605 -0.481343 -0.367027
-0.02267 0.404413 0.364024
-0.026873 0.223771 0.470308
0.545778 0.036647 0.041974
0.318078 -0.361196 -0.640761
-0.432264 -0.19471 0.265333
0.361912 -0.243751 -0.624434
-0.237312 -0.247838 -0.427925
-0.219348 0.393699 0.406392
-0.008623 -0.486537 -0.632354
-0.398707 0.427496 0.377366
0.2816 0.435906 0.07627
-0.005777 0.453084 0.28389
0.3119 0.346116 0.242177
-0.072831 0.153559 -0.632964
0.55962 -0.031068 0.019179
-0.455294 0.146835 0.367568
0.243923 -0.340974 -0.78372
0.101376 -0.065667 0.519506
0.031505 0.571738 0.170025
-0.394777 -0.274214 0.100399
0.528316 -0.120514 -0.0197
-0.174479 -0.330376 -0.329811
-0.292413 0.001295 -0.591084
-0.370339 0.277805 -0.325738
0.512053 -0.163279 0.042071
0.230668 0.19464 -0.19775
-0.09072 -0.014452 -0.715035
-0.381403 0.323032 -0.186296
0.149122 0.300704 -0.225961
-0.107334 -0.563589 -0.026261
-0.418638 -0.051462 -0.113834
0.145078 -0.506067 -0.662227
0.02705 -0.493777 -0.649215
-0.092354 -0.035048 -0.71882
0.35597 0.321592 -0.004596
0.363297 -0.17865 0.368152
0.207094 0.354647 0.296453
-0.121747 -0.454451 -0.231303
-0.314406 -0.225916 -0.276456
0.568576 0.016622 -0.092094
0.014565 0.255635 -0.497662
0.418129 -0.249573 -0.23
-0.405276 0.259289 -0.28759
-0.181715 -0.197995 -0.732889
0.340233 0.385798 0.004344
0.33565 0.341445 0.236687
0.143955 0.488166 0.144569
0.538127 0.140666 -0.069037
0.118691 -0.505818 -0.275177
0.202601 0.241897 0.407652
-0.180448 -0.360848 -0.287356
0.320068 -0.053547 -0.551693
0.18203 0.157902 -0.436371
0.465113 -0.088938 -0.280171
-0.050763 -0.482142 0.284436
0.397774 -0.405298 0.075002
0.027477 0.126795 -0.685999
0.407376 0.172102 -0.156853
-0.00981 0.39018 -0.146005
0.179139 -0.510189 -0.390148
-0.192493 0.205729 -0.604749
0.514954 -0.002684 0.135217
-0.271026 0.028978 -0.614921
-0.435565 -0.147322 0.302688
0.265002 0.310462 0.301739
-0.406867 -0.126551 0.372713
0.355214 -0.458924 -0.024431
-0.391733 0.109158 -0.150846
-0.021295 -0.466301 -0.660682
0.302709 -0.36652 -0.658968
0.451058 -0.291482 0.087644
-0.058556 -0.191033 -0.761769
-0.418532 0.249661 0.052753
0.419946 0.010401 0.362171
0.117373 -0.546641 -0.139336
0.119034 -0.528343 -0.393065
0.15144 -0.436706 -0.82004
-0.295086 -0.466579 0.134878
-0.408837 0.143076 0.401918
-0.398343 0.092658 -0.140322
0.080121 -0.471618 -0.715
0.305132 -0.492832 0.020954
0.387856 0.065166 -0.319395
-0.281106 0.461734 0.177999
-0.507992 -0.068884 0.241982
-0.132652 -0.440409 -0.305747
-0.391232 0.225724 0.417985
-0.057175 0.434233 0.032106
-0.419903 0.179392 0.191234
-0.420524 -0.080389 -0.19049
-0.317741 0.038632 0.453303
0.005959 0.021342 0.515782
0.020373 0.387769 -0.035967
-0.447067 -0.054213 0.113684
0.195864 0.206263 -0.334192
-0.099232 0.372445 -0.278548
-0.271487 -0.338583 0.350144
0.420579 0.041187 -0.311926
0.246248 -0.45728 -0.653064
0.155718 -0.290432 -0.832359
-0.127829 -0.39942 -0.566842
-0.30381 0.0217 0.456478
-0.310294 -0.434453 0.166417
0.139272 0.293281 -0.2642
-0.096903 -0.149868 -0.743165
-0.241838 -0.315745 -0.101718
0.259548 -0.51097 0.080589
0.138578 -0.420468 0.35687
0.362889 -0.453499 -0.068423
-0.104511 0.037802 -0.703215
-0.203176 -0.08258 -0.701987
0.491275 -0.192931 0.138794
-0.006558 -0.505273 0.241547
0.339075 0.31594 0.268627
-0.416478 0.196333 0.185731
-0.221996 -0.097175 -0.701082
-0.229591 0.391605 0.119949
-0.167631 -0.422291 -0.202762
-0.13112 0.353651 0.432412
0.389779 -0.292293 -0.536313
-0.199858 0.298414 -0.445003
-0.317578 -0.143781 -0.659392
-0.291215 0.359689 0.428806
0.063924 -0.417563 0.378291
0.400404 0.113587 0.310416
-0.19564 -0.528864 -0.065346
-0.20574 -0.496069 0.165348
-0.151379 -0.367492 -0.778295
0.197651 0.151074 -0.405543
-0.128608 0.050381 0.518463
0.29687 -0.429909 -0.318488
0.195639 -0.011095 -0.785343
-0.350106 0.497982 0.3643
-0.273697 -0.180028 -0.515412
0.214814 0.114423 -0.403988
-0.470642 0.395886 0.248322
-0.064309 0.120317 -0.695381
-0.037831 0.340693 -0.355222
-0.370707 -0.09806 -0.396082
-0.20575 -0.286061 -0.403248
-0.373317 0.193475 -0.03439
-0.216599 -0.220036 0.421088
-0.265246 -0.401773 0.297972
0.409089 0.328438 0.095084
-0.081309 0.386979 -0.223693
-0.407288 -0.285465 0.261596
-0.374096 -0.104644 -0.37117
0.482649 -0.036107 0.187205
-0.314364 -0.174612 0.387939
-0.023016 -0.473888 -0.64014
-0.011171 -0.244412 0.488887
0.042585 0.554158 0.111382
0.003726 -0.314375 -0.804301
0.406823 0.029803 0.368789
-0.435204 -0.015075 0.359324
-0.303218 -0.162893 -0.46713
0.280218 0.086407 -0.31744
-0.286538 0.493875 0.341712
-0.08895 -0.457146 -0.518311
0.422427 -0.202042 -0.29966
-0.075346 -0.211998 -0.762272
0.149259 0.459457 0.183066
-0.016818 0.135569 -0.674793
0.212965 -0.268821 0.428427
0.522324 -0.075819 0.068672
-0.342369 0.472381 0.225129
0.107084 -0.226334 0.47769
-0.187047 -0.528594 -0.089369
-0.175199 0.426061 0.036349
-0.168842 0.356331 0.4163
0.33749 -0.354702 -0.628579
-0.411745 0.259949 0.420367
-0.134461 -0.08174 0.529173
-0.13302 0.420775 0.058115
0.124417 -0.500869 0.243679
0.478447 -0.177584 -0.143623
-0.270031 0.356439 -0.02595
0.026006 0.384466 -0.122865
0.33856 0.022095 -0.386431
0.291759 0.064246 -0.342542
-0.099114 -0.549092 0.067968
0.318639 0.419655 0.075097
-0.45587 -0.102617 0.203508
0.16979 0.235653 -0.340732
-0.367331 0.13801 -0.550644
-0.20164 0.507865 0.29125
0.298989 -0.474553 0.137704
-0.118228 -0.205375 -0.75021
-0.402538 -0.010485 -0.048283
-0.291929 0.394068 0.015788
0.417128 0.155393 -0.167054
0.192667 0.203685 -0.352366
-0.314584 0.254643 -0.547532
-0.21975 0.32073 -0.176542
0.304889 0.222456 0.349503
-0.018054 0.376546 0.3921
0.239128 -0.525625 0.045814
-0.129706 -0.054976 -0.714013
0.257618 -0.498586 0.128554
-0.488756 0.072381 0.142302
-0.214636 -0.485063 -0.036947
0.256446 0.138748 0.447258
0.437762 -0.295615 -0.161611
-0.482237 -0.23055 0.212459
0.12973 0.252298 0.406562
0.248079 -0.457057 -0.320632
-0.369012 -0.150477 0.38381
-0.421949 0.330629 0.218972
-0.300398 -0.491261 0.102725
-0.199098 -0.297258 -0.323649
-0.266387 -0.297229 -0.196921
-0.390364 -0.067186 -0.360704
-0.413749 -0.315447 0.162344
-0.27416 -0.276621 -0.188897
0.387051 0.405187 0.11695
0.254383 -0.249562 0.413111
0.247445 0.255064 0.367015
0.460484 -0.119116 -0.316426
0.420562 -0.118894 -0.513101
-0.339442 -0.229039 -0.106772
-0.465408 0.120267 0.250742
0.019826 -0.422454 0.372627
-0.354677 -0.183664 -0.225412
0.287605 -0.075558 -0.656092
-0.090322 -0.446979 0.332725
0.084006 0.120301 0.500088
0.441585 0.147852 -0.141628
-0.440251 0.072043 0.328933
-0.238252 -0.438743 -0.006756
-0.369943 0.139509 -0.484496
-0.384176 0.092057 -0.443964
0.155764 0.042202 -0.762666
-0.068967 0.234792 0.483749
-0.370594 -0.036977 0.415974
-0.109058 -0.270558 -0.766934
0.171982 0.503269 0.120641
-0.402423 0.08698 -0.122663
-0.44995 -0.05142 0.346969
-0.257735 0.222113 0.453859
-0.203682 0.257875 0.467178
-0.220156 -0.321583 -0.146234
-0.24714 -0.231825 -0.469643
-0.118609 -0.086452 -0.723736
0.336353 -0.473883 -0.059815
-0.083901 -0.486476 -0.269422
0.103536 -0.352699 -0.834963
0.216977 0.228158 -0.178798
-0.235421 -0.338262 0.362571
-0.075791 -0.20128 0.482099
-0.111954 0.318272 -0.427228
0.390571 0.279484 0.194292
-0.058939 0.438772 0.323221
-0.392318 0.308427 -0.319339
-0.119953 -0.456433 -0.333562
-0.303877 0.144542 -0.613116
0.372091 -0.158049 0.368603
-0.163187 -0.485031 0.260105
-0.3958 0.106745 -0.079702
-0.424904 -0.029285 -0.250732
0.115627 0.02627 -0.760923
-0.387999 0.45261 0.330165
-0.359191 0.236561 -0.426531
0.016416 0.359863 0.40405
-0.425576 0.059403 0.371479
0.382341 -0.398457 0.143151
-0.29837 -0.256861 -0.661288
0.344039 -0.204906 -0.641676
0.29926 -0.430799 -0.526554
0.267476 -0.289144 -0.701806
-0.386199 0.465551 0.372588
-0.410248 0.23063 0.091576
-0.163208 0.418432 -0.025897
0.271907 -0.51397 -0.048481
0.487881 -0.141034 0.148648
0.155616 0.50469 0.101873
0.07152 0.368407 0.360934
-0.429915 0.01294 -0.19787
-0.022774 -0.530606 -0.413298
0.101911 0.350959 -0.11473
0.20086 0.505872 0.091526
-0.172597 -0.132197 -0.720547
-0.01228 -0.566131 -0.033264
-0.252269 -0.422674 0.004524
0.487006 -0.196897 0.179436
-0.139623 0.475334 0.273158
-0.353404 -0.025755 0.424906
-0.394906 -0.223078 0.049466
0.528998 0.09983 0.030974
-0.154421 0.18866 -0.613465
-0.257571 0.150651 0.472544
-0.339872 0.322904 -0.249255
0.290492 0.1607 0.427808
0.42601 0.05134 0.318361
0.554085 0.02813 -0.016978
-0.312874 -0.177087 -0.433758
0.090289 -0.521166 -0.594729
0.137987 -0.504704 -0.235401
0.054662 0.143009 0.492
-0.328435 0.31579 -0.225222
0.426953 0.042382 -0.25541
0.270028 0.434557 0.058287
-0.426385 0.019038 0.000372
-0.128998 0.419882 0.098237
-0.252719 0.049825 0.479359
0.566971 0.069518 -0.08907
0.383424 -0.361422 -0.431426
-0.513383 0.083058 0.239594
-0.424978 -0.28444 0.124738
0.067087 -0.490094 -0.659271
0.452317 -0.207778 -0.398482
0.130889 -0.496075 -0.675069
0.050914 0.048367 0.517412
-0.39095 0.020024 0.396962
0.081193 -0.523902 -0.578142
-0.038045 0.136529 -0.670116
-0.013805 0.30447 0.429079
-0.153251 -0.370659 -0.559222
0.131069 0.484336 0.069673
0.049702 -0.560957 -0.021244
-0.375227 0.050801 -0.486424
0.523545 -0.121465 -0.062182
-0.413952 0.063386 -0.298814
0.058171 -0.526192 -0.396758
0.367852 0.311152 0.012704
0.052054 -0.446568 -0.842736
-0.462736 -0.083386 0.320926
0.027776 0.160662 -0.582076
-0.278056 0.281339 0.440328
0.30172 -0.098657 -0.620569
0.414244 0.182241 -0.139979
-0.317409 0.430284 0.19465
-0.199367 0.199487 0.488106
0.147739 -0.228673 -0.814004
0.030247 0.091811 0.506067
-0.035113 -0.17701 -0.764449
0.482523 -0.113239 0.185538
-0.169089 -0.346457 -0.477459
-0.119187 -0.32616 0.401431
-0.291225 0.29868 -0.137169
0.379165 -0.26967 -0.585746
0.553189 0.029476 -0.143353
-0.411499 0.003805 -0.333102
0.155367 -0.498414 -0.293382
0.339639 0.31776 -0.020616
-0.249316 -0.42231 0.237061
0.28009 -0.276408 -0.791158
-0.422098 0.240456 0.002222
-0.253584 -0.094434 0.486519
-0.221114 -0.34443 -0.644508
0.508023 -0.14044 -0.165046
-0.429399 0.014527 0.039032
0.53249 -0.147814 0.010357
-0.032918 0.031058 0.518448
-0.003269 0.141855 0.498886
0.372815 -0.294042 -0.278142
0.088017 0.433283 0.314693
-0.380706 -0.153244 -0.152906
-0.005536 -0.529485 -0.308348
0.32859 -0.475526 -0.079446
0.03645 0.382879 0.371
-0.040793 -0.00466 -0.72587
-0.267678 -0.389061 0.031547
-0.401211 -0.240894 0.076608
-0.45411 -0.137078 0.063659
-0.383365 -0.148859 -0.131165
-0.425896 0.189566 0.062527
-0.234275 0.396379 0.080472
0.485019 -0.075481 0.142086
0.147556 0.359188 -0.074288
-0.240563 -0.007513 -0.653897
-0.261547 -0.311848 -0.673593
-0.181003 0.053931 -0.680123
-0.295473 0.388039 0.194741
-0.213363 0.420863 0.010622
-0.193607 0.048131 0.50954
0.479552 0.057937 0.248039
-0.074804 -0.569907 -0.028007
-0.213751 -0.329822 -0.590184
-0.358238 0.20212 -0.464135
-0.226936 -0.319212 -0.590656
-0.10221 -0.498644 -0.392348
-0.290165 -0.162492 -0.484585
-0.245979 -0.480065 0.159337
0.364055 -0.061236 0.417742
-0.077926 0.322227 0.427252
0.29623 -0.348893 -0.673085
-0.129443 -0.544068 0.124387
-0.296215 0.296957 -0.080878
0.508763 0.169673 0.091577
-0.020386 -0.490037 -0.581683
-0.157572 0.444787 0.374934
-0.127936 -0.063772 0.522325
0.251756 -0.389105 0.332745
-0.08535 0.5095 0.222224
0.339947 -0.466155 -0.096943
-0.368634 0.211148 -0.166925
0.068 -0.526481 -0.551598
-0.078075 0.106557 0.516489
0.131869 0.188467 -0.482462
-0.197025 -0.375807 -0.218287
0.207827 -0.53022 0.068681
0.198527 0.329689 -0.04148
-0.037773 -0.086006 -0.743606
-0.263141 -0.103749 -0.69367
0.274094 -0.496659 0.114769
0.195947 0.104472 0.465654
0.360986 -0.357386 -0.248675
0.40897 -0.315501 -0.460912
-0.317741 0.372355 0.004075
-0.259066 0.042939 -0.624882
0.272542 0.018046 -0.545862
-0.041875 0.321444 -0.400812
-0.275886 -0.084968 -0.579
-0.168408 0.364384 -0.152301
-0.414631 0.210024 0.094925
-0.402292 -0.117253 -0.1428
-0.422212 0.143961 0.208651
-0.139665 -0.437295 -0.403029
0.31524 -0.025289 -0.484913
-0.10123 -0.286995 0.453203
0.145072 -0.529741 -0.541616
0.248108 0.295411 0.32765
0.174934 -0.245838 0.453395
-0.254593 0.0049 -0.628846
-0.34807 0.321326 -0.208053
0.255865 -0.478765 -0.54762
0.327326 -0.025557 0.422609
0.034684 0.359276 0.393345
-0.018793 -0.072992 -0.745408
-0.038423 0.459606 0.272216
-0.225985 -0.335792 -0.167004
0.478375 -0.075038 0.174617
-0.231242 -0.264511 -0.387853
0.162726 0.32512 -0.12397
-0.369453 0.176368 -0.181119
0.431953 0.299175 0.089086
-0.059184 0.380721 -0.255599
-0.391042 0.034802 -0.428556
-0.344347 0.200016 -0.079932
0.07894 0.006076 -0.754597
-0.012859 -0.187311 -0.772232
0.43711 -0.304843 0.12346
-0.180366 0.326693 0.438352
-0.301723 0.256612 -0.482458
0.238199 -0.010325 -0.738115
0.266355 -0.297975 -0.859688
-0.408368 0.191497 0.133282
-0.297913 -0.18836 -0.590234
0.260869 -0.072051 -0.761502
-0.365909 0.234283 -0.128828
-0.410394 0.200496 0.113555
0.536746 0.139428 -0.090307
-0.109211 0.266603 0.473711
0.3315 0.067447 -0.343848
0.135243 0.099964 -0.556959
-0.146082 -0.024436 -0.703351
0.245419 -0.502561 -0.162827
0.19436 0.192996 -0.366472
-0.444644 -0.071774 0.105623
0.121805 0.433685 0.306677
0.257764 -0.488822 -0.182735
0.561985 0.066749 -0.110378
0.073531 -0.517934 -0.470104
0.419087 -0.246835 0.236343
-0.156004 -0.370647 -0.502422
-0.085611 -0.347101 0.41541
-0.331431 0.322912 0.157206
-0.332758 -0.208637 -0.24882
0.406861 -0.314754 0.209882
-0.406344 -0.077421 -0.280974
-0.359216 0.09741 -0.559874
-0.249418 -0.00744 0.496001
-0.008768 -0.443119 -0.828556
-0.056119 -0.450888 -0.658043
0.09057 -0.391421 0.405977
-0.086408 0.283273 0.454352
0.289543 0.148962 -0.142921
0.423752 -0.00167 -0.448348
0.260001 -0.52036 0.006248
0.307975 0.191034 -0.108757
-0.271302 -0.231172 -0.528787
0.553507 -0.113069 0.037826
-0.380776 -0.121474 -0.309149
-0.333924 -0.227265 -0.126718
-0.026488 -0.304614 0.464642
-0.057095 -0.242593 0.485747
0.086482 0.111587 -0.656214
0.416559 -0.397375 0.011865
0.496318 -0.135909 -0.178428
-0.382827 -0.287286 0.304538
0.133467 -0.545668 -0.123911
0.214287 0.225207 -0.221693
0.550463 -0.135335 0.024699
0.057321 0.373093 -0.052037
0.222274 0.472614 0.105243
0.131965 -0.030605 0.512475
-0.369888 0.396099 0.20137
0.224872 0.181963 -0.315176
-0.067681 0.486496 0.111122
-0.296227 0.293237 -0.306906
0.361586 0.20363 -0.06634
-0.306069 -0.13443 -0.495178
-0.23821 -0.291467 -0.522135
-0.38989 0.320075 0.423866
-0.475358 0.378223 0.239326
-0.477328 0.106211 0.18416
-0.388124 0.287648 -0.143975
-0.328727 -0.228157 -0.047933
-0.366098 0.131537 -0.104846
-0.083807 0.390305 -0.078368
0.201317 -0.035567 -0.791576
0.245923 -0.201263 0.441111
-0.082579 0.131322 0.512476
-0.245659 -0.435904 0.22197
0.273941 -0.130465 0.45341
-0.245388 -0.283433 -0.278587
-0.423869 -0.169785 0.261816
0.468103 -0.194037 -0.142804
-0.385309 -0.203531 0.324777
-0.215506 -0.348063 0.362784
-0.333127 0.263928 -0.431737
-0.20995 0.414538 -0.009819
0.339325 -0.439787 -0.184767
-0.043867 -0.525646 0.175604
0.380146 -0.316286 -0.247741
-0.014003 0.10635 0.509379
0.249321 -0.355622 -0.820338
0.068063 0.223279 -0.501425
-0.40091 -0.046117 0.04807
0.039192 -0.26585 0.46521
0.45483 -0.061661 0.266108
0.030773 -0.450585 -0.838879
-0.298721 -0.067599 -0.552933
-0.305813 -0.283942 0.060853
0.248417 -0.431016 -0.69203
-0.305718 0.168688 0.439106
0.238886 0.058136 -0.580963
-0.281204 -0.518037 0.077249
0.471518 -0.254579 -0.026448
0.031446 -0.533021 -0.316606
-0.021206 -0.534816 -0.441442
0.073722 -0.44115 -0.846411
-0.171535 -0.392813 -0.345106
-0.041329 0.136403 0.507836
0.396896 0.303404 0.171249
-0.367529 0.170408 -0.44461
-0.211155 0.119045 0.496069
-0.01523 -0.380452 -0.814113
-0.136061 0.437019 0.375012
-0.076291 -0.066483 -0.729761
0.279946 -0.110756 -0.76039
0.499609 0.043611 0.209994
0.364025 -0.364259 -0.394045
0.095272 -0.434493 -0.849825
0.122843 0.390869 0.340668
-0.354892 -0.100518 -0.44261
-0.348385 -0.209698 -0.024685
-0.438038 0.325802 0.386006
-0.252761 0.373872 0.426739
0.405768 -0.260503 -0.31727
-0.066604 -0.497012 0.254904
-0.083341 0.444171 0.323872
-0.336478 -0.219468 -0.16178
0.4212 -0.167625 -0.269649
0.341707 0.394011 0.177625
0.158223 -0.523502 -0.559438
-0.074638 -0.517685 0.202518
0.464211 -0.165945 -0.186347
-0.181686 -0.347248 -0.548555
-0.161539 0.413233 0.095047
0.144187 0.265063 -0.321632
-0.283576 0.090004 0.470118
-0.353689 0.46522 0.315848
0.441694 0.231966 0.062675
-0.46655 -0.016498 0.118831
-0.153246 0.386262 -0.08194
0.151096 -0.54489 -0.107496
0.411015 -0.369645 -0.172303
-0.387798 0.035968 0.411391
-0.270961 0.373588 0.117509
0.408171 -0.224762 -0.272523
-0.440939 0.049183 0.334225
-0.193837 -0.313095 -0.427447
-0.475807 0.271565 0.357988
-0.155903 0.333348 -0.377804
0.513185 0.041967 0.173145
-0.290489 0.211114 0.439457
0.338561 0.409824 0.161518
0.174642 0.368291 -0.045584
-0.428501 0.358319 0.371076
0.120877 -0.452817 -0.747674
0.272128 -0.290071 0.384689
0.371248 0.132464 0.307007
-0.224668 -0.408179 0.301358
-0.382727 -0.344128 0.193892
0.551555 0.104106 -0.067185
-0.375286 0.215915 -0.376478
-0.130198 0.219314 -0.587793
0.024842 0.360022 -0.266743
0.44603 -0.318035 -0.125385
-0.088926 0.182974 -0.608756
-0.301959 -0.229821 0.368877
-0.398494 -0.150846 0.030624
0.291891 0.388305 0.222674
-0.176358 -0.500978 0.18845
-0.458628 0.384063 0.31521
0.146526 0.366075 0.346378
-0.439143 0.308381 0.394634
0.0473 0.125333 -0.674612
0.128574 -0.516884 -0.577141
0.289987 -0.040054 -0.576537
0.476943 -0.176949 0.215286
0.215954 0.132437 0.451835
0.038148 -0.534589 -0.473712
0.390472 -0.427327 0.016629
0.292935 -0.115622 -0.699377
0.047601 -0.548776 0.151976
0.493278 -0.122363 -0.399398
0.362745 -0.339183 0.2494
0.293394 -0.241386 -0.803377
-0.049591 0.408285 -0.029763
-0.379369 0.286676 -0.018144
0.191529 -0.070244 -0.795536
-0.219952 -0.295746 -0.463792
0.095002 -0.51043 -0.236899
-0.281203 -0.145331 -0.513409
0.485069 0.035101 -0.213596
0.292869 -0.212303 -0.746303
-0.284066 -0.152676 -0.570372
-0.242247 -0.407759 -0.032573
0.04727 0.227641 -0.511241
0.527542 0.16646 -0.009589
0.112103 -0.557825 -0.054384
-0.415167 -0.013005 0.009716
-0.462668 0.309072 0.222041
-0.246167 0.492423 0.31021
0.241408 -0.470288 -0.614553
-0.207631 -0.364847 -0.085775
-0.189898 -0.399831 -0.665642
-0.21884 0.02282 -0.67603
0.243006 -0.511572 -0.14195
-0.182911 0.467414 0.338041
0.270116 0.39509 0.231366
0.265134 -0.464534 -0.559098
0.148832 -0.325172 -0.840284
0.209941 -0.471539 -0.286044
0.421986 -0.220822 0.259629
0.12624 -0.521414 -0.313683
0.109587 -0.027848 -0.768027
0.515652 0.091817 0.078634
-0.237336 0.338764 0.428098
0.103445 -0.530737 -0.336047
-0.259086 -0.414818 0.258272
0.314051 -0.430031 -0.223594
0.076794 0.143884 -0.556162
0.324191 -0.393447 -0.292743
0.380782 -0.366887 0.189578
0.143552 -0.40734 0.369662
0.092298 -0.52246 -0.308004
0.477544 -0.158885 0.221689
-0.052935 -0.07016 0.517706
-0.025227 0.53819 0.152442
-0.183275 0.100946 -0.645947
-0.030307 -0.520718 0.193661
0.196894 0.142142 0.445038
0.041747 0.216598 -0.525456
-0.342273 0.022705 -0.547969
0.085296 0.552204 0.183354
0.342137 -0.284588 -0.658929
-0.385874 0.194794 -0.291503
0.315152 -0.397885 0.237078
0.11295 -0.519753 -0.419314
-0.343305 -0.253208 0.353197
0.169713 -0.370931 0.397434
0.302377 -0.42723 -0.585679
0.305123 -0.131222 -0.641643
0.44072 -0.32015 0.065697
0.057168 0.268337 0.417122
0.266425 -0.447857 -0.599514
0.02866 0.328768 -0.338502
0.454541 -0.211488 -0.378272
0.510574 0.158534 0.071161
0.192844 0.252812 -0.223348
-0.295536 0.272569 -0.452259
0.163622 -0.498415 0.224327
-0.198453 -0.543159 0.108985
0.349588 -0.424076 0.159679
0.36367 0.170725 -0.210245
0.326198 -0.232437 0.371059
0.464851 0.232661 -0.008691
-0.0675 -0.460995 -0.717851
0.159486 0.075527 -0.738333
-0.296806 -0.022292 0.471202
0.043404 -0.074214 -0.761043
-0.247582 0.510062 0.198257
-0.475218 0.218888 0.238519
-0.144232 0.361097 -0.286421
0.386763 -0.428429 -0.038052
0.384906 -0.360413 -0.220241
-0.340529 -0.398994 0.144834
0.315605 -0.132429 0.432665
0.290724 -0.157391 -0.777464
0.47331 -0.170776 -0.379481
0.259432 0.067265 -0.430646
0.091182 -0.117844 -0.782524
0.074345 -0.195909 -0.795681
0.035093 0.379156 -0.185485
0.300354 -0.45948 -0.198257
-0.299264 -0.111114 -0.638131
0.202791 -0.507376 -0.413983
0.14729 -0.161225 0.484142
-0.487853 -0.216491 0.129616
-0.122923 -0.503385 0.255738
-0.443614 0.253002 0.197965
-0.174065 0.343016 -0.316512
0.048764 -0.341186 0.44306
-0.473476 0.262222 0.226455
-0.150611 0.164293 0.506851
0.178098 0.455123 0.25829
-0.209712 -0.545478 0.048698
-0.333394 -0.375725 0.264982
-0.088484 -0.336256 -0.786589
0.12651 -0.550137 0.080448
0.386972 -0.399267 -0.179988
-0.022698 -0.185094 0.498648
-0.192391 0.374073 -0.068087
0.456211 -0.023436 -0.445258
0.040289 -0.526893 0.212982
0.209978 0.443074 0.133362
0.312117 0.173456 0.392158
0.189112 0.30848 0.352944
0.289484 0.00264 0.435056
-0.110263 0.07941 -0.69344
-0.28191 -0.105849 -0.607993
0.371927 0.382224 0.164439
0.087713 0.323116 -0.278789
-0.274972 -0.271923 -0.607476
0.102166 0.260838 -0.412402
-0.398665 -0.056368 -0.02601
0.157832 0.150311 0.475565
0.368413 -0.337342 -0.578401
-0.118055 0.513207 0.203432
0.419653 0.142142 -0.209694
-0.229339 -0.46863 -0.108286
0.229304 0.27936 -0.075303
-0.345754 -0.179486 -0.309001
0.255525 -0.004103 -0.675142
0.274171 0.168889 -0.294469
0.560438 0.060011 -0.034829
0.276535 0.044028 -0.45552
0.309321 -0.431776 0.196926
-0.256797 -0.341702 0.026352
-0.385578 0.130387 -0.340041
-0.050569 -0.484835 -0.241771
0.306983 -0.4913 -0.044366
-0.134756 0.158433 -0.631766
0.243741 -0.411241 -0.724799
0.1501 -0.158814 -0.80455
-0.363463 0.311308 0.011452
0.300375 -0.430798 -0.261087
-0.223575 -0.504623 -0.077173
-0.287905 -0.249784 -0.286408
-0.297289 -0.212058 -0.402292
-0.210242 -0.320833 -0.522082
-0.376869 0.167221 -0.27205
-0.180779 0.282428 -0.506946
-0.15754 0.103227 -0.675237
-0.117568 -0.142286 0.514885
-0.128742 -0.544369 0.025466
-0.458263 0.217782 0.209105
-0.069431 0.383313 0.399539
-0.010418 -0.554766 -0.144246
0.302666 -0.356735 0.295088
-0.156805 -0.397994 -0.410653
0.49019 0.138748 0.199899
-0.301946 -0.219756 -0.612682
-0.016037 -0.010457 0.518098
0.427608 0.119432 -0.243134
0.207296 -0.505563 -0.581828
0.158793 -0.516761 -0.203229
-0.315568 0.086684 -0.598653
-0.388654 -0.127374 -0.246261
0.185733 -0.424809 0.341949
-0.336889 0.371689 0.190462
0.212668 -0.499361 -0.188678
-0.023218 -0.473308 0.309477
0.036586 -0.158021 0.502227
-0.353498 -0.22178 0.338906
-0.138759 -0.193582 0.464282
0.11432 0.290819 -0.313187
-0.289871 -0.259903 -0.15608
0.127184 0.26377 -0.364308
0.339965 -0.39086 -0.533619
0.456136 0.230983 -0.090834
0.431891 -0.239847 -0.340899
0.070171 0.364223 -0.178466
0.49978 -0.191561 -0.02159
-0.166215 -0.387866 -0.622547
0.046154 0.307284 -0.373844
0.480284 -0.046972 -0.289321
0.292396 0.425983 0.033272
0.168953 -0.44557 0.310579
0.17592 0.078885 -0.694672
0.42304 -0.289187 -0.20704
-0.131178 0.484071 0.142464
0.283307 -0.01239 -0.555312
0.270778 -0.01992 -0.638232
-0.238708 0.317461 -0.247937
0.255687 -0.030675 -0.713773
0.212869 -0.502939 -0.448872
0.139566 0.323416 -0.189102
-0.03852 0.262663 -0.514526
0.272652 -0.045332 -0.67454
-0.012494 0.177558 -0.589572
0.33099 0.102768 -0.268803
0.197257 0.263962 -0.181224
-0.192184 -0.508728 -0.133133