ply
format ascii 1.0
element vertex 2930
property float x
property float y
property float z
end_header
0.13477081060409546 -0.17133097350597382 -0.10559084266424179
0.1209896057844162 -0.19608359038829803 0.2670488655567169
0.10307137668132782 0.028282245621085167 -0.026011265814304352
0.0886966809630394 -0.01627192273736 0.24676749110221863
0.1366347372531891 -0.060692090541124344 0.0981123149394989
0.12977832555770874 -0.19045937061309814 0.09105073660612106
0.11798739433288574 -0.02999613620340824 -0.07596417516469955
0.10803758352994919 -0.06323956698179245 0.25829917192459106
0.10305630415678024 -0.0010243074502795935 0.10693773627281189
0.0577031709253788 -0.21635761857032776 -0.009127386845648289
0.048707734793424606 -0.10450448095798492 -0.1451701819896698
0.0440514050424099 -0.1803530752658844 -0.10277757048606873
0.039235882461071014 -0.22557677328586578 0.18280333280563354
0.09302496910095215 -0.2102191150188446 0.08961647003889084
0.14907711744308472 -0.10932077467441559 -0.0035854626912623644
0.1385585516691208 -0.18793821334838867 -0.004279410466551781
0.13367116451263428 -0.13065078854560852 0.18317773938179016
0.1221371740102768 -0.2039446085691452 0.1773923933506012
0.05098779499530792 -0.11970719695091248 0.29430410265922546
0.03387695178389549 -0.19304312765598297 0.2749365270137787
0.06253994256258011 0.06836122274398804 0.04368182644248009
0.06849220395088196 0.06738869100809097 -0.03960132598876953
0.06135258078575134 -0.012844259850680828 -0.12804365158081055
0.12015578895807266 -0.0795339047908783 -0.10039129108190536
0.053412362933158875 0.03195831552147865 0.1971907764673233
0.05046578496694565 0.00056025868980214 0.2641374468803406
0.11110278218984604 -0.12479472905397415 0.2607685625553131
0.09831574559211731 -0.002741403877735138 0.18935449421405792
0.1325456202030182 -0.06280596554279327 0.186330646276474
0.1427260935306549 -0.051276616752147675 0.00610199011862278
0.10578534752130508 0.020053785294294357 0.03238507732748985
0.14260323345661163 -0.13012027740478516 0.09475462138652802
0.05644084885716438 0.03772357106208801 0.11514534056186676
0.06061999127268791 0.08068575710058212 -0.08036849647760391
0.07129929959774017 0.02813039720058441 -0.16561228036880493
0.08882109820842743 0.1304463893175125 -0.08997175097465515
0.126187264919281 0.07543980330228806 -0.21851615607738495
0.09965457022190094 0.14703430235385895 -0.27347058057785034
0.07252877205610275 0.24027912318706512 -0.24233295023441315
0.07358399033546448 0.005573608446866274 -0.2425501048564911
0.10490400344133377 0.03614557534456253 -0.29747748374938965
0.08808078616857529 0.08832188695669174 -0.32128462195396423
0.12491373717784882 -0.29146164655685425 -0.09854850172996521
0.10724472254514694 -0.2971650958061218 0.26366180181503296
0.05919809639453888 -0.3013743758201599 -0.028379421681165695
0.05924948304891586 -0.2940171957015991 -0.09771468490362167
0.050134267657995224 -0.3047977387905121 0.2025383561849594
0.12006691843271255 -0.29619911313056946 -0.025233086198568344
0.1044001579284668 -0.3008531332015991 0.1991366147994995
0.04855510964989662 -0.29859936237335205 0.26543569564819336
0.10207102447748184 0.20807428658008575 -0.21635356545448303
0.06968806684017181 0.2233419269323349 -0.13072362542152405
0.10169816017150879 0.17462453246116638 -0.12643937766551971
0.1436445415019989 0.22234079241752625 -0.19753621518611908
0.16699379682540894 0.24837428331375122 -0.16363514959812164
0.1640491634607315 0.22101549804210663 -0.1317189484834671
0.1465737223625183 0.1914995163679123 -0.15575984120368958
0 -0.11611458659172058 -0.1493195742368698
0 0.15349040925502777 -0.29097190499305725
0 0.08972253650426865 -0.33040252327919006
0 -0.02586985006928444 -0.16677801311016083
0 0.0035485627595335245 -0.19142667949199677
0 -0.003109242767095566 -0.24752210080623627
0 0.028652789071202278 -0.3115040361881256
-1.6756797374430783e-19 0.25371450185775757 -0.24694561958312988
-1.6756797374430783e-19 0.28064170479774475 -0.1923091858625412
0 -0.20988643169403076 -0.04966067522764206
0 -0.1787252277135849 -0.09959093481302261
0 0.08411338180303574 -0.019515356048941612
0 0.09419146925210953 -0.05841466039419174
0 0.1509777456521988 -0.05076492577791214
-1.6756797374430783e-19 0.23781050741672516 -0.09650213271379471
0 0.2734178304672241 -0.14660018682479858
0 -0.21006996929645538 0.207296684384346
0 -0.2481192648410797 0.08711656183004379
0 0.07448079437017441 0.047399237751960754
0 0.048263777047395706 0.11808495968580246
0 -0.1732814460992813 0.2711055278778076
0 -0.11723934859037399 0.30189579725265503
0 0.04332229495048523 0.20129883289337158
0 0.008518637157976627 0.2709046006202698
0.06337299197912216 0.31718680262565613 -0.16310851275920868
0.07955867052078247 0.3119327425956726 -0.19451390206813812
0.05926378071308136 0.31958818435668945 -0.18240265548229218
0.08569485694169998 0.3079606890678406 -0.17235355079174042
0.044525500386953354 0.2818545699119568 -0.15922920405864716
0.033355485647916794 0.2719295024871826 -0.15513776242733002
0.06654752790927887 0.2746739685535431 -0.20252367854118347
0.0627737045288086 0.26376476883888245 -0.2093789279460907
0.03042251244187355 0.2757520079612732 -0.18716949224472046
0.03979730233550072 0.2844974398612976 -0.1847982406616211
0.08477254956960678 0.24965167045593262 -0.1829632967710495
0.07718085497617722 0.26349586248397827 -0.16804921627044678
0.07135918736457825 0.252532958984375 -0.1492210477590561
0.10807313024997711 0.252699077129364 -0.16353043913841248
0.04648640379309654 -0.2182876169681549 0.020497161895036697
0.042997732758522034 -0.22632403671741486 0.15139910578727722
0.07193103432655334 -0.23033665120601654 0.08789782971143723
0 -0.22056226432323456 0.007222894113510847
0 -0.22888654470443726 0.1608813852071762
0.06640031933784485 -0.057775694876909256 0.2918076515197754
0.04105305299162865 -0.04738927260041237 0.30079615116119385
0.041495852172374725 -0.06714499741792679 0.3033926486968994
0 -0.041011612862348557 0.3079999089241028
0 -0.07111317664384842 0.3112185001373291
0.019995788112282753 -0.06540224701166153 0.3225098252296448
0.02001286670565605 -0.07273329049348831 0.3172820508480072
0 -0.06848915666341782 0.33152806758880615
0 -0.07868744432926178 0.32316282391548157
-0.13477081060409546 -0.17133097350597382 -0.10559084266424179
-0.1209896057844162 -0.19608359038829803 0.2670488655567169
-0.10307137668132782 0.028282245621085167 -0.026011265814304352
-0.0886966809630394 -0.01627192273736 0.24676749110221863
-0.1366347372531891 -0.060692090541124344 0.0981123149394989
-0.12977832555770874 -0.19045937061309814 0.09105073660612106
-0.11798739433288574 -0.02999613620340824 -0.07596417516469955
-0.10803758352994919 -0.06323956698179245 0.25829917192459106
-0.10305630415678024 -0.0010243074502795935 0.10693773627281189
-0.0577031709253788 -0.21635761857032776 -0.009127386845648289
-0.048707734793424606 -0.10450448095798492 -0.1451701819896698
-0.0440514050424099 -0.1803530752658844 -0.10277757048606873
-0.039235882461071014 -0.22557677328586578 0.18280333280563354
-0.09302496910095215 -0.2102191150188446 0.08961647003889084
-0.14907711744308472 -0.10932077467441559 -0.0035854626912623644
-0.1385585516691208 -0.18793821334838867 -0.004279410466551781
-0.13367116451263428 -0.13065078854560852 0.18317773938179016
-0.1221371740102768 -0.2039446085691452 0.1773923933506012
-0.05098779499530792 -0.11970719695091248 0.29430410265922546
-0.03387695178389549 -0.19304312765598297 0.2749365270137787
-0.06253994256258011 0.06836122274398804 0.04368182644248009
-0.06849220395088196 0.06738869100809097 -0.03960132598876953
-0.06135258078575134 -0.012844259850680828 -0.12804365158081055
-0.12015578895807266 -0.0795339047908783 -0.10039129108190536
-0.053412362933158875 0.03195831552147865 0.1971907764673233
-0.05046578496694565 0.00056025868980214 0.2641374468803406
-0.11110278218984604 -0.12479472905397415 0.2607685625553131
-0.09831574559211731 -0.002741403877735138 0.18935449421405792
-0.1325456202030182 -0.06280596554279327 0.186330646276474
-0.1427260935306549 -0.051276616752147675 0.00610199011862278
-0.10578534752130508 0.020053785294294357 0.03238507732748985
-0.14260323345661163 -0.13012027740478516 0.09475462138652802
-0.05644084885716438 0.03772357106208801 0.11514534056186676
-0.06061999127268791 0.08068575710058212 -0.08036849647760391
-0.07129929959774017 0.02813039720058441 -0.16561228036880493
-0.08882109820842743 0.1304463893175125 -0.08997175097465515
-0.126187264919281 0.07543980330228806 -0.21851615607738495
-0.09965457022190094 0.14703430235385895 -0.27347058057785034
-0.07252877205610275 0.24027912318706512 -0.24233295023441315
-0.07358399033546448 0.005573608446866274 -0.2425501048564911
-0.10490400344133377 0.03614557534456253 -0.29747748374938965
-0.08808078616857529 0.08832188695669174 -0.32128462195396423
-0.12491373717784882 -0.29146164655685425 -0.09854850172996521
-0.10724472254514694 -0.2971650958061218 0.26366180181503296
-0.05919809639453888 -0.3013743758201599 -0.028379421681165695
-0.05924948304891586 -0.2940171957015991 -0.09771468490362167
-0.050134267657995224 -0.3047977387905121 0.2025383561849594
-0.12006691843271255 -0.29619911313056946 -0.025233086198568344
-0.1044001579284668 -0.3008531332015991 0.1991366147994995
-0.04855510964989662 -0.29859936237335205 0.26543569564819336
-0.10207102447748184 0.20807428658008575 -0.21635356545448303
-0.06968806684017181 0.2233419269323349 -0.13072362542152405
-0.10169816017150879 0.17462453246116638 -0.12643937766551971
-0.1436445415019989 0.22234079241752625 -0.19753621518611908
-0.16699379682540894 0.24837428331375122 -0.16363514959812164
-0.1640491634607315 0.22101549804210663 -0.1317189484834671
-0.1465737223625183 0.1914995163679123 -0.15575984120368958
-0.06337299197912216 0.31718680262565613 -0.16310851275920868
-0.07955867052078247 0.3119327425956726 -0.19451390206813812
-0.05926378071308136 0.31958818435668945 -0.18240265548229218
-0.08569485694169998 0.3079606890678406 -0.17235355079174042
-0.044525500386953354 0.2818545699119568 -0.15922920405864716
-0.033355485647916794 0.2719295024871826 -0.15513776242733002
-0.06654752790927887 0.2746739685535431 -0.20252367854118347
-0.0627737045288086 0.26376476883888245 -0.2093789279460907
-0.03042251244187355 0.2757520079612732 -0.18716949224472046
-0.03979730233550072 0.2844974398612976 -0.1847982406616211
-0.08477254956960678 0.24965167045593262 -0.1829632967710495
-0.07718085497617722 0.26349586248397827 -0.16804921627044678
-0.07135918736457825 0.252532958984375 -0.1492210477590561
-0.10807313024997711 0.252699077129364 -0.16353043913841248
-0.04648640379309654 -0.2182876169681549 0.020497161895036697
-0.042997732758522034 -0.22632403671741486 0.15139910578727722
-0.07193103432655334 -0.23033665120601654 0.08789782971143723
-0.06640031933784485 -0.057775694876909256 0.2918076515197754
-0.04105305299162865 -0.04738927260041237 0.30079615116119385
-0.041495852172374725 -0.06714499741792679 0.3033926486968994
-0.019995788112282753 -0.06540224701166153 0.3225098252296448
-0.02001286670565605 -0.07273329049348831 0.3172820508480072
0.11091692745685577 -0.20337121188640594 0.09016089141368866
0.08628872781991959 -0.20871762931346893 0.042808983474969864
0.1014643982052803 -0.2144457846879959 0.009319420903921127
0.13356684148311615 -0.18387652933597565 0.044657062739133835
0.1100664958357811 -0.20040647685527802 0.044361479580402374
0.12382374703884125 -0.1927618384361267 0.1346481293439865
0.08448276668787003 -0.22537237405776978 0.16610684990882874
0.07581266015768051 -0.21472050249576569 0.134727343916893
0.09931068867444992 -0.20768018066883087 0.13390009105205536
0.09296508133411407 -0.17373622953891754 -0.11881251633167267
0.04693422466516495 -0.13821196556091309 -0.12946516275405884
0.08545181900262833 -0.08841423690319061 -0.12986545264720917
0.12701064348220825 -0.11637616902589798 -0.10349902510643005
0.08866693079471588 -0.12381408363580704 -0.12487683445215225
0.11900165677070618 -0.054693035781383514 -0.09263066202402115
0.054052602499723434 -0.06307709217071533 -0.14340633153915405
0.09160230308771133 -0.02172880433499813 -0.10278545320034027
0.0877763107419014 -0.056283436715602875 -0.12304768711328506
0.11649208515882492 -0.15506261587142944 0.26298487186431885
0.0824078768491745 -0.12100545316934586 0.2830166220664978
0.04539988934993744 -0.15071848034858704 0.28812500834465027
0.08184259384870529 -0.19441479444503784 0.282974511384964
0.08328419923782349 -0.1525626927614212 0.2819177508354187
0.14101827144622803 -0.09035272896289825 -0.05556626617908478
0.14777615666389465 -0.14223268628120422 -0.00535085704177618
0.14883330464363098 -0.17759659886360168 -0.06160125881433487
0.14505600929260254 -0.12547631561756134 -0.05953672155737877
0.1478213667869568 -0.1229458749294281 0.04698735103011131
0.139541894197464 -0.16423501074314117 0.09284549206495285
0.1446564793586731 -0.1556989848613739 0.04567171260714531
0.14244790375232697 -0.09488271176815033 0.09608765691518784
0.14880935847759247 -0.08099254220724106 -0.0007254384108819067
0.14108705520629883 -0.05759761109948158 0.05207836627960205
0.14757949113845825 -0.0904199630022049 0.04843977466225624
0.13532450795173645 -0.040915172547101974 -0.03833846375346184
0.13966207206249237 -0.06583642959594727 -0.04989401251077652
0.13265806436538696 -0.1999938189983368 0.22739993035793304
0.1320904642343521 -0.1631852090358734 0.18079105019569397
0.12674172222614288 -0.12818294763565063 0.22553369402885437
0.1300356686115265 -0.15901224315166473 0.2261488139629364
0.10936713963747025 -0.09314281493425369 0.260240375995636
0.13562163710594177 -0.09693209826946259 0.18499453365802765
0.1246042400598526 -0.06372880935668945 0.22563879191875458
0.1271207630634308 -0.09617903083562851 0.22575044631958008
0.13496477901935577 -0.06203845143318176 0.14329427480697632
0.1381605714559555 -0.1319710612297058 0.13972407579421997
0.13934870064258575 -0.09669099748134613 0.14161737263202667
0.134953573346138 -0.1654926985502243 0.13698653876781464
0.08995436877012253 0.04679589718580246 -0.030844559893012047
0.06575659662485123 0.07395337522029877 0.005990711040794849
0.08552291244268417 0.049476638436317444 0.03994161635637283
0.10536032170057297 0.028175603598356247 -0.00017638489953242242
0.08779679238796234 0.05580485984683037 0.005394904874265194
0.10477031022310257 0.008151184767484665 0.06807240098714828
0.05922359600663185 0.05246533080935478 0.07874320447444916
0.08102113753557205 0.021692831069231033 0.11151563376188278
0.08321774005889893 0.03465180844068527 0.0745370090007782
0.09382208436727524 -0.008050531148910522 0.22436603903770447
0.07670559734106064 0.01787070743739605 0.1930626481771469
0.05198157578706741 0.020575404167175293 0.23435525596141815
0.07235528528690338 -0.00832428503781557 0.25688499212265015
0.07401520013809204 0.0091167613863945 0.22889640927314758
0.05469090864062309 0.03406025096774101 0.15589237213134766
0.10115181654691696 -0.0026108056772500277 0.14865151047706604
0.07897406816482544 0.01886565051972866 0.15237046778202057
0.126639723777771 -0.01576598919928074 0.019114675000309944
0.12260817736387253 -0.02894771844148636 0.10205499082803726
0.1254693567752838 -0.023764552548527718 0.05955994501709938
0.11864811182022095 -0.030455585569143295 0.18740981817245483
0.09811907261610031 -0.035814132541418076 0.2542888820171356
0.11199881136417389 -0.03319393843412399 0.22449934482574463
0.07376134395599365 0.030750475823879242 -0.08504097163677216
0.11134620010852814 0.0032224536407738924 -0.04873315617442131
0.09246162325143814 0.016665957868099213 -0.06885822862386703
0.12111904472112656 -0.030085893347859383 0.1455921083688736
0.12249689549207687 -0.0067434669472277164 -0.018188122659921646
0.0579647533595562 0.015314382500946522 -0.13925346732139587
0.07418713718652725 0.05764714255928993 -0.11748142540454865
0.058314431458711624 0.07042066007852554 -0.0671461969614029
0.06669744849205017 0.043589673936367035 -0.10133183002471924
0.10588155686855316 0.050183337181806564 -0.1898556500673294
0.11393576115369797 0.10628378391265869 -0.15216568112373352
0.07498502731323242 0.10200534015893936 -0.08382598310709
0.09606659412384033 0.07830755412578583 -0.1328808069229126
0.07604295015335083 0.012690053321421146 -0.21365930140018463
0.0923885926604271 0.0141181331127882 -0.2677408754825592
0.1254597008228302 0.051253627985715866 -0.2676771283149719
0.10747192054986954 0.028048869222402573 -0.2370680719614029
0.10192304104566574 0.06553829461336136 -0.3169373869895935
0.09697460383176804 0.10827714204788208 -0.3057650625705719
0.12294703722000122 0.10900972783565521 -0.24596264958381653
0.12155411392450333 0.08202148973941803 -0.2910785377025604
0.13061600923538208 -0.3046748638153076 -0.06147359684109688
0.08815960586071014 -0.3094378411769867 -0.01647488959133625
0.04956550896167755 -0.30838918685913086 -0.0639355257153511
0.09202191233634949 -0.3036265969276428 -0.10893403738737106
0.0887453630566597 -0.3254419267177582 -0.06311820447444916
0.07749343663454056 -0.3074946999549866 0.2738766670227051
0.04169831797480583 -0.31116190552711487 0.23451638221740723
0.07695868611335754 -0.3122445344924927 0.19183818995952606
0.11275418847799301 -0.30857735872268677 0.2311984896659851
0.07659856975078583 -0.32657867670059204 0.23314586281776428
0.11895065009593964 -0.2554049491882324 0.2706916928291321
0.11382602155208588 -0.262746661901474 0.18882940709590912
0.1296566128730774 -0.2590335011482239 0.22961507737636566
0.022936450317502022 -0.218889981508255 0.23410564661026
0.04286056384444237 -0.2718502879142761 0.1937929093837738
0.03969452157616615 -0.25774064660072327 0.2728763222694397
0.027694901451468468 -0.2671695947647095 0.23430463671684265
0.07843892276287079 -0.2704697251319885 0.1766095757484436
0.07985270768404007 -0.25581297278404236 0.28621819615364075
0.13103137910366058 -0.2530619204044342 -0.015151521191000938
0.13636812567710876 -0.24303172528743744 -0.10763060301542282
0.14807985723018646 -0.24758142232894897 -0.061950936913490295
0.05122271552681923 -0.24847783148288727 -0.10307875275611877
0.094285748898983 -0.24461783468723297 -0.1214526891708374
0.05544590577483177 -0.26503831148147583 -0.018597304821014404
0.09314706921577454 -0.2628270089626312 -0.00058672612067312
0.037283942103385925 -0.20993666350841522 -0.06018105894327164
0.03863663971424103 -0.2598058879375458 -0.06116015836596489
0.10493297874927521 0.17511600255966187 -0.2342899590730667
0.10930608958005905 0.17830097675323486 -0.1728411614894867
0.09215676039457321 0.15917375683784485 -0.10851017385721207
0.11328624188899994 0.1443740278482437 -0.18032583594322205
0.08231746405363083 0.19348090887069702 -0.11592892557382584
0.12417496740818024 0.18094153702259064 -0.1451759785413742
0.16339385509490967 0.20232757925987244 -0.13859891891479492
0.1263016313314438 0.2211488038301468 -0.12953664362430573
0.12609492242336273 0.19470342993736267 -0.12812209129333496
0.12078173458576202 0.21864695847034454 -0.20525966584682465
0.14646051824092865 0.2037946879863739 -0.1831236481666565
0.12186592817306519 0.1925898939371109 -0.18100741505622864
0.16142135858535767 0.24065430462360382 -0.18506291508674622
0.17784814536571503 0.23909716308116913 -0.14196279644966125
0.17549042403697968 0.22252702713012695 -0.1624775379896164
0 0.08176685869693756 0.01284827757626772
0.033139728009700775 0.0744769275188446 0.046299200505018234
0.035643041133880615 0.08182559162378311 -0.024009790271520615
0.03517593815922737 0.08107136934995651 0.010284997522830963
0 0.04582607001066208 0.15920640528202057
0.02745986357331276 0.04044836014509201 0.20016826689243317
0.029001927003264427 0.0460258312523365 0.11735314130783081
0.02800416387617588 0.042949434369802475 0.15831269323825836
0 0.030204514041543007 0.2397928535938263
0.025905435904860497 0.0064622946083545685 0.2690051198005676
0.02685617469251156 0.027699576690793037 0.23829522728919983
0 -0.19811946153640747 -0.07415603846311569
0.01942300982773304 -0.175071582198143 -0.09914075583219528
0.025569165125489235 -0.2091696858406067 -0.03943703696131706
0.021777836605906487 -0.19641627371311188 -0.06852493435144424
0 -0.19472931325435638 0.2395447939634323
0.015400854870676994 -0.21295318007469177 0.20258626341819763
0.013953031040728092 -0.17583662271499634 0.2710796296596527
0.012406871654093266 -0.1982763260602951 0.23751859366893768
0 0.060376957058906555 0.08161945641040802
0.030861638486385345 0.05948517844080925 0.080975741147995
0 0.08573658764362335 -0.04574408009648323
0.03379913419485092 0.09175492078065872 -0.06243816763162613
0.03316793590784073 0.08309563994407654 -0.05003141239285469
0 0.11628381907939911 -0.05349419638514519
0.04802614822983742 0.14648523926734924 -0.06027386710047722
0.04095568507909775 0.11370702087879181 -0.059486761689186096
0 0.20600056648254395 -0.2694537341594696
0.040467292070388794 0.2498587667942047 -0.24530695378780365
0.08279696106910706 0.20128820836544037 -0.26073262095451355
0.05269986763596535 0.15277250111103058 -0.2886373698711395
0.04706830158829689 0.2041717916727066 -0.2674197852611542
0 0.11765896528959274 -0.3144741952419281
0.053814973682165146 0.0898260846734047 -0.3290436267852783
0.05368630960583687 0.11709214001893997 -0.3130488097667694
0 -0.1466595083475113 0.2911917567253113
0.02404085546731949 -0.11816590279340744 0.30012229084968567
0.01936860755085945 -0.14777113497257233 0.2905113399028778
0 -0.15243054926395416 -0.12695404887199402
0.021378623321652412 -0.1136869266629219 -0.1495572030544281
0.019397316500544548 -0.14830859005451202 -0.1284223049879074
0 -0.0687655359506607 -0.16051353514194489
0.029622694477438927 -0.024202829226851463 -0.15748929977416992
0.025310402736067772 -0.06778662651777267 -0.15630774199962616
0 -0.0026706953067332506 -0.17579121887683868
0.036086805164813995 0.008453338406980038 -0.18363909423351288
0.03239697962999344 0.0008457974763587117 -0.16573166847229004
0 -0.0006016019615344703 -0.2161232829093933
0.04428091645240784 -0.0014659458538517356 -0.24556583166122437
0.03964158892631531 0.0026150557678192854 -0.21246536076068878
0 0.006958799436688423 -0.28183504939079285
0.059373900294303894 0.029774079099297523 -0.3095860183238983
0.05312179774045944 0.007948332466185093 -0.27979570627212524
0 0.058496419340372086 -0.328965961933136
0.058101147413253784 0.05951184034347534 -0.3274231255054474
0.031669531017541885 0.2312825322151184 -0.11125203967094421
0 0.1950109899044037 -0.06885707378387451
0.04981820657849312 0.18744246661663055 -0.08409753441810608
0.08921598643064499 0.2271026074886322 -0.23397234082221985
0.09512806683778763 0.20232178270816803 -0.2480761855840683
0.08712989091873169 0.3129647672176361 -0.18467460572719574
0.07043379545211792 0.3202856183052063 -0.19102098047733307
0.060210809111595154 0.32359346747398376 -0.1711924523115158
0.07690690457820892 0.31627222895622253 -0.16484607756137848
0.07665150612592697 0.3254995048046112 -0.17765049636363983
0.07555224001407623 0.2551213502883911 -0.1985160857439041
0.06282277405261993 0.2659142315387726 -0.20391543209552765
0.07655645906925201 0.2689168453216553 -0.18941748142242432
0.07915335148572922 0.25478285551071167 -0.17336046695709229
0.07354612648487091 0.25964629650115967 -0.1914023458957672
0.061278779059648514 0.2737860679626465 -0.15850743651390076
0.0397350937128067 0.2731253504753113 -0.15806077420711517
0.048483628779649734 0.2619113028049469 -0.1470491737127304
0.07286840677261353 0.25619086623191833 -0.15655425190925598
0.05610701069235802 0.2646677494049072 -0.1540740430355072
0.043976057320833206 0.27135610580444336 -0.20451393723487854
0.03521925210952759 0.27581924200057983 -0.18535116314888
0.051909323781728745 0.2804013788700104 -0.19874636828899384
0.047606535255908966 0.27179619669914246 -0.19981935620307922
0.027026262134313583 0.27639147639274597 -0.16944831609725952
0.03695192188024521 0.2853107750415802 -0.1695932149887085
0.032328780740499496 0.27669593691825867 -0.16971956193447113
0.09413892030715942 0.2509251832962036 -0.15357986092567444
0.09522195905447006 0.2505793869495392 -0.17290684580802917
0.08225756883621216 0.25262412428855896 -0.1618473380804062
0.1374569684267044 0.25269484519958496 -0.165582537651062
0.09658319503068924 0.23765479028224945 -0.2018107920885086
0.12365489453077316 0.2438906580209732 -0.19116780161857605
0.07026340067386627 0.2445370852947235 -0.14299675822257996
0.126933753490448 0.2447928786277771 -0.14343415200710297
0.019306940957903862 0.2719167470932007 -0.15047408640384674
0 0.26169028878211975 -0.12331932038068771
0.030460841953754425 0.2572758197784424 -0.1345527023077011
0.019539158791303635 0.2783604860305786 -0.19103412330150604
0.06492123752832413 0.25900334119796753 -0.22260063886642456
0 0.2753702402114868 -0.21975761651992798
0.03466629609465599 0.2717699110507965 -0.21777932345867157
0 0.2795003354549408 -0.16859865188598633
0.015638751909136772 0.2781672775745392 -0.1690453141927719
0.08164399117231369 0.2457178831100464 -0.21453715860843658
0.07484360784292221 0.2952984571456909 -0.20070302486419678
0.0836729034781456 0.289105087518692 -0.17046605050563812
0.08444489538669586 0.2906869351863861 -0.1882266402244568
0.049009501934051514 0.30484139919281006 -0.18387362360954285
0.060860712081193924 0.30120861530303955 -0.19721241295337677
0.053683605045080185 0.30221205949783325 -0.15956071019172668
0.04642844572663307 0.3059256076812744 -0.16917745769023895
0.0699886754155159 0.29539814591407776 -0.16004060208797455
0.04107237234711647 -0.22247254848480225 0.16334381699562073
0.06056628376245499 -0.22954456508159637 0.1265861988067627
0.08456622064113617 -0.2190800905227661 0.08877994865179062
0.06866569072008133 -0.221357062458992 0.13053081929683685
0 -0.21953371167182922 0.18413560092449188
0.0247578714042902 -0.22783441841602325 0.15845835208892822
0.018809545785188675 -0.22061210870742798 0.1798250824213028
0.05014083534479141 -0.21418188512325287 0.008093420416116714
0.0260778795927763 -0.21931810677051544 0.011026084423065186
0 -0.2142069935798645 -0.023648906499147415
0.02466517686843872 -0.21369001269340515 -0.015449809841811657
0.061886563897132874 -0.22417651116847992 0.04785903915762901
0.07454840838909149 -0.21594341099262238 0.045430608093738556
0 -0.24222804605960846 0.12743239104747772
0.041332025080919266 -0.24225741624832153 0.08731786906719208
0.03530615195631981 -0.23802301287651062 0.1267678141593933
0 -0.2364446371793747 0.04540703818202019
0.03503981605172157 -0.23237870633602142 0.046505916863679886
0.05754745751619339 -0.04916706681251526 0.2939547896385193
0.04240347072482109 -0.057844702154397964 0.30381304025650024
0.05884455144405365 -0.0650288462638855 0.29668036103248596
0.051439862698316574 -0.05637640133500099 0.29946619272232056
0.04989934712648392 -0.08949340879917145 0.2982626259326935
0.0830427035689354 -0.06016320735216141 0.2812141478061676
0.07841535657644272 -0.08568171411752701 0.2861567735671997
0.048211999237537384 -0.02457704208791256 0.28465837240219116
0.07319335639476776 -0.03507636860013008 0.2772977352142334
0.020914806053042412 -0.04212108254432678 0.30559659004211426
0 -0.01729387231171131 0.2921426594257355
0.024246489629149437 -0.01901695877313614 0.2899248003959656
0.021047722548246384 -0.07121189683675766 0.30878889560699463
0 -0.0887005478143692 0.30736738443374634
0.024401314556598663 -0.08945786207914352 0.3050212562084198
0.027677051723003387 -0.05858799070119858 0.3150448799133301
0.02039921283721924 -0.06994478404521942 0.3204697370529175
0.027730140835046768 -0.06856083124876022 0.3109816312789917
0.03127004951238632 -0.06347580254077911 0.3118969798088074
0 -0.05735611915588379 0.32266438007354736
0.011484106071293354 -0.06712896376848221 0.32863789796829224
0.015724260360002518 -0.05716702342033386 0.3200601637363434
0.011498324573040009 -0.07698909193277359 0.32068610191345215
0 -0.0721467137336731 0.3164744973182678
0.015757257118821144 -0.0714765340089798 0.31410983204841614
0 -0.07680841535329819 0.3300752639770508
0.010203199461102486 -0.07480867952108383 0.3271966874599457
-0.13356684148311615 -0.18387652933597565 0.044657062739133835
-0.1014643982052803 -0.2144457846879959 0.009319420903921127
-0.08628872781991959 -0.20871762931346893 0.042808983474969864
-0.11091692745685577 -0.20337121188640594 0.09016089141368866
-0.1100664958357811 -0.20040647685527802 0.044361479580402374
-0.07581266015768051 -0.21472050249576569 0.134727343916893
-0.08448276668787003 -0.22537237405776978 0.16610684990882874
-0.12382374703884125 -0.1927618384361267 0.1346481293439865
-0.09931068867444992 -0.20768018066883087 0.13390009105205536
-0.12701064348220825 -0.11637616902589798 -0.10349902510643005
-0.08545181900262833 -0.08841423690319061 -0.12986545264720917
-0.04693422466516495 -0.13821196556091309 -0.12946516275405884
-0.09296508133411407 -0.17373622953891754 -0.11881251633167267
-0.08866693079471588 -0.12381408363580704 -0.12487683445215225
-0.09160230308771133 -0.02172880433499813 -0.10278545320034027
-0.054052602499723434 -0.06307709217071533 -0.14340633153915405
-0.11900165677070618 -0.054693035781383514 -0.09263066202402115
-0.0877763107419014 -0.056283436715602875 -0.12304768711328506
-0.08184259384870529 -0.19441479444503784 0.282974511384964
-0.04539988934993744 -0.15071848034858704 0.28812500834465027
-0.0824078768491745 -0.12100545316934586 0.2830166220664978
-0.11649208515882492 -0.15506261587142944 0.26298487186431885
-0.08328419923782349 -0.1525626927614212 0.2819177508354187
-0.14883330464363098 -0.17759659886360168 -0.06160125881433487
-0.14777615666389465 -0.14223268628120422 -0.00535085704177618
-0.14101827144622803 -0.09035272896289825 -0.05556626617908478
-0.14505600929260254 -0.12547631561756134 -0.05953672155737877
-0.139541894197464 -0.16423501074314117 0.09284549206495285
-0.1478213667869568 -0.1229458749294281 0.04698735103011131
-0.1446564793586731 -0.1556989848613739 0.04567171260714531
-0.14108705520629883 -0.05759761109948158 0.05207836627960205
-0.14880935847759247 -0.08099254220724106 -0.0007254384108819067
-0.14244790375232697 -0.09488271176815033 0.09608765691518784
-0.14757949113845825 -0.0904199630022049 0.04843977466225624
-0.13532450795173645 -0.040915172547101974 -0.03833846375346184
-0.13966207206249237 -0.06583642959594727 -0.04989401251077652
-0.12674172222614288 -0.12818294763565063 0.22553369402885437
-0.1320904642343521 -0.1631852090358734 0.18079105019569397
-0.13265806436538696 -0.1999938189983368 0.22739993035793304
-0.1300356686115265 -0.15901224315166473 0.2261488139629364
-0.1246042400598526 -0.06372880935668945 0.22563879191875458
-0.13562163710594177 -0.09693209826946259 0.18499453365802765
-0.10936713963747025 -0.09314281493425369 0.260240375995636
-0.1271207630634308 -0.09617903083562851 0.22575044631958008
-0.1381605714559555 -0.1319710612297058 0.13972407579421997
-0.13496477901935577 -0.06203845143318176 0.14329427480697632
-0.13934870064258575 -0.09669099748134613 0.14161737263202667
-0.134953573346138 -0.1654926985502243 0.13698653876781464
-0.10536032170057297 0.028175603598356247 -0.00017638489953242242
-0.08552291244268417 0.049476638436317444 0.03994161635637283
-0.06575659662485123 0.07395337522029877 0.005990711040794849
-0.08995436877012253 0.04679589718580246 -0.030844559893012047
-0.08779679238796234 0.05580485984683037 0.005394904874265194
-0.08102113753557205 0.021692831069231033 0.11151563376188278
-0.05922359600663185 0.05246533080935478 0.07874320447444916
-0.10477031022310257 0.008151184767484665 0.06807240098714828
-0.08321774005889893 0.03465180844068527 0.0745370090007782
-0.07235528528690338 -0.00832428503781557 0.25688499212265015
-0.05198157578706741 0.020575404167175293 0.23435525596141815
-0.07670559734106064 0.01787070743739605 0.1930626481771469
-0.09382208436727524 -0.008050531148910522 0.22436603903770447
-0.07401520013809204 0.0091167613863945 0.22889640927314758
-0.10115181654691696 -0.0026108056772500277 0.14865151047706604
-0.05469090864062309 0.03406025096774101 0.15589237213134766
-0.07897406816482544 0.01886565051972866 0.15237046778202057
-0.12260817736387253 -0.02894771844148636 0.10205499082803726
-0.126639723777771 -0.01576598919928074 0.019114675000309944
-0.1254693567752838 -0.023764552548527718 0.05955994501709938
-0.09811907261610031 -0.035814132541418076 0.2542888820171356
-0.11864811182022095 -0.030455585569143295 0.18740981817245483
-0.11199881136417389 -0.03319393843412399 0.22449934482574463
-0.11134620010852814 0.0032224536407738924 -0.04873315617442131
-0.07376134395599365 0.030750475823879242 -0.08504097163677216
-0.09246162325143814 0.016665957868099213 -0.06885822862386703
-0.12111904472112656 -0.030085893347859383 0.1455921083688736
-0.12249689549207687 -0.0067434669472277164 -0.018188122659921646
-0.058314431458711624 0.07042066007852554 -0.0671461969614029
-0.07418713718652725 0.05764714255928993 -0.11748142540454865
-0.0579647533595562 0.015314382500946522 -0.13925346732139587
-0.06669744849205017 0.043589673936367035 -0.10133183002471924
-0.07498502731323242 0.10200534015893936 -0.08382598310709
-0.11393576115369797 0.10628378391265869 -0.15216568112373352
-0.10588155686855316 0.050183337181806564 -0.1898556500673294
-0.09606659412384033 0.07830755412578583 -0.1328808069229126
-0.1254597008228302 0.051253627985715866 -0.2676771283149719
-0.0923885926604271 0.0141181331127882 -0.2677408754825592
-0.07604295015335083 0.012690053321421146 -0.21365930140018463
-0.10747192054986954 0.028048869222402573 -0.2370680719614029
-0.12294703722000122 0.10900972783565521 -0.24596264958381653
-0.09697460383176804 0.10827714204788208 -0.3057650625705719
-0.10192304104566574 0.06553829461336136 -0.3169373869895935
-0.12155411392450333 0.08202148973941803 -0.2910785377025604
-0.09202191233634949 -0.3036265969276428 -0.10893403738737106
-0.04956550896167755 -0.30838918685913086 -0.0639355257153511
-0.08815960586071014 -0.3094378411769867 -0.01647488959133625
-0.13061600923538208 -0.3046748638153076 -0.06147359684109688
-0.0887453630566597 -0.3254419267177582 -0.06311820447444916
-0.11275418847799301 -0.30857735872268677 0.2311984896659851
-0.07695868611335754 -0.3122445344924927 0.19183818995952606
-0.04169831797480583 -0.31116190552711487 0.23451638221740723
-0.07749343663454056 -0.3074946999549866 0.2738766670227051
-0.07659856975078583 -0.32657867670059204 0.23314586281776428
-0.11382602155208588 -0.262746661901474 0.18882940709590912
-0.11895065009593964 -0.2554049491882324 0.2706916928291321
-0.1296566128730774 -0.2590335011482239 0.22961507737636566
-0.03969452157616615 -0.25774064660072327 0.2728763222694397
-0.04286056384444237 -0.2718502879142761 0.1937929093837738
-0.022936450317502022 -0.218889981508255 0.23410564661026
-0.027694901451468468 -0.2671695947647095 0.23430463671684265
-0.07843892276287079 -0.2704697251319885 0.1766095757484436
-0.07985270768404007 -0.25581297278404236 0.28621819615364075
-0.13636812567710876 -0.24303172528743744 -0.10763060301542282
-0.13103137910366058 -0.2530619204044342 -0.015151521191000938
-0.14807985723018646 -0.24758142232894897 -0.061950936913490295
-0.05122271552681923 -0.24847783148288727 -0.10307875275611877
-0.094285748898983 -0.24461783468723297 -0.1214526891708374
-0.05544590577483177 -0.26503831148147583 -0.018597304821014404
-0.09314706921577454 -0.2628270089626312 -0.00058672612067312
-0.037283942103385925 -0.20993666350841522 -0.06018105894327164
-0.03863663971424103 -0.2598058879375458 -0.06116015836596489
-0.09215676039457321 0.15917375683784485 -0.10851017385721207
-0.10930608958005905 0.17830097675323486 -0.1728411614894867
-0.10493297874927521 0.17511600255966187 -0.2342899590730667
-0.11328624188899994 0.1443740278482437 -0.18032583594322205
-0.1263016313314438 0.2211488038301468 -0.12953664362430573
-0.16339385509490967 0.20232757925987244 -0.13859891891479492
-0.12417496740818024 0.18094153702259064 -0.1451759785413742
-0.08231746405363083 0.19348090887069702 -0.11592892557382584
-0.12609492242336273 0.19470342993736267 -0.12812209129333496
-0.14646051824092865 0.2037946879863739 -0.1831236481666565
-0.12078173458576202 0.21864695847034454 -0.20525966584682465
-0.12186592817306519 0.1925898939371109 -0.18100741505622864
-0.17784814536571503 0.23909716308116913 -0.14196279644966125
-0.16142135858535767 0.24065430462360382 -0.18506291508674622
-0.17549042403697968 0.22252702713012695 -0.1624775379896164
-0.035643041133880615 0.08182559162378311 -0.024009790271520615
-0.033139728009700775 0.0744769275188446 0.046299200505018234
-0.03517593815922737 0.08107136934995651 0.010284997522830963
-0.029001927003264427 0.0460258312523365 0.11735314130783081
-0.02745986357331276 0.04044836014509201 0.20016826689243317
-0.02800416387617588 0.042949434369802475 0.15831269323825836
-0.025905435904860497 0.0064622946083545685 0.2690051198005676
-0.02685617469251156 0.027699576690793037 0.23829522728919983
-0.025569165125489235 -0.2091696858406067 -0.03943703696131706
-0.01942300982773304 -0.175071582198143 -0.09914075583219528
-0.021777836605906487 -0.19641627371311188 -0.06852493435144424
-0.013953031040728092 -0.17583662271499634 0.2710796296596527
-0.015400854870676994 -0.21295318007469177 0.20258626341819763
-0.012406871654093266 -0.1982763260602951 0.23751859366893768
-0.030861638486385345 0.05948517844080925 0.080975741147995
-0.03379913419485092 0.09175492078065872 -0.06243816763162613
-0.03316793590784073 0.08309563994407654 -0.05003141239285469
-0.04802614822983742 0.14648523926734924 -0.06027386710047722
-0.04095568507909775 0.11370702087879181 -0.059486761689186096
-0.05269986763596535 0.15277250111103058 -0.2886373698711395
-0.08279696106910706 0.20128820836544037 -0.26073262095451355
-0.040467292070388794 0.2498587667942047 -0.24530695378780365
-0.04706830158829689 0.2041717916727066 -0.2674197852611542
-0.053814973682165146 0.0898260846734047 -0.3290436267852783
-0.05368630960583687 0.11709214001893997 -0.3130488097667694
-0.02404085546731949 -0.11816590279340744 0.30012229084968567
-0.01936860755085945 -0.14777113497257233 0.2905113399028778
-0.021378623321652412 -0.1136869266629219 -0.1495572030544281
-0.019397316500544548 -0.14830859005451202 -0.1284223049879074
-0.029622694477438927 -0.024202829226851463 -0.15748929977416992
-0.025310402736067772 -0.06778662651777267 -0.15630774199962616
-0.036086805164813995 0.008453338406980038 -0.18363909423351288
-0.03239697962999344 0.0008457974763587117 -0.16573166847229004
-0.04428091645240784 -0.0014659458538517356 -0.24556583166122437
-0.03964158892631531 0.0026150557678192854 -0.21246536076068878
-0.059373900294303894 0.029774079099297523 -0.3095860183238983
-0.05312179774045944 0.007948332466185093 -0.27979570627212524
-0.058101147413253784 0.05951184034347534 -0.3274231255054474
-0.031669531017541885 0.2312825322151184 -0.11125203967094421
-0.04981820657849312 0.18744246661663055 -0.08409753441810608
-0.08921598643064499 0.2271026074886322 -0.23397234082221985
-0.09512806683778763 0.20232178270816803 -0.2480761855840683
-0.07690690457820892 0.31627222895622253 -0.16484607756137848
-0.060210809111595154 0.32359346747398376 -0.1711924523115158
-0.07043379545211792 0.3202856183052063 -0.19102098047733307
-0.08712989091873169 0.3129647672176361 -0.18467460572719574
-0.07665150612592697 0.3254995048046112 -0.17765049636363983
-0.07915335148572922 0.25478285551071167 -0.17336046695709229
-0.07655645906925201 0.2689168453216553 -0.18941748142242432
-0.06282277405261993 0.2659142315387726 -0.20391543209552765
-0.07555224001407623 0.2551213502883911 -0.1985160857439041
-0.07354612648487091 0.25964629650115967 -0.1914023458957672
-0.07286840677261353 0.25619086623191833 -0.15655425190925598
-0.048483628779649734 0.2619113028049469 -0.1470491737127304
-0.0397350937128067 0.2731253504753113 -0.15806077420711517
-0.061278779059648514 0.2737860679626465 -0.15850743651390076
-0.05610701069235802 0.2646677494049072 -0.1540740430355072
-0.051909323781728745 0.2804013788700104 -0.19874636828899384
-0.03521925210952759 0.27581924200057983 -0.18535116314888
-0.043976057320833206 0.27135610580444336 -0.20451393723487854
-0.047606535255908966 0.27179619669914246 -0.19981935620307922
-0.03695192188024521 0.2853107750415802 -0.1695932149887085
-0.027026262134313583 0.27639147639274597 -0.16944831609725952
-0.032328780740499496 0.27669593691825867 -0.16971956193447113
-0.09522195905447006 0.2505793869495392 -0.17290684580802917
-0.09413892030715942 0.2509251832962036 -0.15357986092567444
-0.08225756883621216 0.25262412428855896 -0.1618473380804062
-0.09658319503068924 0.23765479028224945 -0.2018107920885086
-0.1374569684267044 0.25269484519958496 -0.165582537651062
-0.12365489453077316 0.2438906580209732 -0.19116780161857605
-0.07026340067386627 0.2445370852947235 -0.14299675822257996
-0.126933753490448 0.2447928786277771 -0.14343415200710297
-0.019306940957903862 0.2719167470932007 -0.15047408640384674
-0.030460841953754425 0.2572758197784424 -0.1345527023077011
-0.06492123752832413 0.25900334119796753 -0.22260063886642456
-0.019539158791303635 0.2783604860305786 -0.19103412330150604
-0.03466629609465599 0.2717699110507965 -0.21777932345867157
-0.015638751909136772 0.2781672775745392 -0.1690453141927719
-0.08164399117231369 0.2457178831100464 -0.21453715860843658
-0.0836729034781456 0.289105087518692 -0.17046605050563812
-0.07484360784292221 0.2952984571456909 -0.20070302486419678
-0.08444489538669586 0.2906869351863861 -0.1882266402244568
-0.049009501934051514 0.30484139919281006 -0.18387362360954285
-0.060860712081193924 0.30120861530303955 -0.19721241295337677
-0.053683605045080185 0.30221205949783325 -0.15956071019172668
-0.04642844572663307 0.3059256076812744 -0.16917745769023895
-0.0699886754155159 0.29539814591407776 -0.16004060208797455
-0.08456622064113617 -0.2190800905227661 0.08877994865179062
-0.06056628376245499 -0.22954456508159637 0.1265861988067627
-0.04107237234711647 -0.22247254848480225 0.16334381699562073
-0.06866569072008133 -0.221357062458992 0.13053081929683685
-0.0247578714042902 -0.22783441841602325 0.15845835208892822
-0.018809545785188675 -0.22061210870742798 0.1798250824213028
-0.0260778795927763 -0.21931810677051544 0.011026084423065186
-0.05014083534479141 -0.21418188512325287 0.008093420416116714
-0.02466517686843872 -0.21369001269340515 -0.015449809841811657
-0.061886563897132874 -0.22417651116847992 0.04785903915762901
-0.07454840838909149 -0.21594341099262238 0.045430608093738556
-0.041332025080919266 -0.24225741624832153 0.08731786906719208
-0.03530615195631981 -0.23802301287651062 0.1267678141593933
-0.03503981605172157 -0.23237870633602142 0.046505916863679886
-0.05884455144405365 -0.0650288462638855 0.29668036103248596
-0.04240347072482109 -0.057844702154397964 0.30381304025650024
-0.05754745751619339 -0.04916706681251526 0.2939547896385193
-0.051439862698316574 -0.05637640133500099 0.29946619272232056
-0.0830427035689354 -0.06016320735216141 0.2812141478061676
-0.04989934712648392 -0.08949340879917145 0.2982626259326935
-0.07841535657644272 -0.08568171411752701 0.2861567735671997
-0.048211999237537384 -0.02457704208791256 0.28465837240219116
-0.07319335639476776 -0.03507636860013008 0.2772977352142334
-0.020914806053042412 -0.04212108254432678 0.30559659004211426
-0.024246489629149437 -0.01901695877313614 0.2899248003959656
-0.021047722548246384 -0.07121189683675766 0.30878889560699463
-0.024401314556598663 -0.08945786207914352 0.3050212562084198
-0.027730140835046768 -0.06856083124876022 0.3109816312789917
-0.02039921283721924 -0.06994478404521942 0.3204697370529175
-0.027677051723003387 -0.05858799070119858 0.3150448799133301
-0.03127004951238632 -0.06347580254077911 0.3118969798088074
-0.011484106071293354 -0.06712896376848221 0.32863789796829224
-0.015724260360002518 -0.05716702342033386 0.3200601637363434
-0.011498324573040009 -0.07698909193277359 0.32068610191345215
-0.015757257118821144 -0.0714765340089798 0.31410983204841614
-0.010203199461102486 -0.07480867952108383 0.3271966874599457
0.12098535895347595 -0.19825856387615204 0.09051366150379181
0.11191187053918839 -0.20108070969581604 0.06684408336877823
0.12280020862817764 -0.1935226321220398 0.04460412636399269
0.13187292218208313 -0.18715539574623108 0.06807588040828705
0.1225954219698906 -0.19540509581565857 0.06738656759262085
0.092481330037117 -0.2088107466697693 0.06637964397668839
0.0971929058432579 -0.2051188349723816 0.04338585585355759
0.10109076648950577 -0.20696806907653809 0.08989466726779938
0.1013612374663353 -0.20520731806755066 0.06649363040924072
0.08110228180885315 -0.21871456503868103 0.004741913639008999
0.10619646310806274 -0.20369654893875122 0.024192551150918007
0.07527443021535873 -0.21090185642242432 0.0190536268055439
0.08933653682470322 -0.20841507613658905 0.021421395242214203
0.13534459471702576 -0.18271543085575104 0.021149765700101852
0.12074348330497742 -0.20517484843730927 0.007097705267369747
0.12232998013496399 -0.1950654685497284 0.02324242889881134
0.12679697573184967 -0.1916961967945099 0.11322538554668427
0.11257799714803696 -0.2016197293996811 0.13398663699626923
0.10626561939716339 -0.20493105053901672 0.11283282190561295
0.11723934859037399 -0.1996271312236786 0.11290932446718216
0.10424289852380753 -0.21789196133613586 0.16767480969429016
0.09140485525131226 -0.21353931725025177 0.1524021476507187
0.12175426632165909 -0.1955534815788269 0.1553657352924347
0.10822227597236633 -0.2063448280096054 0.15315908193588257
0.06032209098339081 -0.219063863158226 0.15677332878112793
0.08615967631340027 -0.21168197691440582 0.13457974791526794
0.063371442258358 -0.22853299975395203 0.17053522169589996
0.07385484874248505 -0.21726137399673462 0.1549685299396515
0.087090864777565 -0.21198025345802307 0.11237070709466934
0.09563113749027252 -0.2086886465549469 0.11273931711912155
0.11625291407108307 -0.17164742946624756 -0.1161070466041565
0.09097828716039658 -0.14614059031009674 -0.1210411936044693
0.109553761780262 -0.11843250691890717 -0.11686822772026062
0.1311851590871811 -0.14126749336719513 -0.1044510006904602
0.1131780594587326 -0.14243167638778687 -0.11605218052864075
0.04616454616189003 -0.15617965161800385 -0.11742926388978958
0.06688562035560608 -0.130949467420578 -0.12854015827178955
0.0681518018245697 -0.17680257558822632 -0.11450741440057755
0.06743660569190979 -0.15119566023349762 -0.12038858234882355
0.06646368652582169 -0.09658937156200409 -0.1391170620918274
0.08656847476959229 -0.10506821423768997 -0.12830330431461334
0.04756905511021614 -0.12164144217967987 -0.13913367688655853
0.06631183624267578 -0.11337704211473465 -0.1352667361497879
0.12306256592273712 -0.0960128903388977 -0.10229304432868958
0.10392992198467255 -0.08204197138547897 -0.11707108467817307
0.10619839280843735 -0.09863915294408798 -0.11754479259252548
0.11893249303102493 -0.043127525597810745 -0.08568287640810013
0.10427689552307129 -0.05421724170446396 -0.10931973159313202
0.08981990069150925 -0.03954613581299782 -0.11470485478639603
0.10559176653623581 -0.025639642030000687 -0.09037370979785919
0.105228953063488 -0.04061602056026459 -0.10140535980463028
0.0860874205827713 -0.07236278057098389 -0.12810702621936798
0.11910559237003326 -0.06629456579685211 -0.09735198318958282
0.1035667210817337 -0.06763022392988205 -0.11443554610013962
0.050988953560590744 -0.08483746647834778 -0.1463080793619156
0.07066330313682556 -0.059557508677244186 -0.13427449762821198
0.06808804720640182 -0.07869698852300644 -0.13864026963710785
0.07691077142953873 -0.01779899373650551 -0.11438338458538055
0.05753856897354126 -0.03965970501303673 -0.1373242437839508
0.07366745173931122 -0.039028238505125046 -0.12645870447158813
0.11920373141765594 -0.17330116033554077 0.2648128569126129
0.10165990889072418 -0.1536472886800766 0.27453893423080444
0.08274094015359879 -0.17121197283267975 0.28200623393058777
0.10388742387294769 -0.1950407475233078 0.27808403968811035
0.10316295176744461 -0.17207825183868408 0.2759743630886078
0.09785671532154083 -0.12273336201906204 0.27349764108657837
0.08315630257129669 -0.13645583391189575 0.28227707743644714
0.11355787515640259 -0.13951215147972107 0.2616190016269684
0.09976276010274887 -0.1378360092639923 0.27372947335243225
0.04893801733851433 -0.13478858768939972 0.29171261191368103
0.06367668509483337 -0.15170955657958984 0.2860080301761627
0.06645943224430084 -0.12019211053848267 0.2896709442138672
0.06566811352968216 -0.1355397254228592 0.2879689335823059
0.057854633778333664 -0.19390013813972473 0.282174676656723
0.040533363819122314 -0.16881869733333588 0.28311824798583984
0.060558170080184937 -0.1704229712486267 0.28363871574401855
0.13850252330303192 -0.11921648681163788 -0.0837535411119461
0.14717455208301544 -0.1490187793970108 -0.06080719828605652
0.14527586102485657 -0.17358167469501495 -0.08646233379840851
0.14214922487735748 -0.1438450664281845 -0.08526743203401566
0.13238604366779327 -0.08295229077339172 -0.07948312908411026
0.1428091675043106 -0.10614854842424393 -0.05774134397506714
0.13502003252506256 -0.09911324083805084 -0.08184927701950073
0.14882983267307281 -0.12485770881175995 -0.004644544795155525
0.14769694209098816 -0.1336788833141327 -0.03275330364704132
0.14644969999790192 -0.09979058057069778 -0.02986043691635132
0.147166445851326 -0.1153271347284317 -0.03149716556072235
0.14650803804397583 -0.18257363140583038 -0.03388695791363716
0.14512477815151215 -0.16211800277233124 -0.005450544413179159
0.1473669707775116 -0.15564373135566711 -0.03337615728378296
0.14053954184055328 -0.17087814211845398 0.04506354033946991
0.14217627048492432 -0.16076797246932983 0.06969831138849258
0.13577735424041748 -0.1788044422864914 0.0918702557682991
0.13820616900920868 -0.17530572414398193 0.06886719167232513
0.14664289355278015 -0.1495465785264969 0.020723197609186172
0.14284741878509521 -0.16683924198150635 0.020493296906352043
0.1492985188961029 -0.11699941009283066 0.022038839757442474
0.14685694873332977 -0.13951098918914795 0.04633049666881561
0.14853617548942566 -0.1329486221075058 0.021288864314556122
0.14163069427013397 -0.14769308269023895 0.09384932368993759
0.1453535258769989 -0.12727957963943481 0.07123418897390366
0.14436475932598114 -0.14445556700229645 0.07050817459821701
0.14046303927898407 -0.07756882160902023 0.09691374748945236
0.14504092931747437 -0.09311500191688538 0.07249689847230911
0.14536626636981964 -0.07412844896316528 0.04983578622341156
0.13876758515834808 -0.059452567249536514 0.07514093071222305
0.14286752045154572 -0.07620178908109665 0.07352352142333984
0.1482301652431488 -0.10663732886314392 0.047590501606464386
0.14301858842372894 -0.11245822161436081 0.0954342782497406
0.14572444558143616 -0.110153429210186 0.07181569933891296
0.14931049942970276 -0.09495148807764053 -0.0024278522469103336
0.14914241433143616 -0.08648385107517242 0.024003608152270317
0.14970266819000244 -0.1016552746295929 0.022821655496954918
0.14270292222499847 -0.05493606999516487 0.029030481353402138
0.14685462415218353 -0.06668643653392792 0.001968826400116086
0.14701150357723236 -0.07105467468500137 0.025950990617275238
0.127898171544075 -0.03526291623711586 -0.05837273597717285
0.13831204175949097 -0.054164305329322815 -0.04516071453690529
0.13078640401363373 -0.05904493108391762 -0.07251977920532227
0.1299668848514557 -0.047970280051231384 -0.06665989011526108
0.14565953612327576 -0.07363109290599823 -0.025660429149866104
0.1402667611837387 -0.04642802104353905 -0.016600465402007103
0.1439482420682907 -0.06072964891791344 -0.0220094732940197
0.1402667611837387 -0.0774073526263237 -0.053156495094299316
0.14622017741203308 -0.0862717255949974 -0.02809581533074379
0.1312836855649948 -0.0701509565114975 -0.07658375799655914
0.13015080988407135 -0.19784899055957794 0.24941423535346985
0.13172300159931183 -0.17736206948757172 0.22665923833847046
0.1254701316356659 -0.1569076031446457 0.24636875092983246
0.1282428354024887 -0.17515967786312103 0.24779026210308075
0.1293293535709381 -0.18111000955104828 0.17933320999145508
0.13163220882415771 -0.16120459139347076 0.20378251373767853
0.12979957461357117 -0.20217379927635193 0.2032265067100525
0.13108624517917633 -0.17961469292640686 0.20317164063453674
0.13086290657520294 -0.12952756881713867 0.20480218529701233
0.12810450792312622 -0.14316967129707336 0.22574542462825775
0.1331518590450287 -0.14671050012111664 0.182064950466156
0.13122379779815674 -0.14499379694461823 0.20430143177509308
0.12044326215982437 -0.12660841643810272 0.24448473751544952
0.12261049449443817 -0.14131617546081543 0.245237797498703
0.10934009402990341 -0.07791011780500412 0.25949040055274963
0.11968401074409485 -0.09504615515470505 0.2440396100282669
0.12679234147071838 -0.0798690915107727 0.22580647468566895
0.117575503885746 -0.06378263235092163 0.24299637973308563
0.11941779404878616 -0.07925620675086975 0.24367177486419678
0.12675872445106506 -0.11240141838788986 0.22559744119644165
0.10983041673898697 -0.10905493795871735 0.2604876458644867
0.1197466030716896 -0.11100772768259048 0.2441980391740799
0.13480636477470398 -0.11397207528352737 0.1841510534286499
0.13224463164806366 -0.09674122184515 0.20589488744735718
0.13155068457126617 -0.11335115879774094 0.20535780489444733
0.12947656214237213 -0.06332194805145264 0.20661935210227966
0.13518038392066956 -0.0797906145453453 0.18571822345256805
0.13190113008022308 -0.07997263967990875 0.2063400000333786
0.13557758927345276 -0.06150748208165169 0.12088663876056671
0.13817138969898224 -0.07915373891592026 0.1424233615398407
0.1407211422920227 -0.09603800624608994 0.11912510544061661
0.13910025358200073 -0.07852358371019363 0.11990637332201004
0.13781939446926117 -0.09695219248533249 0.16357140243053436
0.13416457176208496 -0.0624246820807457 0.16516561806201935
0.13706786930561066 -0.07954684644937515 0.16438628733158112
0.13603082299232483 -0.1315622627735138 0.16154712438583374
0.13913272321224213 -0.11438550800085068 0.14075727760791779
0.13721007108688354 -0.11437855660915375 0.16264870762825012
0.14027835428714752 -0.13158738613128662 0.11752238124608994
0.14094525575637817 -0.11380708962678909 0.11838363111019135
0.1370941549539566 -0.1655815690755844 0.11515577137470245
0.13091044127941132 -0.1803693026304245 0.13569214940071106
0.13318276405334473 -0.18005827069282532 0.1140391156077385
0.13706864416599274 -0.14918337762355804 0.1383991688489914
0.1392269879579544 -0.1491350680589676 0.11638138443231583
0.13324150443077087 -0.16465424001216888 0.15869520604610443
0.13507181406021118 -0.14824098348617554 0.16019554436206818
0.12944835424423218 -0.18104083836078644 0.15714812278747559
0.09779567271471024 0.036708150058984756 -0.027807185426354408
0.08882226049900055 0.05375160649418831 -0.012447983026504517
0.09680304676294327 0.04308350756764412 0.0038895478937774897
0.10433214902877808 0.029119929298758507 -0.0149301216006279
0.09701980650424957 0.042209506034851074 -0.012017935514450073
0.06720670312643051 0.07239469885826111 -0.014779431745409966
0.0776742696762085 0.0662117600440979 0.005625963676720858
0.08054009079933167 0.05663829296827316 -0.03488939628005028
0.0791093036532402 0.06401863694190979 -0.014203331433236599
0.07466896623373032 0.060468144714832306 0.04208837449550629
0.08668245375156403 0.054142244160175323 0.022783789783716202
0.06418710201978683 0.0726284608244896 0.02536097913980484
0.07618513703346252 0.06490655243396759 0.02426132746040821
0.10580659657716751 0.024936536327004433 0.01565304957330227
0.095696821808815 0.03585037589073181 0.0368412621319294
0.09633667767047882 0.040698353201150894 0.020167961716651917
0.10395581275224686 0.0028043845668435097 0.0870918333530426
0.09413930773735046 0.022285159677267075 0.07160357385873795
0.08209915459156036 0.02724982425570488 0.09257734566926956
0.09232059121131897 0.011076508089900017 0.1093113049864769
0.09325448423624039 0.015822479501366615 0.09001019597053528
0.08436375856399536 0.04252015799283981 0.057092100381851196
0.10541016608476639 0.01417995523661375 0.049847763031721115
0.0949588268995285 0.029337078332901 0.05393340066075325
0.06085723266005516 0.061091769486665726 0.061303313821554184
0.07168567925691605 0.044846583157777786 0.07690555602312088
0.07315317541360855 0.05326128378510475 0.05949271470308304
0.06908530741930008 0.030637264251708984 0.11348310858011246
0.057723261415958405 0.04412752017378807 0.09651808440685272
0.07031401246786118 0.03678504005074501 0.09475848823785782
0.0911312997341156 -0.012306797318160534 0.23784933984279633
0.08411647379398346 0.0014253754634410143 0.2262214571237564
0.07288231700658798 0.0014980158302932978 0.2440032958984375
0.08191832154989243 -0.012693105265498161 0.25159692764282227
0.08242525905370712 -0.004601269494742155 0.24025729298591614
0.08763760328292847 0.008447928354144096 0.19104880094528198
0.07535093277692795 0.014603433199226856 0.21179769933223724
0.09625167399644852 -0.004750105086714029 0.20793770253658295
0.0859193429350853 0.005837895907461643 0.20961500704288483
0.05271918699145317 0.027505997568368912 0.21650773286819458
0.06335482746362686 0.015443434938788414 0.23170001804828644
0.0653524398803711 0.025662166997790337 0.19518157839775085
0.06434977054595947 0.02175658382475376 0.21419289708137512
0.061821263283491135 -0.0037222043611109257 0.2609366178512573
0.05122310295701027 0.011486463248729706 0.2503570020198822
0.06247580051422119 0.0068935006856918335 0.24738648533821106
0.07999798655509949 0.019359063357114792 0.13165365159511566
0.09029284119606018 0.008908113464713097 0.15047447383403778
0.10216104984283447 -0.0024972083047032356 0.12764297425746918
0.09135424345731735 0.009174719452857971 0.12966647744178772
0.05546097457408905 0.034899480640888214 0.13514193892478943
0.06712865084409714 0.027252916246652603 0.15421777963638306
0.06804825365543365 0.02796463668346405 0.13351023197174072
0.0778948962688446 0.018830489367246628 0.17304711043834686
0.05403907969594002 0.033611658960580826 0.1767803579568863
0.06625465303659439 0.026990173384547234 0.17498213052749634
0.09990958124399185 -0.0023600414860993624 0.16940735280513763
0.08907495439052582 0.009068849496543407 0.17113527655601501
0.13423798978328705 -0.040662359446287155 0.0554681234061718
0.12400225549936295 -0.02683183364570141 0.08059591799974442
0.13053487241268158 -0.044427961111068726 0.09988195449113846
0.13230568170547485 -0.04290519654750824 0.07759448140859604
0.13570432364940643 -0.03400585055351257 0.012120714411139488
0.1265137642621994 -0.019993392750620842 0.03903631493449211
0.13561120629310608 -0.03769679367542267 0.03360837325453758
0.11543029546737671 -0.007346073631197214 0.06390948593616486
0.11638312041759491 0.0025513023138046265 0.026172775775194168
0.11618722230195999 -0.0024821392726153135 0.044665563851594925
0.11330053955316544 -0.014422682113945484 0.10446294397115707
0.11437855660915375 -0.011504661291837692 0.08385778218507767
0.12678152322769165 -0.046237070113420486 0.1868414580821991
0.11602764576673508 -0.031610917299985886 0.20671942830085754
0.11938726902008057 -0.04801509901881218 0.22512103617191315
0.12392845749855042 -0.047064900398254395 0.20665915310382843
0.10329663753509521 -0.01973138377070427 0.2240198403596878
0.10890617966651917 -0.015833143144845963 0.18819457292556763
0.10654497891664505 -0.01736948825418949 0.2070590704679489
0.09279816597700119 -0.024217627942562103 0.2504937946796417
0.10621269047260284 -0.0348176434636116 0.2404133826494217
0.09902746975421906 -0.022520970553159714 0.23847991228103638
0.10374793410301208 -0.04901452362537384 0.2567281126976013
0.11278471350669861 -0.048770636320114136 0.24191449582576752
0.07022669166326523 0.010382946580648422 -0.10621697455644608
0.08231359720230103 0.023797858506441116 -0.07711382955312729
0.09250760078430176 -0.00240949890576303 -0.08699589222669601
0.08020199835300446 0.0034403749741613865 -0.09723915904760361
0.0913890153169632 0.033750757575035095 -0.049894556403160095
0.07352641969919205 0.049698423594236374 -0.06342607736587524
0.08201723545789719 0.0423806756734848 -0.056095074862241745
0.10686954110860825 0.01821536384522915 -0.03552557900547981
0.10249952226877213 0.009636836126446724 -0.05976979061961174
0.0999377891421318 0.025212028995156288 -0.04373066499829292
0.11525564640760422 -0.013696935027837753 -0.0629301518201828
0.10453306883573532 -0.008101147599518299 -0.07590634375810623
0.12020949274301529 -0.03011506423354149 0.16690705716609955
0.11161628365516663 -0.015680598095059395 0.1470252126455307
0.11051354557275772 -0.015520132146775723 0.1680237203836441
0.12909094989299774 -0.045610491186380386 0.14434950053691864
0.12831933796405792 -0.045848675072193146 0.16598011553287506
0.12178285419940948 -0.02986457198858261 0.12384750694036484
0.12964656949043274 -0.04523332417011261 0.12222546339035034
0.11246246844530106 -0.015564721077680588 0.12567858397960663
0.12980614602565765 -0.02461332455277443 -0.0288090817630291
0.12535227835178375 -0.011329899542033672 -0.00011610878573264927
0.1337963491678238 -0.02958683855831623 -0.008888987824320793
0.1179201602935791 -0.0020652294624596834 -0.03463307023048401
0.12365296483039856 -0.019258873537182808 -0.047026995569467545
0.11413668096065521 0.011209811083972454 -0.008089556358754635
0.11138948053121567 0.014211638830602169 -0.02320147305727005
0.11575061082839966 0.007219223305583 0.008477873168885708
0.057584550231695175 0.00418223487213254 -0.13245771825313568
0.06453948467969894 0.02851485088467598 -0.12087813764810562
0.06851152330636978 0.03724252060055733 -0.09314413368701935
0.06519286334514618 0.019353268668055534 -0.11351015418767929
0.07531461119651794 0.04363294690847397 -0.1402808576822281
0.06845356523990631 0.05010683462023735 -0.10951261222362518
0.06184406206011772 0.023105069994926453 -0.14909972250461578
0.06770552694797516 0.03603043034672737 -0.13007989525794983
0.05784999579191208 0.07432855665683746 -0.0752469152212143
0.06469094753265381 0.05818190053105354 -0.0827469676733017
0.0692325234413147 0.0703476294875145 -0.09699036926031113
0.06512795388698578 0.06333976238965988 -0.0907079353928566
0.06169221177697182 0.06832683086395264 -0.05593591928482056
0.0676209107041359 0.054300274699926376 -0.07298154383897781
0.09006564319133759 0.03956933319568634 -0.17671197652816772
0.1020907312631607 0.06408663839101791 -0.16160662472248077
0.08430541306734085 0.06706257909536362 -0.12503331899642944
0.08798959851264954 0.05305495485663414 -0.15064486861228943
0.12157189100980759 0.09088091552257538 -0.18645738065242767
0.10672735422849655 0.09133492410182953 -0.1417379230260849
0.11848042160272598 0.061902791261672974 -0.20409317314624786
0.11397787183523178 0.07651897519826889 -0.17360079288482666
0.08289124071598053 0.11566212773323059 -0.08568264544010162
0.08713800460100174 0.09131290018558502 -0.10608046501874924
0.1032506600022316 0.11938649415969849 -0.11842304468154907
0.09652253240346909 0.10462271422147751 -0.1112537831068039
0.06694628298282623 0.09012901037931442 -0.08264140784740448
0.07730527222156525 0.07977968454360962 -0.10172026604413986
0.07444331049919128 0.0198594331741333 -0.19266968965530396
0.09282945841550827 0.019581621512770653 -0.22321267426013947
0.10810945183038712 0.03813082352280617 -0.21522685885429382
0.09224022179841995 0.028419412672519684 -0.20139195024967194
0.08247819542884827 0.008109841495752335 -0.25314170122146606
0.10266837477684021 0.020057648420333862 -0.25472742319107056
0.07551939785480499 0.007753207813948393 -0.23083335161209106
0.0901479423046112 0.013031617738306522 -0.24070318043231964
0.11815160512924194 0.042553387582302094 -0.2849539518356323
0.11877445876598358 0.038554299622774124 -0.252543568611145
0.10023298859596252 0.023712079972028732 -0.28313061594963074
0.1123998761177063 0.030020207166671753 -0.2701561748981476
0.12781085073947906 0.06222310662269592 -0.245560422539711
0.12044017016887665 0.049215056002140045 -0.23046474158763885
0.12625139951705933 0.06630217283964157 -0.2805074453353882
0.12403278052806854 0.09436456859111786 -0.2710348069667816
0.12732981145381927 0.09150570631027222 -0.2322181612253189
0.12879961729049683 0.07770633697509766 -0.2589687705039978
0.10529617965221405 0.05067482218146324 -0.3089469373226166
0.11454624682664871 0.07239121943712234 -0.30621635913848877
0.11873427778482437 0.0572916679084301 -0.29708415269851685
0.09294421970844269 0.09629842638969421 -0.31606531143188477
0.11177277565002441 0.09673349559307098 -0.29943451285362244
0.09530000388622284 0.078975610435009 -0.32084760069847107
0.10598742216825485 0.08600743860006332 -0.3120202422142029
0.1140783354640007 0.1268622726202011 -0.2605135440826416
0.09890536963939667 0.1240752786397934 -0.2912060618400574
0.11413783580064774 0.11089722067117691 -0.2821047604084015
0.1294572353363037 -0.2997967600822449 -0.08355177193880081
0.11139991134405136 -0.31991198658943176 -0.062148261815309525
0.09028549492359161 -0.31946879625320435 -0.08868072181940079
0.1116313561797142 -0.29933658242225647 -0.10557731240987778
0.11148104816675186 -0.3142696022987366 -0.08617768436670303
0.1067010760307312 -0.3044360876083374 -0.01888863928616047
0.08788024634122849 -0.32192543148994446 -0.03734812140464783
0.12636500597000122 -0.3023453652858734 -0.039706114679574966
0.10863648355007172 -0.3165017366409302 -0.03824044018983841
0.05279221385717392 -0.3070032298564911 -0.04299777001142502
0.06676583737134933 -0.32148224115371704 -0.0638805404305458
0.07061810046434402 -0.3074634075164795 -0.020972415804862976
0.06807761639356613 -0.3186063766479492 -0.040284186601638794
0.0724252238869667 -0.30065762996673584 -0.10506875813007355
0.05276168882846832 -0.30274873971939087 -0.08425120264291763
0.06940755248069763 -0.31554698944091797 -0.08696459233760834
0.09508942812681198 -0.3039446175098419 0.2702620327472687
0.07685049623250961 -0.32138216495513916 0.25574246048927307
0.09607161581516266 -0.32183966040611267 0.23215942084789276
0.11136281490325928 -0.3044198453426361 0.25050655007362366
0.09537187218666077 -0.31696850061416626 0.2532317340373993
0.0436742901802063 -0.3062497675418854 0.2530512809753418
0.05744042992591858 -0.3229323625564575 0.23398742079734802
0.06017564982175827 -0.30463969707489014 0.271271675825119
0.05866449698805809 -0.3177489936351776 0.2546667456626892
0.06103960797190666 -0.3103230595588684 0.19587436318397522
0.07666193693876266 -0.3233902156352997 0.2104043811559677
0.04476621747016907 -0.30984780192375183 0.21562986075878143
0.059135112911462784 -0.32030802965164185 0.2130356729030609
0.1095738559961319 -0.3063826858997345 0.21202488243579865
0.09307249635457993 -0.30799275636672974 0.19380411505699158
0.09444571286439896 -0.31873464584350586 0.21108713746070862
0.1323327273130417 -0.22868214547634125 0.2284945547580719
0.12473291158676147 -0.26057168841362 0.20716145634651184
0.11742636561393738 -0.23434153199195862 0.18504399061203003
0.1279851198196411 -0.23083199560642242 0.20470327138900757
0.12114725261926651 -0.2252657264471054 0.2696388065814972
0.12802143394947052 -0.2569810152053833 0.25199684500694275
0.13041432201862335 -0.22675254940986633 0.25115257501602173
0.1235397532582283 -0.28665345907211304 0.23043344914913177
0.11367340385913849 -0.2810586094856262 0.26831504702568054
0.12195827811956406 -0.28364700078964233 0.25093814730644226
0.10928136110305786 -0.28630921244621277 0.19356493651866913
0.1191326379776001 -0.2863752841949463 0.210159033536911
0.024524301290512085 -0.20872379839420319 0.2557304799556732
0.025291508063673973 -0.24122382700443268 0.2339116781949997
0.029934005811810493 -0.2622026205062866 0.2555106282234192
0.03744823485612869 -0.22688893973827362 0.2733480930328369
0.02732648327946663 -0.2336672991514206 0.25592097640037537
0.04122113063931465 -0.24847164750099182 0.1904217004776001
0.03217256814241409 -0.2703055143356323 0.21252796053886414
0.027029970660805702 -0.22512778639793396 0.21067523956298828
0.029893124476075172 -0.24608494341373444 0.21058405935764313
0.032473523169755936 -0.2915281057357788 0.2345639020204544
0.046004194766283035 -0.2921498119831085 0.19781634211540222
0.03645448759198189 -0.2923700511455536 0.214835062623024
0.04358619451522827 -0.2830345928668976 0.27006036043167114
0.034740328788757324 -0.2870657444000244 0.25394344329833984
0.09751244634389877 -0.2667078673839569 0.1788139045238495
0.08047904074192047 -0.24604283273220062 0.17278282344341278
0.10071171820163727 -0.240350604057312 0.17478236556053162
0.07740843296051025 -0.29357054829597473 0.1817670464515686
0.09453032910823822 -0.28995320200920105 0.1841004341840744
0.059252187609672546 -0.27204424142837524 0.18171103298664093
0.06044457480311394 -0.29342642426490784 0.1865663379430771
0.059366174042224884 -0.24860379099845886 0.17790861427783966
0.057781219482421875 -0.25611937046051025 0.2831302285194397
0.08090599626302719 -0.2241811454296112 0.28525611758232117
0.05710697919130325 -0.22436121106147766 0.28293007612228394
0.07860468327999115 -0.28461143374443054 0.2832303047180176
0.059342604130506516 -0.28348782658576965 0.28000205755233765
0.10156833380460739 -0.2552952170372009 0.2820854187011719
0.09796838462352753 -0.2825906276702881 0.27920687198638916
0.10344848781824112 -0.22444581985473633 0.2809162437915802
0.13467885553836823 -0.22119979560375214 -0.012105259113013744
0.14278367161750793 -0.24993334710597992 -0.036291010677814484
0.14969958364963531 -0.21202971041202545 -0.06196743622422218
0.14545243978500366 -0.21581977605819702 -0.034807752817869186
0.14228098094463348 -0.2795138359069824 -0.061597082763910294
0.12579083442687988 -0.2796865701675415 -0.019494492560625076
0.13708409667015076 -0.27946555614471436 -0.03849004581570625
0.1316577047109604 -0.2729155421257019 -0.10427318513393402
0.14622946083545685 -0.2448674440383911 -0.08719387650489807
0.14067786931991577 -0.27589651942253113 -0.08489920943975449
0.13695234060287476 -0.20721149444580078 -0.10736025124788284
0.1471989005804062 -0.2090093493461609 -0.08740971237421036
0.09409178048372269 -0.20828989148139954 -0.12020736932754517
0.0705929845571518 -0.24584808945655823 -0.11590883135795593
0.04908639192581177 -0.21503502130508423 -0.10186044126749039
0.06921668350696564 -0.2104559689760208 -0.11459164321422577
0.11763230711221695 -0.24331378936767578 -0.1188720241189003
0.11795996129512787 -0.20709016919136047 -0.11804477125406265
0.09347549825906754 -0.2775367200374603 -0.1187765896320343
0.11460227519273758 -0.2748737335205078 -0.11559586226940155
0.054602429270744324 -0.2765158712863922 -0.10165129601955414
0.07224130630493164 -0.2766696512699127 -0.11372575908899307
0.05722946301102638 -0.23994296789169312 -0.015500426292419434
0.07284754514694214 -0.26499271392822266 -0.0058388616889715195
0.09703294187784195 -0.23614943027496338 0.0027234370354562998
0.07579991221427917 -0.23963618278503418 -0.002511311322450638
0.09005250781774521 -0.28849729895591736 -0.005603553261607885
0.05611744523048401 -0.2873196005821228 -0.022999780252575874
0.07166443020105362 -0.2885969877243042 -0.01074170507490635
0.11351382732391357 -0.25810500979423523 -0.0034707060549408197
0.10910400748252869 -0.28411221504211426 -0.008526944555342197
0.11759907752275467 -0.2289901077747345 -0.000034581487852847204
0.040845565497875214 -0.2539811134338379 -0.08380261063575745
0.038559168577194214 -0.23217855393886566 -0.05980251729488373
0.03684960678219795 -0.19861827790737152 -0.08172965049743652
0.03945264592766762 -0.22347252070903778 -0.08267602324485779
0.04124701768159866 -0.2865197956562042 -0.06278328597545624
0.04426120966672897 -0.281316339969635 -0.08376242220401764
0.04377282038331032 -0.2634004056453705 -0.03823135793209076
0.04558883234858513 -0.28757423162460327 -0.041438087821006775
0.043474145233631134 -0.21651101112365723 -0.03727718070149422
0.044650301337242126 -0.23756322264671326 -0.03600400313735008
0.10478151589632034 0.16124941408634186 -0.25119855999946594
0.11025620996952057 0.1593538075685501 -0.21312879025936127
0.11926092207431793 0.12554779648780823 -0.2157384306192398
0.11258920282125473 0.14299193024635315 -0.2351434826850891
0.10743637382984161 0.1902306228876114 -0.19711582362651825
0.10918360203504562 0.16516117751598358 -0.17376771569252014
0.10316488146781921 0.19068115949630737 -0.22341977059841156
0.10766433924436569 0.17601589858531952 -0.2016025334596634
0.09544026851654053 0.16858339309692383 -0.11752276867628098
0.10479310899972916 0.15054963529109955 -0.13833463191986084
0.10736682265996933 0.17327797412872314 -0.14721687138080597
0.10496737062931061 0.16343867778778076 -0.14315247535705566
0.115339495241642 0.12329208105802536 -0.16472668945789337
0.09092999249696732 0.145705908536911 -0.09845368564128876
0.10511419177055359 0.13528084754943848 -0.1287708282470703
0.1227940246462822 0.1077006608247757 -0.20000675320625305
0.07442785799503326 0.20831771194934845 -0.12202801555395126
0.10342723876237869 0.19390863180160522 -0.12348662316799164
0.12613625824451447 0.2074417769908905 -0.12694670259952545
0.09750936180353165 0.22168317437171936 -0.13151609897613525
0.09973223507404327 0.20749664306640625 -0.12600624561309814
0.11184734851121902 0.17798569798469543 -0.13620643317699432
0.12532253563404083 0.1851879209280014 -0.13398510217666626
0.09237777441740036 0.1818043440580368 -0.11670440435409546
0.10794098675251007 0.18344686925411224 -0.12637408077716827
0.15516577661037445 0.19484831392765045 -0.14752404391765594
0.14695045351982117 0.19711022078990936 -0.13232094049453735
0.13696587085723877 0.18576711416244507 -0.1516985446214676
0.14212875068187714 0.1889563351869583 -0.13986589014530182
0.15018102526664734 0.2210027426481247 -0.12941531836986542
0.16628053784370422 0.21245242655277252 -0.13308173418045044
0.1486779749393463 0.20844599604606628 -0.1289559006690979
0.11376690864562988 0.18678562343120575 -0.17622435092926025
0.12300924211740494 0.18401020765304565 -0.16233573853969574
0.11372015625238419 0.17939792573451996 -0.1545218676328659
0.1104598343372345 0.21390986442565918 -0.20831365883350372
0.12078636884689331 0.20487579703330994 -0.19673562049865723
0.11219547688961029 0.1992500275373459 -0.19621941447257996
0.14523489773273468 0.21408605575561523 -0.1935274600982666
0.1329037994146347 0.197689026594162 -0.18427971005439758
0.1333334594964981 0.22135859727859497 -0.2021573781967163
0.1320549100637436 0.208909273147583 -0.19648562371730804
0.1470547765493393 0.19556932151317596 -0.16830191016197205
0.13421596586704254 0.18932649493217468 -0.1679271161556244
0.15213651955127716 0.23118747770786285 -0.19409891963005066
0.17163120210170746 0.2329760491847992 -0.17514903843402863
0.16211646795272827 0.21261818706989288 -0.17462201416492462
0.1595609039068222 0.22314216196537018 -0.18591837584972382
0.1748737394809723 0.24574609100818634 -0.15334145724773407
0.18220077455043793 0.23188838362693787 -0.1503925621509552
0.16707687079906464 0.24652311205863953 -0.17323528230190277
0.17804326117038727 0.24048621952533722 -0.16271014511585236
0.1728259027004242 0.211555615067482 -0.14947257936000824
0.17286762595176697 0.22949780523777008 -0.13453762233257294
0.17786745727062225 0.22140535712242126 -0.14037205278873444
0.16123975813388824 0.2029612511396408 -0.16046640276908875
0 0.08332901448011398 -0.0038176800590008497
0.01786784827709198 0.08181052654981613 0.012090575881302357
0.03576146811246872 0.08180086314678192 -0.0074752033688127995
0.018058953806757927 0.08378881216049194 -0.02059684880077839
0.01812112331390381 0.08317948877811432 -0.004785575438290834
0.016803588718175888 0.07473426312208176 0.047095928341150284
0.03425271064043045 0.07880908250808716 0.028356624767184258
0 0.07896982133388519 0.030060971155762672
0.017396265640854836 0.07916726171970367 0.029546692967414856
0.05136451870203018 0.0786796435713768 0.007897522300481796
0.04854081571102142 0.07269182801246643 0.04512343183159828
0.050029557198286057 0.07694631814956665 0.026843540370464325
0.052277546375989914 0.0772341787815094 -0.029924577102065086
0.05244021490216255 0.0782642811536789 -0.011671734973788261
0 0.04626307263970375 0.1382303088903427
0.014084401540458202 0.045117828994989395 0.1589718610048294
0.028411956503987312 0.04360821843147278 0.13742199540138245
0.014598680660128593 0.047770362347364426 0.11790258437395096
0.014291157014667988 0.04563017562031746 0.13802243769168854
0.013824132271111012 0.04259821027517319 0.20099899172782898
0.02770973928272724 0.04243438318371773 0.17942748963832855
0 0.04537284001708031 0.1804247498512268
0.013941129669547081 0.04463870823383331 0.1801612377166748
0.041594766080379486 0.039278000593185425 0.15727177262306213
0.04071883112192154 0.03689438849687576 0.19887620210647583
0.041133034974336624 0.038759082555770874 0.17828147113323212
0.043014347553253174 0.04276512563228607 0.11643470823764801
0.042192116379737854 0.04007279500365257 0.13645410537719727
0 0.03809334337711334 0.22124017775058746
0.013536237180233002 0.029561953619122505 0.2393956482410431
0.02718576230108738 0.035375893115997314 0.21993805468082428
0.013696162030100822 0.03740248456597328 0.22089514136314392
0.01303675677627325 0.007993539795279503 0.2703949511051178
0.026439806446433067 0.017901232466101646 0.25479811429977417
0 0.020173564553260803 0.25650015473365784
0.013323416002094746 0.01958857662975788 0.25604692101478577
0.03974359482526779 0.024682294577360153 0.23658430576324463
0.03843780606985092 0.003969722893089056 0.2668730616569519
0.03914199024438858 0.015177988447248936 0.252864271402359
0.040262121707201004 0.03206147998571396 0.21844930946826935
0 -0.20504194498062134 -0.06193513423204422
0.011206217110157013 -0.1969664841890335 -0.07242248207330704
0.02395028807222843 -0.20396701991558075 -0.053477659821510315
0.012574523687362671 -0.20933081209659576 -0.046984415501356125
0.012060708366334438 -0.2041918933391571 -0.05958274006843567
0.009500055573880672 -0.17722953855991364 -0.09931578487157822
0.020284803584218025 -0.18659204244613647 -0.08381134271621704
0 -0.18929055333137512 -0.08661182224750519
0.01026726234704256 -0.18789802491664886 -0.0856260359287262
0.031080294400453568 -0.1993779093027115 -0.06376652419567108
0.03019184060394764 -0.1745816320180893 -0.09971623867750168
0.029802942648530006 -0.18824538588523865 -0.08231031149625778
0.03940396010875702 -0.21090881526470184 -0.027500009164214134
0.03549768403172493 -0.20669296383857727 -0.044572096318006516
0 -0.18472541868686676 0.25621962547302246
0.006264928728342056 -0.19523625075817108 0.2389497607946396
0.012564477510750294 -0.18793241679668427 0.2554669678211212
0.006703746505081654 -0.1736137419939041 0.27097299695014954
0.006224783603101969 -0.1851419359445572 0.2558927536010742
0.007363383658230305 -0.21064414083957672 0.2062615603208542
0.013610925525426865 -0.20661646127700806 0.2191409468650818
0 -0.20320622622966766 0.2226983904838562
0.006689372938126326 -0.20377691090106964 0.22184062004089355
0.018302801996469498 -0.20536765456199646 0.23560598492622375
0.024786580353975296 -0.2175828516483307 0.19570127129554749
0.020996835082769394 -0.2128523290157318 0.2144734114408493
0.02229342795908451 -0.1811760812997818 0.27192890644073486
0.019133955240249634 -0.194635808467865 0.25549593567848206
0 0.06784191727638245 0.0644426941871643
0.015587054193019867 0.060335226356983185 0.08147108554840088
0.031984977424144745 0.06753706187009811 0.06367339938879013
0.0161870326846838 0.06799609214067459 0.06425298005342484
0.02984289452433586 0.05181659013032913 0.09870309382677078
0 0.05340965464711189 0.0993572473526001
0.015044105239212513 0.053132619708776474 0.09920307993888855
0.045511167496442795 0.05710349977016449 0.08008318394422531
0.04415109008550644 0.04897627234458923 0.09782059490680695
0.04700454697012901 0.06554292887449265 0.0626935288310051
0 0.088603176176548 -0.05427427217364311
0.01706177182495594 0.08527060598134995 -0.04664996266365051
0.032756589353084564 0.0860491693019867 -0.05826122686266899
0.017335718497633934 0.09373901039361954 -0.059176381677389145
0.01685725711286068 0.08813371509313583 -0.055061645805835724
0.03445432707667351 0.08197242021560669 -0.03840484470129013
0 0.08457820117473602 -0.033824365586042404
0.01758408732712269 0.08415395021438599 -0.03485659137368202
0.04736272618174553 0.07843545079231262 -0.056552283465862274
0.049896642565727234 0.07712367177009583 -0.04492080956697464
0.048518016934394836 0.08761248737573624 -0.06917665153741837
0.04674025997519493 0.08167258650064468 -0.06471049785614014
0 0.13220173120498657 -0.0503711998462677
0.02090723253786564 0.11581088602542877 -0.054740794003009796
0.04501504823565483 0.12898507714271545 -0.05800211802124977
0.024430526420474052 0.15001873672008514 -0.053228557109832764
0.022940006107091904 0.13157346844673157 -0.052133504301309586
0.03687452897429466 0.10113558173179626 -0.06190607696771622
0 0.1035161018371582 -0.05716501176357269
0.018862443044781685 0.10308219492435455 -0.05807892978191376
0.05928619205951691 0.10928754508495331 -0.06873829662799835
0.05318593978881836 0.0970325618982315 -0.06973177194595337
0.06995119899511337 0.13972002267837524 -0.07155514508485794
0.06536055356264114 0.12373178452253342 -0.06855862587690353
0 0.17868775129318237 -0.28002020716667175
0.024206461384892464 0.2054634839296341 -0.26895952224731445
0.050282638520002365 0.17757226526737213 -0.27773743867874146
0.026767268776893616 0.15345332026481628 -0.29059556126594543
0.025684500113129616 0.17842695116996765 -0.27957701683044434
0.020740931853652 0.25267165899276733 -0.2464015930891037
0.043739203363657 0.22924047708511353 -0.25677254796028137
0 0.23211441934108734 -0.25863996148109436
0.022502269595861435 0.2312995195388794 -0.25811177492141724
0.07724035531282425 0.22296983003616333 -0.25213244557380676
0.06724070757627487 0.20244504511356354 -0.26477769017219543
0.05816373974084854 0.2455911487340927 -0.24419765174388885
0.062445275485515594 0.22632288932800293 -0.2548680603504181
0.07696293294429779 0.15087921917438507 -0.28426888585090637
0.08965955674648285 0.1764950156211853 -0.2673645317554474
0.07270728796720505 0.17605067789554596 -0.27399182319641113
0 0.10356826335191727 -0.3241129517555237
0.027503332123160362 0.11778724938631058 -0.31426167488098145
0.053430136293172836 0.10326147824525833 -0.32281315326690674
0.028088590130209923 0.08984463661909103 -0.33029937744140625
0.027683155611157417 0.10369963943958282 -0.3239692151546478
0.05363839492201805 0.1331043392419815 -0.3010326027870178
0 0.13372370600700378 -0.3029417395591736
0.027285797521471977 0.1338060051202774 -0.30264732241630554
0.07722799479961395 0.11449253559112549 -0.3102598786354065
0.07812517881393433 0.13066895306110382 -0.2973669767379761
0.07481733709573746 0.08928128331899643 -0.3256886303424835
0.07530456781387329 0.1014222800731659 -0.3199206590652466
0 -0.1321360468864441 0.29745158553123474
0.009291330352425575 -0.14692920446395874 0.2910325825214386
0.022071488201618195 -0.13305294513702393 0.29619351029396057
0.011838807724416256 -0.11752257496118546 0.30147308111190796
0.01073602493852377 -0.13240768015384674 0.2971664369106293
0.016441738232970238 -0.1622408777475357 0.2824505567550659
0 -0.16048398613929749 0.28258657455444336
0.007836551405489445 -0.16077029705047607 0.28249382972717285
0.031017815694212914 -0.1492200791835785 0.2895840108394623
0.02658419869840145 -0.16550776362419128 0.28269052505493164
0.036969464272260666 -0.11896263062953949 0.2977603077888489
0.034605711698532104 -0.13390299677848816 0.2944149971008301
0 -0.1665954440832138 -0.11338187754154205
0.009210150688886642 -0.15128299593925476 -0.12746407091617584
0.01914423331618309 -0.16243135929107666 -0.114316925406456
0.009160809218883514 -0.16520483791828156 -0.11361408978700638
0.010317414999008179 -0.1155867800116539 -0.1495915949344635
0.020130984485149384 -0.13234122097492218 -0.14053934812545776
0 -0.1357603520154953 -0.1392766386270523
0.009608784690499306 -0.13492420315742493 -0.13980869948863983
0.031538430601358414 -0.1439749002456665 -0.1292576789855957
0.03392748907208443 -0.11009817570447922 -0.1483667492866516
0.03247997537255287 -0.12793835997581482 -0.1406027227640152
0.03077300265431404 -0.15967373549938202 -0.11549694836139679
0 -0.09302303940057755 -0.1560523360967636
0.012436622753739357 -0.06861840188503265 -0.15949077904224396
0.02317349798977375 -0.09150338172912598 -0.15436576306819916
0.011296631768345833 -0.09273093193769455 -0.15575559437274933
0.014759184792637825 -0.02566947042942047 -0.16443458199501038
0.027584124356508255 -0.044531844556331635 -0.15672464668750763
0 -0.04562122002243996 -0.16374218463897705
0.013627423904836178 -0.04551062360405922 -0.16198721528053284
0.03905853256583214 -0.06587981432676315 -0.15084849298000336
0.04469473659992218 -0.020604383200407028 -0.14602603018283844
0.04219945892691612 -0.04203788936138153 -0.14795833826065063
0.036210834980010986 -0.08898956328630447 -0.15138325095176697
0 -0.011790973134338856 -0.17065924406051636
0.016573071479797363 -0.0019493139116093516 -0.17310932278633118
0.031054213643074036 -0.009263318032026291 -0.16047219932079315
0.015722056850790977 -0.011356714181602001 -0.16802333295345306
0.01816830225288868 0.004641260486096144 -0.18920187652111053
0.03416925296187401 0.0066840797662734985 -0.17332415282726288
0 0.0022043283097445965 -0.18257884681224823
0.017369449138641357 0.0031757010146975517 -0.18004995584487915
0.04672248661518097 0.0063459924422204494 -0.15432557463645935
0.05350586771965027 0.01551877986639738 -0.1758495569229126
0.04982979595661163 0.013325270265340805 -0.16326074302196503
0.04560660570859909 -0.004720082972198725 -0.14836442470550537
0 0.002074889140203595 -0.20274004340171814
0.020051350817084312 0.00016305460303556174 -0.21475237607955933
0.037865374237298965 0.006354879587888718 -0.1970648169517517
0.019026733934879303 0.003070217790082097 -0.2009209394454956
0.023025434464216232 -0.0028619561344385147 -0.24692784249782562
0.041552264243364334 -0.0005409394507296383 -0.22870397567749023
0 -0.002867751754820347 -0.23118264973163605
0.021348755806684494 -0.002381292637437582 -0.2302398681640625
0.05830979347229004 0.00691281957551837 -0.21108867228031158
0.061995524913072586 0.0017325517255812883 -0.2438572347164154
0.059465087950229645 0.003033124841749668 -0.22786784172058105
0.056328024715185165 0.012227936647832394 -0.19277091324329376
0 0.00028824343462474644 -0.2647475600242615
0.02743266150355339 0.007062350865453482 -0.2815541625022888
0.04851106181740761 0.0014868107391521335 -0.2628353238105774
0.02518807351589203 0.0004207736055832356 -0.2643603980541229
0.030552182346582413 0.028807729482650757 -0.3112892210483551
0.056991834193468094 0.01755077950656414 -0.2957306206226349
0 0.016535360366106033 -0.29776185750961304
0.029355354607105255 0.016659390181303024 -0.297525018453598
0.07532349973917007 0.010190912522375584 -0.2756440043449402
0.08473468571901321 0.03205297887325287 -0.30533501505851746
0.08119075745344162 0.01972844824194908 -0.2912941575050354
0.06810350716114044 0.0041555739007890224 -0.2598072290420532
0 0.04294479638338089 -0.32203882932662964
0.02996128425002098 0.058643631637096405 -0.3288322687149048
0.05952034145593643 0.044099316000938416 -0.32030820846557617
0.030619297176599503 0.04310360178351402 -0.3218630254268646
0.055785540491342545 0.07499855011701584 -0.3304573893547058
0 0.0743938535451889 -0.331887423992157
0.028982840478420258 0.07452522963285446 -0.3317823112010956
0.08259836584329605 0.061527613550424576 -0.3237323462963104
0.07822873443365097 0.07589380443096161 -0.3269030451774597
0.08498544991016388 0.04645008221268654 -0.3163454532623291
0.048960816115140915 0.16572298109531403 -0.06912383437156677
0.023449106141924858 0.19296817481517792 -0.07302726805210114
0 0.1723189651966095 -0.05764436349272728
0.024848710745573044 0.17079468071460724 -0.06099748983979225
0.07404572516679764 0.17070581018924713 -0.09188161790370941
0.0716002881526947 0.15660659968852997 -0.08009029924869537
0.06613564491271973 0.1921757012605667 -0.10296179354190826
0.0810253843665123 0.17833112180233002 -0.10464666783809662
0.04872164502739906 0.2268618941307068 -0.12252916395664215
0.038154236972332 0.21187631785869598 -0.09755939245223999
0.05518509820103645 0.20961210131645203 -0.11090653389692307
0 0.21783940494060516 -0.08225061744451523
0.015591304749250412 0.23564442992210388 -0.1012125164270401
0.01948641613125801 0.21560725569725037 -0.08690482378005981
0.09181056171655655 0.20170743763446808 -0.2549828290939331
0.09988601505756378 0.19078393280506134 -0.24544915556907654
0.09783933311700821 0.18153850734233856 -0.256879985332489
0.0822598859667778 0.23433265089988708 -0.2389717847108841
0.09309683740139008 0.21397748589515686 -0.24303075671195984
0.08674389123916626 0.2196051925420761 -0.24830028414726257
0.09525518864393234 0.21794025599956512 -0.22719360888004303
0.0984397754073143 0.2038356363773346 -0.23598308861255646
0.08749154955148697 0.3107666075229645 -0.17765049636363983
0.08324285596609116 0.320796400308609 -0.1813957393169403
0.07766886055469513 0.3225958049297333 -0.17058737576007843
0.08277300745248795 0.3122924566268921 -0.16849935054779053
0.08383209258317947 0.31814736127853394 -0.17434188723564148
0.07608583569526672 0.31654423475265503 -0.19380758702754974
0.07413806766271591 0.3247792720794678 -0.18485581874847412
0.0837922915816307 0.3131672441959381 -0.19087840616703033
0.08022672683000565 0.3204297423362732 -0.18807518482208252
0.05938742309808731 0.322562575340271 -0.17738930881023407
0.06856407225131989 0.32657867670059204 -0.17404745519161224
0.06410595774650574 0.32103675603866577 -0.18654084205627441
0.0668867751955986 0.3255698084831238 -0.18078215420246124
0.06947246938943863 0.3178073465824127 -0.1630992293357849
0.061766013503074646 0.3211847245693207 -0.16602842509746552
0.06985189765691757 0.32378315925598145 -0.16795416176319122
0.08029627799987793 0.2517060935497284 -0.19050167500972748
0.07396883517503738 0.2574496865272522 -0.1939915120601654
0.07692313194274902 0.2569226622581482 -0.18216155469417572
0.08113937079906464 0.2524815499782562 -0.1771203875541687
0.07794705778360367 0.25451046228408813 -0.18530866503715515
0.062495119869709015 0.26456189155578613 -0.2058674544095993
0.06886197626590729 0.262719988822937 -0.1992281973361969
0.06991874426603317 0.2593298554420471 -0.20535819232463837
0.06891452521085739 0.2609248459339142 -0.20142556726932526
0.07241633534431458 0.27174943685531616 -0.19766603410243988
0.07433551549911499 0.26299741864204407 -0.19005811214447021
0.06407003104686737 0.2689191699028015 -0.2029811590909958
0.0699620172381401 0.2659246623516083 -0.19817297160625458
0.07811745256185532 0.25773870944976807 -0.17079873383045197
0.07852625101804733 0.2662353217601776 -0.17927409708499908
0.07697606831789017 0.2602301239967346 -0.18022769689559937
0.07006556540727615 0.26888012886047363 -0.16176079213619232
0.058504533022642136 0.2678488790988922 -0.1566898673772812
0.0651070848107338 0.26004350185394287 -0.15478074550628662
0.07438535988330841 0.25868767499923706 -0.16143353283405304
0.0673345997929573 0.26302215456962585 -0.1586538702249527
0.04186291620135307 0.27606767416000366 -0.15885092318058014
0.04725106060504913 0.2692634165287018 -0.15510724484920502
0.05228836461901665 0.27825191617012024 -0.157621830701828
0.04955855384469032 0.2723722755908966 -0.15668292343616486
0.03982512280344963 0.2673114240169525 -0.1499401032924652
0.05310247838497162 0.26302987337112427 -0.15087014436721802
0.03720979392528534 0.27206626534461975 -0.15683206915855408
0.04434660077095032 0.2679137885570526 -0.15286852419376373
0.07193528860807419 0.2544158101081848 -0.1525389403104782
0.0593634694814682 0.25660157203674316 -0.1473756730556488
0.06270724534988403 0.25822362303733826 -0.15104053914546967
0.05349504575133324 0.26786008477211 -0.20893032848834991
0.04604128748178482 0.2710002362728119 -0.20145995914936066
0.05538022145628929 0.2689999043941498 -0.20374001562595367
0.05442005395889282 0.26798564195632935 -0.20557379722595215
0.03323029726743698 0.27511677145957947 -0.18598638474941254
0.0405743233859539 0.2741214632987976 -0.19327090680599213
0.036109793931245804 0.27399277687072754 -0.19663091003894806
0.038710013031959534 0.27341049909591675 -0.19444087147712708
0.04505793750286102 0.2827633321285248 -0.1924571692943573
0.049339860677719116 0.2746330201625824 -0.19908407330513
0.037153538316488266 0.2786746025085449 -0.18503239750862122
0.0424436554312706 0.27696099877357483 -0.19273769855499268
0.059392448514699936 0.27763137221336365 -0.20249275863170624
0.05687244236469269 0.2718873620033264 -0.2028915137052536
0.027440274134278297 0.276614785194397 -0.17801834642887115
0.030173564329743385 0.2759351432323456 -0.16961291432380676
0.032477233558893204 0.2767318785190582 -0.17731589078903198
0.030407017096877098 0.27601975202560425 -0.17756666243076324
0.03475454822182655 0.27554836869239807 -0.16311661899089813
0.029043618589639664 0.2748930752277374 -0.1617310494184494
0.03246332332491875 0.27467861771583557 -0.16255752742290497
0.03942250832915306 0.28417134284973145 -0.1634543240070343
0.034314144402742386 0.2795346975326538 -0.1697268933057785
0.03678504005074501 0.2784099280834198 -0.16341336071491241
0.03708595782518387 0.28538304567337036 -0.1769426465034485
0.034440379589796066 0.2795776128768921 -0.17714782059192657
0.08039750903844833 0.2534625828266144 -0.16685451567173004
0.08735205978155136 0.25175437331199646 -0.16649478673934937
0.08960352838039398 0.2495245486497879 -0.1775500476360321
0.08383479714393616 0.25173816084861755 -0.17116928100585938
0.07800733298063278 0.2539104223251343 -0.15872149169445038
0.07799342274665833 0.25564026832580566 -0.16388823091983795
0.08336611092090607 0.2508575916290283 -0.15088637173175812
0.08633548021316528 0.25193095207214355 -0.1575426310300827
0.07956137508153915 0.2525263726711273 -0.15452495217323303
0.10206136107444763 0.25207197666168213 -0.1676790565252304
0.10243190824985504 0.2520858943462372 -0.15850858390331268
0.09300835430622101 0.25200435519218445 -0.16213558614253998
0.10779957473278046 0.2483777552843094 -0.18132425844669342
0.10736025124788284 0.23919840157032013 -0.19688978791236877
0.09075109660625458 0.24511048197746277 -0.19177520275115967
0.0990011915564537 0.24587823450565338 -0.18671278655529022
0.12023036181926727 0.25318053364753723 -0.16468457877635956
0.13290302455425262 0.2504495680332184 -0.17764702439308167
0.11597780138254166 0.2514595687389374 -0.17354825139045715
0.145033597946167 0.24331340193748474 -0.1897946000099182
0.15559157729148865 0.251232385635376 -0.1646953970193863
0.15098315477371216 0.24932439625263214 -0.1778784692287445
0.12286512553691864 0.23168282210826874 -0.20232005417346954
0.13840515911579132 0.23340919613838196 -0.1989074945449829
0.09977860003709793 0.22608216106891632 -0.21132513880729675
0.110013946890831 0.22788426280021667 -0.20631372928619385
0.0709129124879837 0.24971427023410797 -0.14643250405788422
0.09607509523630142 0.24316850304603577 -0.14323516190052032
0.10717401653528214 0.24914897978305817 -0.1495973765850067
0.09013210237026215 0.24827304482460022 -0.14739343523979187
0.12744726240634918 0.23357030749320984 -0.13496960699558258
0.06907758116722107 0.2355806678533554 -0.13773690164089203
0.09741237759590149 0.2339393049478531 -0.13760089874267578
0.15803276002407074 0.24254797399044037 -0.1407831609249115
0.1543300300836563 0.2328214943408966 -0.13334253430366516
0.13624602556228638 0.25051870942115784 -0.15401723980903625
0.15819735825061798 0.2488294392824173 -0.15178239345550537
0.1172509416937828 0.25159749388694763 -0.15603069961071014
0.027240397408604622 0.2717532813549042 -0.15295159816741943
0.023285936564207077 0.2662171721458435 -0.14212894439697266
0.04124315455555916 0.26028886437416077 -0.1425817906856537
0.03266698494553566 0.266445130109787 -0.1462957262992859
0 0.2685721814632416 -0.13530267775058746
0.013895884156227112 0.2601586580276489 -0.12672105431556702
0.009997487999498844 0.27279770374298096 -0.14790655672550201
0.012095367535948753 0.26753050088882446 -0.1376325786113739
0.029816891998052597 0.245626300573349 -0.1231129914522171
0 0.2519321143627167 -0.11028866469860077
0.01439447607845068 0.2500125467777252 -0.11453291773796082
0.049593329429626465 0.24931474030017853 -0.1389462798833847
0.04729510843753815 0.240146204829216 -0.13187775015830994
0.05430413782596588 0.25421565771102905 -0.14372819662094116
0.010424946434795856 0.27987125515937805 -0.19203408062458038
0.025020921602845192 0.27648845314979553 -0.20365075767040253
0.016924334689974785 0.27420490980148315 -0.21925725042819977
0 0.2793106138706207 -0.205746129155159
0.013609958812594414 0.2783087193965912 -0.20533771812915802
0.04074278473854065 0.2719739079475403 -0.20948904752731323
0.026031900197267532 0.2769103944301605 -0.18913233280181885
0.032033853232860565 0.27503448724746704 -0.20022468268871307
0.06334710121154785 0.26242595911026 -0.21499155461788177
0.05183281749486923 0.26513606309890747 -0.22215822339057922
0.05210869759321213 0.26764023303985596 -0.2143462896347046
0.03742404654622078 0.26310715079307556 -0.23253343999385834
0.06820203363895416 0.25195568799972534 -0.23210185766220093
0.05423884093761444 0.25815755128860474 -0.23270152509212494
0 0.26748567819595337 -0.23373781144618988
0.019091492518782616 0.26631608605384827 -0.2331976443529129
0.016665417701005936 0.2758598029613495 -0.15940074622631073
0.00809805653989315 0.27906641364097595 -0.16875861585140228
0 0.2770668566226959 -0.15757353603839874
0.008606810122728348 0.27663180232048035 -0.15818093717098236
0.022064726799726486 0.27720558643341064 -0.16926749050617218
0.023627694696187973 0.2752833068370819 -0.16063177585601807
0.016504177823662758 0.27896055579185486 -0.17954418063163757
0.02278750017285347 0.2776912748813629 -0.17879034578800201
0 0.2806985080242157 -0.18005189299583435
0.00864587351679802 0.28013476729393005 -0.17994216084480286
0.074314646422863 0.2522342801094055 -0.2197100967168808
0.08534981310367584 0.23765479028224945 -0.22422346472740173
0.07798028737306595 0.24498993158340454 -0.22913479804992676
0.07824418693780899 0.25137534737586975 -0.20566652715206146
0.07167331874370575 0.25672367215156555 -0.2116187959909439
0.08853903412818909 0.2403428703546524 -0.2081320583820343
0.0842180922627449 0.2472236305475235 -0.19857250154018402
0.09208644181489944 0.23034554719924927 -0.21779091656208038
0.07056864351034164 0.2842760384082794 -0.20200088620185852
0.08058065921068192 0.2927479147911072 -0.19597560167312622
0.08042764663696289 0.27881988883018494 -0.1889399141073227
0.0764254704117775 0.28140443563461304 -0.19711504876613617
0.08710477501153946 0.30249837040901184 -0.18687815964221954
0.078083835542202 0.3053131699562073 -0.1979202777147293
0.08347313851118088 0.3036378026008606 -0.19370442628860474
0.08566664904356003 0.3003458082675934 -0.1713307797908783
0.0856577605009079 0.28912943601608276 -0.17912109196186066
0.08779524266719818 0.30078279972076416 -0.17894604802131653
0.08016452193260193 0.27647724747657776 -0.16974081099033356
0.0819944441318512 0.2767411470413208 -0.17906776070594788
0.04391423612833023 0.29410335421562195 -0.18441765010356903
0.054166585206985474 0.3033372163772583 -0.1912219077348709
0.055982980877161026 0.28998953104019165 -0.19829776883125305
0.049157872796058655 0.2923634648323059 -0.1920456737279892
0.06584276258945465 0.31186822056770325 -0.194963276386261
0.05458774417638779 0.31406170129776 -0.1831503063440323
0.0595075897872448 0.31326034665107727 -0.1897037923336029
0.06801154464483261 0.2983238697052002 -0.2007443606853485
0.07212074846029282 0.3086380362510681 -0.19802112877368927
0.06343712657690048 0.28721603751182556 -0.20200592279434204
0.04865402728319168 0.2914477288722992 -0.15922263264656067
0.04877535253763199 0.30461111664772034 -0.16336467862129211
0.04106425866484642 0.2948850393295288 -0.1692771464586258
0.04353480786085129 0.29374054074287415 -0.16324451565742493
0.052821192890405655 0.31610220670700073 -0.1696925163269043
0.0590493381023407 0.31151196360588074 -0.16097334027290344
0.05479639396071434 0.3142765462398529 -0.1643955558538437
0.04646824300289154 0.30585333704948425 -0.17626994848251343
0.05255535989999771 0.31551992893218994 -0.17621199786663055
0.04120335727930069 0.2949746549129486 -0.17658138275146484
0.0779435783624649 0.29164209961891174 -0.1640682816505432
0.06541387736797333 0.2836925983428955 -0.15931575000286102
0.0739765614271164 0.2793372571468353 -0.163201242685318
0.0740835890173912 0.3067323863506317 -0.16160739958286285
0.0808430165052414 0.3030419945716858 -0.16545464098453522
0.061328623443841934 0.2990313172340393 -0.1584954559803009
0.0661487802863121 0.3092763423919678 -0.16007885336875916
0.056460168212652206 0.2879142463207245 -0.15795141458511353
0.07095618546009064 -0.2178904116153717 0.13304540514945984
0.0792514905333519 -0.2203431874513626 0.11029620468616486
0.08823688328266144 -0.2142939418554306 0.0892285406589508
0.08240053057670593 -0.21588662266731262 0.11146965622901917
0.03979034721851349 -0.22184467315673828 0.17114107310771942
0.05508270487189293 -0.22221019864082336 0.14862099289894104
0.055557187646627426 -0.22050005197525024 0.15373054146766663
0.05101561173796654 -0.2278120070695877 0.14170120656490326
0.06601779907941818 -0.225286602973938 0.12818081676959991
0.04232928529381752 -0.22429203987121582 0.15665587782859802
0.054421987384557724 -0.22483336925506592 0.14422623813152313
0.07985155284404755 -0.22446514666080475 0.08832015097141266
0.06834422051906586 -0.23065310716629028 0.10816682875156403
0.07533548027276993 -0.225286602973938 0.10910845547914505
0.01700076088309288 -0.21728764474391937 0.19010834395885468
0.02920655719935894 -0.22171485424041748 0.17347638309001923
0.027242522686719894 -0.2200518548488617 0.18289297819137573
0 -0.21523362398147583 0.19495631754398346
0.009206325747072697 -0.21983817219734192 0.18319512903690338
0.008152112364768982 -0.2157193124294281 0.19390960037708282
0.012714125216007233 -0.2285565733909607 0.1603199690580368
0.02122611552476883 -0.22391879558563232 0.16985362768173218
0 -0.2238059639930725 0.17329131066799164
0.010676753707230091 -0.2238384187221527 0.17252857983112335
0.03546082228422165 -0.22698785364627838 0.15511806309223175
0.031520579010248184 -0.22402852773666382 0.16488046944141388
0.02540135756134987 -0.21194857358932495 -0.027170423418283463
0.012273374944925308 -0.21397362649440765 -0.021548515185713768
0 -0.2124817818403244 -0.03704415261745453
0.012491489760577679 -0.21213982999324799 -0.034505173563957214
0.05332696810364723 -0.2134106606245041 0.0008637643768452108
0.03729383274912834 -0.2137734740972519 -0.005557573400437832
0.03914817422628403 -0.21274298429489136 -0.015322689898312092
0.03791514039039612 -0.21858203411102295 0.015699414536356926
0.02457885816693306 -0.2157803624868393 -0.003046455094590783
0.047951191663742065 -0.21604734659194946 0.014929349534213543
0.03640526533126831 -0.21557673811912537 0.004278251435607672
0 -0.2164410799741745 -0.009038904681801796
0.013279290869832039 -0.22013415396213531 0.008184993639588356
0.012382026761770248 -0.21618683636188507 -0.007517319638282061
0.079464390873909 -0.2122623175382614 0.043763741850852966
0.06318791210651398 -0.21487505733966827 0.0254680085927248
0.06753435730934143 -0.21283842623233795 0.02121429331600666
0.08233678340911865 -0.21747928857803345 0.06684640049934387
0.08681189268827438 -0.21291647851467133 0.06654772162437439
0.06890950351953506 -0.22779500484466553 0.06723355501890182
0.06937046349048615 -0.2199525535106659 0.046990059316158295
0.07704098522663116 -0.2224540114402771 0.06712537258863449
0.053469933569431305 -0.2206314206123352 0.031459297984838486
0.05930666998028755 -0.21766166388988495 0.029379000887274742
0 -0.23561197519302368 0.145362988114357
0.018271543085575104 -0.24100089073181152 0.12720905244350433
0.029912367463111877 -0.23298686742782593 0.1439032256603241
0.015469168312847614 -0.23482954502105713 0.14498046040534973
0.021336931735277176 -0.24641801416873932 0.08716794848442078
0.039555810391902924 -0.24159051477909088 0.10763130336999893
0 -0.24698173999786377 0.10778508335351944
0.020450910553336143 -0.24541573226451874 0.10770510137081146
0.04986688867211342 -0.23399727046489716 0.12633776664733887
0.058644019067287445 -0.2365821897983551 0.0875624492764473
0.05596907436847687 -0.23637856543064117 0.10772944241762161
0.04230339825153351 -0.23058895766735077 0.1422019749879837
0 -0.24388718605041504 0.06612269580364227
0.018021397292613983 -0.23525571823120117 0.04574241861701012
0.03930582106113434 -0.2385917752981186 0.06665165722370148
0.02025926485657692 -0.24235130846500397 0.06629695743322372
0.03009771555662155 -0.22540251910686493 0.027753863483667374
0 -0.22794994711875916 0.025572333484888077
0.015426897443830967 -0.22717022895812988 0.026155002415180206
0.05005235597491264 -0.228502094745636 0.04745449125766754
0.04325622320175171 -0.22321711480617523 0.030219774693250656
0.05592656880617142 -0.23345710337162018 0.06701988726854324
0.06285329908132553 -0.05338967964053154 0.29270678758621216
0.053281378000974655 -0.053420666605234146 0.29790908098220825
0.053723786026239395 -0.05934658274054527 0.298912912607193
0.0636110007762909 -0.06138886138796806 0.2940896451473236
0.05796050280332565 -0.056640997529029846 0.2963531017303467
0.042243894189596176 -0.05365802347660065 0.30302172899246216
0.047317519783973694 -0.05654555931687355 0.3013486862182617
0.050604112446308136 -0.04713008180260658 0.2962823808193207
0.0479782372713089 -0.05247904732823372 0.2999174892902374
0.05166512727737427 -0.0667213648557663 0.2995917797088623
0.04244481399655342 -0.06186430901288986 0.3037906289100647
0.048392828553915024 -0.060743287205696106 0.3012157678604126
0.06676042824983597 -0.07329656183719635 0.29272764921188354
0.08265477418899536 -0.07204270362854004 0.28314143419265747
0.07292249798774719 -0.05869417265057564 0.28813469409942627
0.07183019071817398 -0.06691305339336395 0.289959192276001
0.04627273231744766 -0.07710006088018417 0.3006160855293274
0.06332159787416458 -0.08864451944828033 0.2933535873889923
0.05759652704000473 -0.07612892240285873 0.29655054211616516
0.08108952641487122 -0.10432558506727219 0.28406989574432373
0.05138963460922241 -0.10415209829807281 0.2963229715824127
0.0659768357872963 -0.10394614934921265 0.29126325249671936
0.09560331702232361 -0.09026926755905151 0.2738310694694519
0.09632585942745209 -0.10642790794372559 0.2737947702407837
0.09563693404197693 -0.061855729669332504 0.27115342020988464
0.09612184762954712 -0.07560699433088303 0.2728160619735718
0.07984305173158646 -0.048411570489406586 0.2794097065925598
0.0641218051314354 -0.04333893582224846 0.28752225637435913
0.07015328109264374 -0.0503557063639164 0.2871439754962921
0.08716736733913422 -0.035515688359737396 0.26595228910446167
0.09190445393323898 -0.04842965304851532 0.2692485451698303
0.0728367269039154 -0.020422009751200676 0.2673073410987854
0.08366864919662476 -0.023300696164369583 0.2601151764392853
0.049732815474271774 -0.011883396655321121 0.2753205895423889
0.05990402027964592 -0.02867562510073185 0.2814119756221771
0.06149979308247566 -0.016233284026384354 0.27203401923179626
0.04509039223194122 -0.03625379875302315 0.2929019033908844
0.05542581528425217 -0.039085086435079575 0.28980425000190735
0.010526720434427261 -0.04122137650847435 0.3073009252548218
0.02283742092549801 -0.03131123632192612 0.2980709671974182
0.012137483805418015 -0.017701471224427223 0.2915290892124176
0 -0.02982199192047119 0.30039045214653015
0.011441797018051147 -0.030146902427077293 0.2997312545776367
0.03629869967699051 -0.02133314497768879 0.287565141916275
0.031025543808937073 -0.0439811609685421 0.3032798171043396
0.034140657633543015 -0.033504705876111984 0.2957260012626648
0.02522176504135132 -0.006134678144007921 0.280474990606308
0.037610553205013275 -0.008521109819412231 0.27819377183914185
0 -0.00424204720184207 0.2825494706630707
0.012655278667807579 -0.004712239373475313 0.2819865047931671
0.024767182767391205 -0.10318922251462936 0.30292242765426636
0.01212933100759983 -0.08899149298667908 0.3067692816257477
0 -0.10229706019163132 0.30505409836769104
0.01226761844009161 -0.10259148478507996 0.3045297861099243
0.03695864602923393 -0.08969471603631973 0.3021685779094696
0.037730563431978226 -0.10380473732948303 0.3001980185508728
0.031297944486141205 -0.07024898380041122 0.30632996559143066
0.02309424988925457 -0.07830693572759628 0.3068457841873169
0.034723326563835144 -0.07789995521306992 0.3041117191314697
0 -0.07784219086170197 0.309275358915329
0.010578611865639687 -0.07129303365945816 0.310528427362442
0.011530703864991665 -0.07809952646493912 0.3086242973804474
0.03693839907646179 -0.060325682163238525 0.3075331449508667
0.03049619495868683 -0.06617660075426102 0.3110067546367645
0.03340413048863411 -0.06663122028112411 0.30746400356292725
0.03635696694254875 -0.06374283879995346 0.3071664869785309
0.03327040374279022 -0.05373626947402954 0.30876341462135315
0.030463583767414093 -0.06076222285628319 0.31320181488990784
0.03627265617251396 -0.05679949373006821 0.30786505341529846
0.020285576581954956 -0.06747984141111374 0.321880042552948
0.025746669620275497 -0.06678241491317749 0.3162929117679596
0.023121722042560577 -0.06261405348777771 0.31978583335876465
0.025215815752744675 -0.06440498679876328 0.3177882134914398
0.023144055157899857 -0.07100606709718704 0.314503937959671
0.020295893773436546 -0.07185546308755875 0.3186846375465393
0.025228874757885933 -0.06896332651376724 0.3149753212928772
0.01839905045926571 -0.050550058484077454 0.3131863474845886
0.02251073159277439 -0.05750518664717674 0.31755250692367554
0.026842420920729637 -0.05170801654458046 0.31083017587661743
0 -0.05004791170358658 0.31567853689193726
0.008077269420027733 -0.0572267584502697 0.32190707325935364
0.00935075618326664 -0.050097715109586716 0.31494441628456116
0.005890907719731331 -0.06804674118757248 0.330735981464386
0.013324343599379063 -0.06254079192876816 0.32544249296188354
0 -0.06336143612861633 0.3282012939453125
0.00686950609087944 -0.06305947154760361 0.32742464542388916
0.016481922939419746 -0.06614522635936737 0.3255159258842468
0.0189498420804739 -0.062192466109991074 0.3226180374622345
0.018463654443621635 -0.0696483850479126 0.3112432360649109
0.00809384509921074 -0.07202403992414474 0.3157210350036621
0 -0.06990541517734528 0.3136384189128876
0.009379774332046509 -0.06994915008544922 0.3129139542579651
0.022559918463230133 -0.07032483071088791 0.31227177381515503
0.026955746114253998 -0.0685710683465004 0.3091246783733368
0.016499117016792297 -0.07492274045944214 0.318769633769989
0.013343855738639832 -0.07455664128065109 0.3172858953475952
0.01897372119128704 -0.0729689821600914 0.3155471682548523
0 -0.07576482743024826 0.3196699023246765
0.0058988286182284355 -0.07825477421283722 0.3223746120929718
0.006880324799567461 -0.0754738450050354 0.3188971281051636
0.010488198138773441 -0.07138928771018982 0.3289470076560974
0.01525870431214571 -0.07266223430633545 0.3241828978061676
0.015429060906171799 -0.06973864883184433 0.3257400095462799
0 -0.07316441833972931 0.331887423992157
0.005110796075314283 -0.07625801116228104 0.3292715847492218
0.005304722581058741 -0.07263943552970886 0.3310837149620056
0.010495655238628387 -0.07687418162822723 0.32421380281448364
0 -0.07884238660335541 0.3268991708755493
0.005308934487402439 -0.07832296937704086 0.32609936594963074
0.015438064001500607 -0.07460536062717438 0.32175251841545105
-0.13187292218208313 -0.18715539574623108 0.06807588040828705
-0.12280020862817764 -0.1935226321220398 0.04460412636399269
-0.11191187053918839 -0.20108070969581604 0.06684408336877823
-0.12098535895347595 -0.19825856387615204 0.09051366150379181
-0.1225954219698906 -0.19540509581565857 0.06738656759262085
-0.12074348330497742 -0.20517484843730927 0.007097705267369747
-0.10619646310806274 -0.20369654893875122 0.024192551150918007
-0.13534459471702576 -0.18271543085575104 0.021149765700101852
-0.12232998013496399 -0.1950654685497284 0.02324242889881134
-0.07527443021535873 -0.21090185642242432 0.0190536268055439
-0.0971929058432579 -0.2051188349723816 0.04338585585355759
-0.08110228180885315 -0.21871456503868103 0.004741913639008999
-0.08933653682470322 -0.20841507613658905 0.021421395242214203
-0.10109076648950577 -0.20696806907653809 0.08989466726779938
-0.092481330037117 -0.2088107466697693 0.06637964397668839
-0.1013612374663353 -0.20520731806755066 0.06649363040924072
-0.10626561939716339 -0.20493105053901672 0.11283282190561295
-0.11257799714803696 -0.2016197293996811 0.13398663699626923
-0.12679697573184967 -0.1916961967945099 0.11322538554668427
-0.11723934859037399 -0.1996271312236786 0.11290932446718216
-0.087090864777565 -0.21198025345802307 0.11237070709466934
-0.08615967631340027 -0.21168197691440582 0.13457974791526794
-0.09563113749027252 -0.2086886465549469 0.11273931711912155
-0.063371442258358 -0.22853299975395203 0.17053522169589996
-0.09140485525131226 -0.21353931725025177 0.1524021476507187
-0.06032209098339081 -0.219063863158226 0.15677332878112793
-0.07385484874248505 -0.21726137399673462 0.1549685299396515
-0.12175426632165909 -0.1955534815788269 0.1553657352924347
-0.10424289852380753 -0.21789196133613586 0.16767480969429016
-0.10822227597236633 -0.2063448280096054 0.15315908193588257
-0.1311851590871811 -0.14126749336719513 -0.1044510006904602
-0.109553761780262 -0.11843250691890717 -0.11686822772026062
-0.09097828716039658 -0.14614059031009674 -0.1210411936044693
-0.11625291407108307 -0.17164742946624756 -0.1161070466041565
-0.1131780594587326 -0.14243167638778687 -0.11605218052864075
-0.10392992198467255 -0.08204197138547897 -0.11707108467817307
-0.08656847476959229 -0.10506821423768997 -0.12830330431461334
-0.12306256592273712 -0.0960128903388977 -0.10229304432868958
-0.10619839280843735 -0.09863915294408798 -0.11754479259252548
-0.04756905511021614 -0.12164144217967987 -0.13913367688655853
-0.06688562035560608 -0.130949467420578 -0.12854015827178955
-0.06646368652582169 -0.09658937156200409 -0.1391170620918274
-0.06631183624267578 -0.11337704211473465 -0.1352667361497879
-0.0681518018245697 -0.17680257558822632 -0.11450741440057755
-0.04616454616189003 -0.15617965161800385 -0.11742926388978958
-0.06743660569190979 -0.15119566023349762 -0.12038858234882355
-0.10559176653623581 -0.025639642030000687 -0.09037370979785919
-0.08981990069150925 -0.03954613581299782 -0.11470485478639603
-0.10427689552307129 -0.05421724170446396 -0.10931973159313202
-0.11893249303102493 -0.043127525597810745 -0.08568287640810013
-0.105228953063488 -0.04061602056026459 -0.10140535980463028
-0.05753856897354126 -0.03965970501303673 -0.1373242437839508
-0.07066330313682556 -0.059557508677244186 -0.13427449762821198
-0.07691077142953873 -0.01779899373650551 -0.11438338458538055
-0.07366745173931122 -0.039028238505125046 -0.12645870447158813
-0.0860874205827713 -0.07236278057098389 -0.12810702621936798
-0.050988953560590744 -0.08483746647834778 -0.1463080793619156
-0.06808804720640182 -0.07869698852300644 -0.13864026963710785
-0.11910559237003326 -0.06629456579685211 -0.09735198318958282
-0.1035667210817337 -0.06763022392988205 -0.11443554610013962
-0.10388742387294769 -0.1950407475233078 0.27808403968811035
-0.08274094015359879 -0.17121197283267975 0.28200623393058777
-0.10165990889072418 -0.1536472886800766 0.27453893423080444
-0.11920373141765594 -0.17330116033554077 0.2648128569126129
-0.10316295176744461 -0.17207825183868408 0.2759743630886078
-0.040533363819122314 -0.16881869733333588 0.28311824798583984
-0.06367668509483337 -0.15170955657958984 0.2860080301761627
-0.057854633778333664 -0.19390013813972473 0.282174676656723
-0.060558170080184937 -0.1704229712486267 0.28363871574401855
-0.06645943224430084 -0.12019211053848267 0.2896709442138672
-0.08315630257129669 -0.13645583391189575 0.28227707743644714
-0.04893801733851433 -0.13478858768939972 0.29171261191368103
-0.06566811352968216 -0.1355397254228592 0.2879689335823059
-0.11355787515640259 -0.13951215147972107 0.2616190016269684
-0.09785671532154083 -0.12273336201906204 0.27349764108657837
-0.09976276010274887 -0.1378360092639923 0.27372947335243225
-0.14527586102485657 -0.17358167469501495 -0.08646233379840851
-0.14717455208301544 -0.1490187793970108 -0.06080719828605652
-0.13850252330303192 -0.11921648681163788 -0.0837535411119461
-0.14214922487735748 -0.1438450664281845 -0.08526743203401566
-0.14512477815151215 -0.16211800277233124 -0.005450544413179159
-0.14769694209098816 -0.1336788833141327 -0.03275330364704132
-0.14650803804397583 -0.18257363140583038 -0.03388695791363716
-0.1473669707775116 -0.15564373135566711 -0.03337615728378296
-0.14644969999790192 -0.09979058057069778 -0.02986043691635132
-0.1428091675043106 -0.10614854842424393 -0.05774134397506714
-0.14882983267307281 -0.12485770881175995 -0.004644544795155525
-0.147166445851326 -0.1153271347284317 -0.03149716556072235
-0.13238604366779327 -0.08295229077339172 -0.07948312908411026
-0.13502003252506256 -0.09911324083805084 -0.08184927701950073
-0.13577735424041748 -0.1788044422864914 0.0918702557682991
-0.14217627048492432 -0.16076797246932983 0.06969831138849258
-0.14053954184055328 -0.17087814211845398 0.04506354033946991
-0.13820616900920868 -0.17530572414398193 0.06886719167232513
-0.1453535258769989 -0.12727957963943481 0.07123418897390366
-0.14685694873332977 -0.13951098918914795 0.04633049666881561
-0.14163069427013397 -0.14769308269023895 0.09384932368993759
-0.14436475932598114 -0.14445556700229645 0.07050817459821701
-0.14664289355278015 -0.1495465785264969 0.020723197609186172
-0.1492985188961029 -0.11699941009283066 0.022038839757442474
-0.14853617548942566 -0.1329486221075058 0.021288864314556122
-0.14284741878509521 -0.16683924198150635 0.020493296906352043
-0.13876758515834808 -0.059452567249536514 0.07514093071222305
-0.14536626636981964 -0.07412844896316528 0.04983578622341156
-0.14504092931747437 -0.09311500191688538 0.07249689847230911
-0.14046303927898407 -0.07756882160902023 0.09691374748945236
-0.14286752045154572 -0.07620178908109665 0.07352352142333984
-0.14685462415218353 -0.06668643653392792 0.001968826400116086
-0.14914241433143616 -0.08648385107517242 0.024003608152270317
-0.14270292222499847 -0.05493606999516487 0.029030481353402138
-0.14701150357723236 -0.07105467468500137 0.025950990617275238
-0.1482301652431488 -0.10663732886314392 0.047590501606464386
-0.14931049942970276 -0.09495148807764053 -0.0024278522469103336
-0.14970266819000244 -0.1016552746295929 0.022821655496954918
-0.14301858842372894 -0.11245822161436081 0.0954342782497406
-0.14572444558143616 -0.110153429210186 0.07181569933891296
-0.13078640401363373 -0.05904493108391762 -0.07251977920532227
-0.13831204175949097 -0.054164305329322815 -0.04516071453690529
-0.127898171544075 -0.03526291623711586 -0.05837273597717285
-0.1299668848514557 -0.047970280051231384 -0.06665989011526108
-0.1402667611837387 -0.0774073526263237 -0.053156495094299316
-0.1312836855649948 -0.0701509565114975 -0.07658375799655914
-0.14565953612327576 -0.07363109290599823 -0.025660429149866104
-0.14622017741203308 -0.0862717255949974 -0.02809581533074379
-0.1402667611837387 -0.04642802104353905 -0.016600465402007103
-0.1439482420682907 -0.06072964891791344 -0.0220094732940197
-0.1254701316356659 -0.1569076031446457 0.24636875092983246
-0.13172300159931183 -0.17736206948757172 0.22665923833847046
-0.13015080988407135 -0.19784899055957794 0.24941423535346985
-0.1282428354024887 -0.17515967786312103 0.24779026210308075
-0.12044326215982437 -0.12660841643810272 0.24448473751544952
-0.12810450792312622 -0.14316967129707336 0.22574542462825775
-0.12261049449443817 -0.14131617546081543 0.245237797498703
-0.1331518590450287 -0.14671050012111664 0.182064950466156
-0.13163220882415771 -0.16120459139347076 0.20378251373767853
-0.13086290657520294 -0.12952756881713867 0.20480218529701233
-0.13122379779815674 -0.14499379694461823 0.20430143177509308
-0.12979957461357117 -0.20217379927635193 0.2032265067100525
-0.1293293535709381 -0.18111000955104828 0.17933320999145508
-0.13108624517917633 -0.17961469292640686 0.20317164063453674
-0.117575503885746 -0.06378263235092163 0.24299637973308563
-0.12679234147071838 -0.0798690915107727 0.22580647468566895
-0.11968401074409485 -0.09504615515470505 0.2440396100282669
-0.10934009402990341 -0.07791011780500412 0.25949040055274963
-0.11941779404878616 -0.07925620675086975 0.24367177486419678
-0.13518038392066956 -0.0797906145453453 0.18571822345256805
-0.13224463164806366 -0.09674122184515 0.20589488744735718
-0.12947656214237213 -0.06332194805145264 0.20661935210227966
-0.13190113008022308 -0.07997263967990875 0.2063400000333786
-0.12675872445106506 -0.11240141838788986 0.22559744119644165
-0.13480636477470398 -0.11397207528352737 0.1841510534286499
-0.13155068457126617 -0.11335115879774094 0.20535780489444733
-0.10983041673898697 -0.10905493795871735 0.2604876458644867
-0.1197466030716896 -0.11100772768259048 0.2441980391740799
-0.1407211422920227 -0.09603800624608994 0.11912510544061661
-0.13817138969898224 -0.07915373891592026 0.1424233615398407
-0.13557758927345276 -0.06150748208165169 0.12088663876056671
-0.13910025358200073 -0.07852358371019363 0.11990637332201004
-0.14027835428714752 -0.13158738613128662 0.11752238124608994
-0.13913272321224213 -0.11438550800085068 0.14075727760791779
-0.14094525575637817 -0.11380708962678909 0.11838363111019135
-0.13781939446926117 -0.09695219248533249 0.16357140243053436
-0.13603082299232483 -0.1315622627735138 0.16154712438583374
-0.13721007108688354 -0.11437855660915375 0.16264870762825012
-0.13416457176208496 -0.0624246820807457 0.16516561806201935
-0.13706786930561066 -0.07954684644937515 0.16438628733158112
-0.13091044127941132 -0.1803693026304245 0.13569214940071106
-0.1370941549539566 -0.1655815690755844 0.11515577137470245
-0.13318276405334473 -0.18005827069282532 0.1140391156077385
-0.13324150443077087 -0.16465424001216888 0.15869520604610443
-0.12944835424423218 -0.18104083836078644 0.15714812278747559
-0.13706864416599274 -0.14918337762355804 0.1383991688489914
-0.13507181406021118 -0.14824098348617554 0.16019554436206818
-0.1392269879579544 -0.1491350680589676 0.11638138443231583
-0.10433214902877808 0.029119929298758507 -0.0149301216006279
-0.09680304676294327 0.04308350756764412 0.0038895478937774897
-0.08882226049900055 0.05375160649418831 -0.012447983026504517
-0.09779567271471024 0.036708150058984756 -0.027807185426354408
-0.09701980650424957 0.042209506034851074 -0.012017935514450073
-0.095696821808815 0.03585037589073181 0.0368412621319294
-0.08668245375156403 0.054142244160175323 0.022783789783716202
-0.10580659657716751 0.024936536327004433 0.01565304957330227
-0.09633667767047882 0.040698353201150894 0.020167961716651917
-0.06418710201978683 0.0726284608244896 0.02536097913980484
-0.0776742696762085 0.0662117600440979 0.005625963676720858
-0.07466896623373032 0.060468144714832306 0.04208837449550629
-0.07618513703346252 0.06490655243396759 0.02426132746040821
-0.08054009079933167 0.05663829296827316 -0.03488939628005028
-0.06720670312643051 0.07239469885826111 -0.014779431745409966
-0.0791093036532402 0.06401863694190979 -0.014203331433236599
-0.09232059121131897 0.011076508089900017 0.1093113049864769
-0.08209915459156036 0.02724982425570488 0.09257734566926956
-0.09413930773735046 0.022285159677267075 0.07160357385873795
-0.10395581275224686 0.0028043845668435097 0.0870918333530426
-0.09325448423624039 0.015822479501366615 0.09001019597053528
-0.057723261415958405 0.04412752017378807 0.09651808440685272
-0.07168567925691605 0.044846583157777786 0.07690555602312088
-0.06908530741930008 0.030637264251708984 0.11348310858011246
-0.07031401246786118 0.03678504005074501 0.09475848823785782
-0.08436375856399536 0.04252015799283981 0.057092100381851196
-0.06085723266005516 0.061091769486665726 0.061303313821554184
-0.07315317541360855 0.05326128378510475 0.05949271470308304
-0.10541016608476639 0.01417995523661375 0.049847763031721115
-0.0949588268995285 0.029337078332901 0.05393340066075325
-0.08191832154989243 -0.012693105265498161 0.25159692764282227
-0.07288231700658798 0.0014980158302932978 0.2440032958984375
-0.08411647379398346 0.0014253754634410143 0.2262214571237564
-0.0911312997341156 -0.012306797318160534 0.23784933984279633
-0.08242525905370712 -0.004601269494742155 0.24025729298591614
-0.05122310295701027 0.011486463248729706 0.2503570020198822
-0.06335482746362686 0.015443434938788414 0.23170001804828644
-0.061821263283491135 -0.0037222043611109257 0.2609366178512573
-0.06247580051422119 0.0068935006856918335 0.24738648533821106
-0.0653524398803711 0.025662166997790337 0.19518157839775085
-0.07535093277692795 0.014603433199226856 0.21179769933223724
-0.05271918699145317 0.027505997568368912 0.21650773286819458
-0.06434977054595947 0.02175658382475376 0.21419289708137512
-0.09625167399644852 -0.004750105086714029 0.20793770253658295
-0.08763760328292847 0.008447928354144096 0.19104880094528198
-0.0859193429350853 0.005837895907461643 0.20961500704288483
-0.10216104984283447 -0.0024972083047032356 0.12764297425746918
-0.09029284119606018 0.008908113464713097 0.15047447383403778
-0.07999798655509949 0.019359063357114792 0.13165365159511566
-0.09135424345731735 0.009174719452857971 0.12966647744178772
-0.0778948962688446 0.018830489367246628 0.17304711043834686
-0.09990958124399185 -0.0023600414860993624 0.16940735280513763
-0.08907495439052582 0.009068849496543407 0.17113527655601501
-0.05403907969594002 0.033611658960580826 0.1767803579568863
-0.06712865084409714 0.027252916246652603 0.15421777963638306
-0.06625465303659439 0.026990173384547234 0.17498213052749634
-0.05546097457408905 0.034899480640888214 0.13514193892478943
-0.06804825365543365 0.02796463668346405 0.13351023197174072
-0.13053487241268158 -0.044427961111068726 0.09988195449113846
-0.12400225549936295 -0.02683183364570141 0.08059591799974442
-0.13423798978328705 -0.040662359446287155 0.0554681234061718
-0.13230568170547485 -0.04290519654750824 0.07759448140859604
-0.11543029546737671 -0.007346073631197214 0.06390948593616486
-0.11330053955316544 -0.014422682113945484 0.10446294397115707
-0.11437855660915375 -0.011504661291837692 0.08385778218507767
-0.11638312041759491 0.0025513023138046265 0.026172775775194168
-0.1265137642621994 -0.019993392750620842 0.03903631493449211
-0.11618722230195999 -0.0024821392726153135 0.044665563851594925
-0.13570432364940643 -0.03400585055351257 0.012120714411139488
-0.13561120629310608 -0.03769679367542267 0.03360837325453758
-0.11938726902008057 -0.04801509901881218 0.22512103617191315
-0.11602764576673508 -0.031610917299985886 0.20671942830085754
-0.12678152322769165 -0.046237070113420486 0.1868414580821991
-0.12392845749855042 -0.047064900398254395 0.20665915310382843
-0.10374793410301208 -0.04901452362537384 0.2567281126976013
-0.10621269047260284 -0.0348176434636116 0.2404133826494217
-0.11278471350669861 -0.048770636320114136 0.24191449582576752
-0.10329663753509521 -0.01973138377070427 0.2240198403596878
-0.09279816597700119 -0.024217627942562103 0.2504937946796417
-0.09902746975421906 -0.022520970553159714 0.23847991228103638
-0.10890617966651917 -0.015833143144845963 0.18819457292556763
-0.10654497891664505 -0.01736948825418949 0.2070590704679489
-0.09250760078430176 -0.00240949890576303 -0.08699589222669601
-0.08231359720230103 0.023797858506441116 -0.07711382955312729
-0.07022669166326523 0.010382946580648422 -0.10621697455644608
-0.08020199835300446 0.0034403749741613865 -0.09723915904760361
-0.11525564640760422 -0.013696935027837753 -0.0629301518201828
-0.10249952226877213 0.009636836126446724 -0.05976979061961174
-0.10453306883573532 -0.008101147599518299 -0.07590634375810623
-0.0913890153169632 0.033750757575035095 -0.049894556403160095
-0.10686954110860825 0.01821536384522915 -0.03552557900547981
-0.0999377891421318 0.025212028995156288 -0.04373066499829292
-0.07352641969919205 0.049698423594236374 -0.06342607736587524
-0.08201723545789719 0.0423806756734848 -0.056095074862241745
-0.11161628365516663 -0.015680598095059395 0.1470252126455307
-0.12020949274301529 -0.03011506423354149 0.16690705716609955
-0.11051354557275772 -0.015520132146775723 0.1680237203836441
-0.12178285419940948 -0.02986457198858261 0.12384750694036484
-0.11246246844530106 -0.015564721077680588 0.12567858397960663
-0.12909094989299774 -0.045610491186380386 0.14434950053691864
-0.12964656949043274 -0.04523332417011261 0.12222546339035034
-0.12831933796405792 -0.045848675072193146 0.16598011553287506
-0.12535227835178375 -0.011329899542033672 -0.00011610878573264927
-0.12980614602565765 -0.02461332455277443 -0.0288090817630291
-0.1337963491678238 -0.02958683855831623 -0.008888987824320793
-0.11413668096065521 0.011209811083972454 -0.008089556358754635
-0.11575061082839966 0.007219223305583 0.008477873168885708
-0.1179201602935791 -0.0020652294624596834 -0.03463307023048401
-0.11138948053121567 0.014211638830602169 -0.02320147305727005
-0.12365296483039856 -0.019258873537182808 -0.047026995569467545
-0.06851152330636978 0.03724252060055733 -0.09314413368701935
-0.06453948467969894 0.02851485088467598 -0.12087813764810562
-0.057584550231695175 0.00418223487213254 -0.13245771825313568
-0.06519286334514618 0.019353268668055534 -0.11351015418767929
-0.06169221177697182 0.06832683086395264 -0.05593591928482056
-0.06469094753265381 0.05818190053105354 -0.0827469676733017
-0.0676209107041359 0.054300274699926376 -0.07298154383897781
-0.0692325234413147 0.0703476294875145 -0.09699036926031113
-0.06845356523990631 0.05010683462023735 -0.10951261222362518
-0.05784999579191208 0.07432855665683746 -0.0752469152212143
-0.06512795388698578 0.06333976238965988 -0.0907079353928566
-0.06184406206011772 0.023105069994926453 -0.14909972250461578
-0.07531461119651794 0.04363294690847397 -0.1402808576822281
-0.06770552694797516 0.03603043034672737 -0.13007989525794983
-0.08430541306734085 0.06706257909536362 -0.12503331899642944
-0.1020907312631607 0.06408663839101791 -0.16160662472248077
-0.09006564319133759 0.03956933319568634 -0.17671197652816772
-0.08798959851264954 0.05305495485663414 -0.15064486861228943
-0.06694628298282623 0.09012901037931442 -0.08264140784740448
-0.08713800460100174 0.09131290018558502 -0.10608046501874924
-0.07730527222156525 0.07977968454360962 -0.10172026604413986
-0.1032506600022316 0.11938649415969849 -0.11842304468154907
-0.10672735422849655 0.09133492410182953 -0.1417379230260849
-0.08289124071598053 0.11566212773323059 -0.08568264544010162
-0.09652253240346909 0.10462271422147751 -0.1112537831068039
-0.11848042160272598 0.061902791261672974 -0.20409317314624786
-0.12157189100980759 0.09088091552257538 -0.18645738065242767
-0.11397787183523178 0.07651897519826889 -0.17360079288482666
-0.10810945183038712 0.03813082352280617 -0.21522685885429382
-0.09282945841550827 0.019581621512770653 -0.22321267426013947
-0.07444331049919128 0.0198594331741333 -0.19266968965530396
-0.09224022179841995 0.028419412672519684 -0.20139195024967194
-0.12781085073947906 0.06222310662269592 -0.245560422539711
-0.11877445876598358 0.038554299622774124 -0.252543568611145
-0.12044017016887665 0.049215056002140045 -0.23046474158763885
-0.10023298859596252 0.023712079972028732 -0.28313061594963074
-0.10266837477684021 0.020057648420333862 -0.25472742319107056
-0.11815160512924194 0.042553387582302094 -0.2849539518356323
-0.1123998761177063 0.030020207166671753 -0.2701561748981476
-0.07551939785480499 0.007753207813948393 -0.23083335161209106
-0.08247819542884827 0.008109841495752335 -0.25314170122146606
-0.0901479423046112 0.013031617738306522 -0.24070318043231964
-0.12732981145381927 0.09150570631027222 -0.2322181612253189
-0.12403278052806854 0.09436456859111786 -0.2710348069667816
-0.12625139951705933 0.06630217283964157 -0.2805074453353882
-0.12879961729049683 0.07770633697509766 -0.2589687705039978
-0.09890536963939667 0.1240752786397934 -0.2912060618400574
-0.11177277565002441 0.09673349559307098 -0.29943451285362244
-0.1140783354640007 0.1268622726202011 -0.2605135440826416
-0.11413783580064774 0.11089722067117691 -0.2821047604084015
-0.09530000388622284 0.078975610435009 -0.32084760069847107
-0.11454624682664871 0.07239121943712234 -0.30621635913848877
-0.09294421970844269 0.09629842638969421 -0.31606531143188477
-0.10598742216825485 0.08600743860006332 -0.3120202422142029
-0.10529617965221405 0.05067482218146324 -0.3089469373226166
-0.11873427778482437 0.0572916679084301 -0.29708415269851685
-0.1116313561797142 -0.29933658242225647 -0.10557731240987778
-0.09028549492359161 -0.31946879625320435 -0.08868072181940079
-0.11139991134405136 -0.31991198658943176 -0.062148261815309525
-0.1294572353363037 -0.2997967600822449 -0.08355177193880081
-0.11148104816675186 -0.3142696022987366 -0.08617768436670303
-0.05276168882846832 -0.30274873971939087 -0.08425120264291763
-0.06676583737134933 -0.32148224115371704 -0.0638805404305458
-0.0724252238869667 -0.30065762996673584 -0.10506875813007355
-0.06940755248069763 -0.31554698944091797 -0.08696459233760834
-0.07061810046434402 -0.3074634075164795 -0.020972415804862976
-0.08788024634122849 -0.32192543148994446 -0.03734812140464783
-0.05279221385717392 -0.3070032298564911 -0.04299777001142502
-0.06807761639356613 -0.3186063766479492 -0.040284186601638794
-0.12636500597000122 -0.3023453652858734 -0.039706114679574966
-0.1067010760307312 -0.3044360876083374 -0.01888863928616047
-0.10863648355007172 -0.3165017366409302 -0.03824044018983841
-0.11136281490325928 -0.3044198453426361 0.25050655007362366
-0.09607161581516266 -0.32183966040611267 0.23215942084789276
-0.07685049623250961 -0.32138216495513916 0.25574246048927307
-0.09508942812681198 -0.3039446175098419 0.2702620327472687
-0.09537187218666077 -0.31696850061416626 0.2532317340373993
-0.09307249635457993 -0.30799275636672974 0.19380411505699158
-0.07666193693876266 -0.3233902156352997 0.2104043811559677
-0.1095738559961319 -0.3063826858997345 0.21202488243579865
-0.09444571286439896 -0.31873464584350586 0.21108713746070862
-0.04476621747016907 -0.30984780192375183 0.21562986075878143
-0.05744042992591858 -0.3229323625564575 0.23398742079734802
-0.06103960797190666 -0.3103230595588684 0.19587436318397522
-0.059135112911462784 -0.32030802965164185 0.2130356729030609
-0.06017564982175827 -0.30463969707489014 0.271271675825119
-0.0436742901802063 -0.3062497675418854 0.2530512809753418
-0.05866449698805809 -0.3177489936351776 0.2546667456626892
-0.11742636561393738 -0.23434153199195862 0.18504399061203003
-0.12473291158676147 -0.26057168841362 0.20716145634651184
-0.1323327273130417 -0.22868214547634125 0.2284945547580719
-0.1279851198196411 -0.23083199560642242 0.20470327138900757
-0.1235397532582283 -0.28665345907211304 0.23043344914913177
-0.10928136110305786 -0.28630921244621277 0.19356493651866913
-0.1191326379776001 -0.2863752841949463 0.210159033536911
-0.11367340385913849 -0.2810586094856262 0.26831504702568054
-0.12802143394947052 -0.2569810152053833 0.25199684500694275
-0.12195827811956406 -0.28364700078964233 0.25093814730644226
-0.12114725261926651 -0.2252657264471054 0.2696388065814972
-0.13041432201862335 -0.22675254940986633 0.25115257501602173
-0.03744823485612869 -0.22688893973827362 0.2733480930328369
-0.029934005811810493 -0.2622026205062866 0.2555106282234192
-0.025291508063673973 -0.24122382700443268 0.2339116781949997
-0.024524301290512085 -0.20872379839420319 0.2557304799556732
-0.02732648327946663 -0.2336672991514206 0.25592097640037537
-0.032473523169755936 -0.2915281057357788 0.2345639020204544
-0.04358619451522827 -0.2830345928668976 0.27006036043167114
-0.034740328788757324 -0.2870657444000244 0.25394344329833984
-0.046004194766283035 -0.2921498119831085 0.19781634211540222
-0.03217256814241409 -0.2703055143356323 0.21252796053886414
-0.03645448759198189 -0.2923700511455536 0.214835062623024
-0.027029970660805702 -0.22512778639793396 0.21067523956298828
-0.04122113063931465 -0.24847164750099182 0.1904217004776001
-0.029893124476075172 -0.24608494341373444 0.21058405935764313
-0.08047904074192047 -0.24604283273220062 0.17278282344341278
-0.09751244634389877 -0.2667078673839569 0.1788139045238495
-0.10071171820163727 -0.240350604057312 0.17478236556053162
-0.059252187609672546 -0.27204424142837524 0.18171103298664093
-0.059366174042224884 -0.24860379099845886 0.17790861427783966
-0.07740843296051025 -0.29357054829597473 0.1817670464515686
-0.06044457480311394 -0.29342642426490784 0.1865663379430771
-0.09453032910823822 -0.28995320200920105 0.1841004341840744
-0.08090599626302719 -0.2241811454296112 0.28525611758232117
-0.057781219482421875 -0.25611937046051025 0.2831302285194397
-0.05710697919130325 -0.22436121106147766 0.28293007612228394
-0.10156833380460739 -0.2552952170372009 0.2820854187011719
-0.10344848781824112 -0.22444581985473633 0.2809162437915802
-0.07860468327999115 -0.28461143374443054 0.2832303047180176
-0.09796838462352753 -0.2825906276702881 0.27920687198638916
-0.059342604130506516 -0.28348782658576965 0.28000205755233765
-0.14969958364963531 -0.21202971041202545 -0.06196743622422218
-0.14278367161750793 -0.24993334710597992 -0.036291010677814484
-0.13467885553836823 -0.22119979560375214 -0.012105259113013744
-0.14545243978500366 -0.21581977605819702 -0.034807752817869186
-0.13695234060287476 -0.20721149444580078 -0.10736025124788284
-0.14622946083545685 -0.2448674440383911 -0.08719387650489807
-0.1471989005804062 -0.2090093493461609 -0.08740971237421036
-0.14228098094463348 -0.2795138359069824 -0.061597082763910294
-0.1316577047109604 -0.2729155421257019 -0.10427318513393402
-0.14067786931991577 -0.27589651942253113 -0.08489920943975449
-0.12579083442687988 -0.2796865701675415 -0.019494492560625076
-0.13708409667015076 -0.27946555614471436 -0.03849004581570625
-0.04908639192581177 -0.21503502130508423 -0.10186044126749039
-0.0705929845571518 -0.24584808945655823 -0.11590883135795593
-0.09409178048372269 -0.20828989148139954 -0.12020736932754517
-0.06921668350696564 -0.2104559689760208 -0.11459164321422577
-0.09347549825906754 -0.2775367200374603 -0.1187765896320343
-0.054602429270744324 -0.2765158712863922 -0.10165129601955414
-0.07224130630493164 -0.2766696512699127 -0.11372575908899307
-0.11763230711221695 -0.24331378936767578 -0.1188720241189003
-0.11460227519273758 -0.2748737335205078 -0.11559586226940155
-0.11795996129512787 -0.20709016919136047 -0.11804477125406265
-0.09703294187784195 -0.23614943027496338 0.0027234370354562998
-0.07284754514694214 -0.26499271392822266 -0.0058388616889715195
-0.05722946301102638 -0.23994296789169312 -0.015500426292419434
-0.07579991221427917 -0.23963618278503418 -0.002511311322450638
-0.11351382732391357 -0.25810500979423523 -0.0034707060549408197
-0.11759907752275467 -0.2289901077747345 -0.000034581487852847204
-0.09005250781774521 -0.28849729895591736 -0.005603553261607885
-0.10910400748252869 -0.28411221504211426 -0.008526944555342197
-0.05611744523048401 -0.2873196005821228 -0.022999780252575874
-0.07166443020105362 -0.2885969877243042 -0.01074170507490635
-0.03684960678219795 -0.19861827790737152 -0.08172965049743652
-0.038559168577194214 -0.23217855393886566 -0.05980251729488373
-0.040845565497875214 -0.2539811134338379 -0.08380261063575745
-0.03945264592766762 -0.22347252070903778 -0.08267602324485779
-0.04377282038331032 -0.2634004056453705 -0.03823135793209076
-0.043474145233631134 -0.21651101112365723 -0.03727718070149422
-0.044650301337242126 -0.23756322264671326 -0.03600400313735008
-0.04124701768159866 -0.2865197956562042 -0.06278328597545624
-0.04558883234858513 -0.28757423162460327 -0.041438087821006775
-0.04426120966672897 -0.281316339969635 -0.08376242220401764
-0.11926092207431793 0.12554779648780823 -0.2157384306192398
-0.11025620996952057 0.1593538075685501 -0.21312879025936127
-0.10478151589632034 0.16124941408634186 -0.25119855999946594
-0.11258920282125473 0.14299193024635315 -0.2351434826850891
-0.115339495241642 0.12329208105802536 -0.16472668945789337
-0.1227940246462822 0.1077006608247757 -0.20000675320625305
-0.09092999249696732 0.145705908536911 -0.09845368564128876
-0.10479310899972916 0.15054963529109955 -0.13833463191986084
-0.10511419177055359 0.13528084754943848 -0.1287708282470703
-0.10736682265996933 0.17327797412872314 -0.14721687138080597
-0.10918360203504562 0.16516117751598358 -0.17376771569252014
-0.09544026851654053 0.16858339309692383 -0.11752276867628098
-0.10496737062931061 0.16343867778778076 -0.14315247535705566
-0.10316488146781921 0.19068115949630737 -0.22341977059841156
-0.10743637382984161 0.1902306228876114 -0.19711582362651825
-0.10766433924436569 0.17601589858531952 -0.2016025334596634
-0.09750936180353165 0.22168317437171936 -0.13151609897613525
-0.12613625824451447 0.2074417769908905 -0.12694670259952545
-0.10342723876237869 0.19390863180160522 -0.12348662316799164
-0.07442785799503326 0.20831771194934845 -0.12202801555395126
-0.09973223507404327 0.20749664306640625 -0.12600624561309814
-0.16628053784370422 0.21245242655277252 -0.13308173418045044
-0.14695045351982117 0.19711022078990936 -0.13232094049453735
-0.15018102526664734 0.2210027426481247 -0.12941531836986542
-0.1486779749393463 0.20844599604606628 -0.1289559006690979
-0.13696587085723877 0.18576711416244507 -0.1516985446214676
-0.12532253563404083 0.1851879209280014 -0.13398510217666626
-0.15516577661037445 0.19484831392765045 -0.14752404391765594
-0.14212875068187714 0.1889563351869583 -0.13986589014530182
-0.09237777441740036 0.1818043440580368 -0.11670440435409546
-0.11184734851121902 0.17798569798469543 -0.13620643317699432
-0.10794098675251007 0.18344686925411224 -0.12637408077716827
-0.12300924211740494 0.18401020765304565 -0.16233573853969574
-0.11376690864562988 0.18678562343120575 -0.17622435092926025
-0.11372015625238419 0.17939792573451996 -0.1545218676328659
-0.1470547765493393 0.19556932151317596 -0.16830191016197205
-0.1329037994146347 0.197689026594162 -0.18427971005439758
-0.13421596586704254 0.18932649493217468 -0.1679271161556244
-0.1333334594964981 0.22135859727859497 -0.2021573781967163
-0.12078636884689331 0.20487579703330994 -0.19673562049865723
-0.14523489773273468 0.21408605575561523 -0.1935274600982666
-0.1320549100637436 0.208909273147583 -0.19648562371730804
-0.1104598343372345 0.21390986442565918 -0.20831365883350372
-0.11219547688961029 0.1992500275373459 -0.19621941447257996
-0.16211646795272827 0.21261818706989288 -0.17462201416492462
-0.17163120210170746 0.2329760491847992 -0.17514903843402863
-0.15213651955127716 0.23118747770786285 -0.19409891963005066
-0.1595609039068222 0.22314216196537018 -0.18591837584972382
-0.1728259027004242 0.211555615067482 -0.14947257936000824
-0.16123975813388824 0.2029612511396408 -0.16046640276908875
-0.17286762595176697 0.22949780523777008 -0.13453762233257294
-0.18220077455043793 0.23188838362693787 -0.1503925621509552
-0.17786745727062225 0.22140535712242126 -0.14037205278873444
-0.16707687079906464 0.24652311205863953 -0.17323528230190277
-0.1748737394809723 0.24574609100818634 -0.15334145724773407
-0.17804326117038727 0.24048621952533722 -0.16271014511585236
-0.018058953806757927 0.08378881216049194 -0.02059684880077839
-0.03576146811246872 0.08180086314678192 -0.0074752033688127995
-0.01786784827709198 0.08181052654981613 0.012090575881302357
-0.01812112331390381 0.08317948877811432 -0.004785575438290834
-0.05136451870203018 0.0786796435713768 0.007897522300481796
-0.052277546375989914 0.0772341787815094 -0.029924577102065086
-0.05244021490216255 0.0782642811536789 -0.011671734973788261
-0.04854081571102142 0.07269182801246643 0.04512343183159828
-0.03425271064043045 0.07880908250808716 0.028356624767184258
-0.050029557198286057 0.07694631814956665 0.026843540370464325
-0.016803588718175888 0.07473426312208176 0.047095928341150284
-0.017396265640854836 0.07916726171970367 0.029546692967414856
-0.014598680660128593 0.047770362347364426 0.11790258437395096
-0.028411956503987312 0.04360821843147278 0.13742199540138245
-0.014084401540458202 0.045117828994989395 0.1589718610048294
-0.014291157014667988 0.04563017562031746 0.13802243769168854
-0.041594766080379486 0.039278000593185425 0.15727177262306213
-0.043014347553253174 0.04276512563228607 0.11643470823764801
-0.042192116379737854 0.04007279500365257 0.13645410537719727
-0.04071883112192154 0.03689438849687576 0.19887620210647583
-0.02770973928272724 0.04243438318371773 0.17942748963832855
-0.041133034974336624 0.038759082555770874 0.17828147113323212
-0.013824132271111012 0.04259821027517319 0.20099899172782898
-0.013941129669547081 0.04463870823383331 0.1801612377166748
-0.02718576230108738 0.035375893115997314 0.21993805468082428
-0.013536237180233002 0.029561953619122505 0.2393956482410431
-0.013696162030100822 0.03740248456597328 0.22089514136314392
-0.03974359482526779 0.024682294577360153 0.23658430576324463
-0.040262121707201004 0.03206147998571396 0.21844930946826935
-0.03843780606985092 0.003969722893089056 0.2668730616569519
-0.026439806446433067 0.017901232466101646 0.25479811429977417
-0.03914199024438858 0.015177988447248936 0.252864271402359
-0.01303675677627325 0.007993539795279503 0.2703949511051178
-0.013323416002094746 0.01958857662975788 0.25604692101478577
-0.012574523687362671 -0.20933081209659576 -0.046984415501356125
-0.02395028807222843 -0.20396701991558075 -0.053477659821510315
-0.011206217110157013 -0.1969664841890335 -0.07242248207330704
-0.012060708366334438 -0.2041918933391571 -0.05958274006843567
-0.031080294400453568 -0.1993779093027115 -0.06376652419567108
-0.03940396010875702 -0.21090881526470184 -0.027500009164214134
-0.03549768403172493 -0.20669296383857727 -0.044572096318006516
-0.03019184060394764 -0.1745816320180893 -0.09971623867750168
-0.020284803584218025 -0.18659204244613647 -0.08381134271621704
-0.029802942648530006 -0.18824538588523865 -0.08231031149625778
-0.009500055573880672 -0.17722953855991364 -0.09931578487157822
-0.01026726234704256 -0.18789802491664886 -0.0856260359287262
-0.006703746505081654 -0.1736137419939041 0.27097299695014954
-0.012564477510750294 -0.18793241679668427 0.2554669678211212
-0.006264928728342056 -0.19523625075817108 0.2389497607946396
-0.006224783603101969 -0.1851419359445572 0.2558927536010742
-0.018302801996469498 -0.20536765456199646 0.23560598492622375
-0.02229342795908451 -0.1811760812997818 0.27192890644073486
-0.019133955240249634 -0.194635808467865 0.25549593567848206
-0.024786580353975296 -0.2175828516483307 0.19570127129554749
-0.013610925525426865 -0.20661646127700806 0.2191409468650818
-0.020996835082769394 -0.2128523290157318 0.2144734114408493
-0.007363383658230305 -0.21064414083957672 0.2062615603208542
-0.006689372938126326 -0.20377691090106964 0.22184062004089355
-0.031984977424144745 0.06753706187009811 0.06367339938879013
-0.015587054193019867 0.060335226356983185 0.08147108554840088
-0.0161870326846838 0.06799609214067459 0.06425298005342484
-0.045511167496442795 0.05710349977016449 0.08008318394422531
-0.04700454697012901 0.06554292887449265 0.0626935288310051
-0.02984289452433586 0.05181659013032913 0.09870309382677078
-0.04415109008550644 0.04897627234458923 0.09782059490680695
-0.015044105239212513 0.053132619708776474 0.09920307993888855
-0.017335718497633934 0.09373901039361954 -0.059176381677389145
-0.032756589353084564 0.0860491693019867 -0.05826122686266899
-0.01706177182495594 0.08527060598134995 -0.04664996266365051
-0.01685725711286068 0.08813371509313583 -0.055061645805835724
-0.04736272618174553 0.07843545079231262 -0.056552283465862274
-0.048518016934394836 0.08761248737573624 -0.06917665153741837
-0.04674025997519493 0.08167258650064468 -0.06471049785614014
-0.03445432707667351 0.08197242021560669 -0.03840484470129013
-0.049896642565727234 0.07712367177009583 -0.04492080956697464
-0.01758408732712269 0.08415395021438599 -0.03485659137368202
-0.024430526420474052 0.15001873672008514 -0.053228557109832764
-0.04501504823565483 0.12898507714271545 -0.05800211802124977
-0.02090723253786564 0.11581088602542877 -0.054740794003009796
-0.022940006107091904 0.13157346844673157 -0.052133504301309586
-0.05928619205951691 0.10928754508495331 -0.06873829662799835
-0.06995119899511337 0.13972002267837524 -0.07155514508485794
-0.06536055356264114 0.12373178452253342 -0.06855862587690353
-0.03687452897429466 0.10113558173179626 -0.06190607696771622
-0.05318593978881836 0.0970325618982315 -0.06973177194595337
-0.018862443044781685 0.10308219492435455 -0.05807892978191376
-0.026767268776893616 0.15345332026481628 -0.29059556126594543
-0.050282638520002365 0.17757226526737213 -0.27773743867874146
-0.024206461384892464 0.2054634839296341 -0.26895952224731445
-0.025684500113129616 0.17842695116996765 -0.27957701683044434
-0.08965955674648285 0.1764950156211853 -0.2673645317554474
-0.06724070757627487 0.20244504511356354 -0.26477769017219543
-0.07696293294429779 0.15087921917438507 -0.28426888585090637
-0.07270728796720505 0.17605067789554596 -0.27399182319641113
-0.05816373974084854 0.2455911487340927 -0.24419765174388885
-0.043739203363657 0.22924047708511353 -0.25677254796028137
-0.07724035531282425 0.22296983003616333 -0.25213244557380676
-0.062445275485515594 0.22632288932800293 -0.2548680603504181
-0.020740931853652 0.25267165899276733 -0.2464015930891037
-0.022502269595861435 0.2312995195388794 -0.25811177492141724
-0.028088590130209923 0.08984463661909103 -0.33029937744140625
-0.053430136293172836 0.10326147824525833 -0.32281315326690674
-0.027503332123160362 0.11778724938631058 -0.31426167488098145
-0.027683155611157417 0.10369963943958282 -0.3239692151546478
-0.07722799479961395 0.11449253559112549 -0.3102598786354065
-0.07481733709573746 0.08928128331899643 -0.3256886303424835
-0.07530456781387329 0.1014222800731659 -0.3199206590652466
-0.05363839492201805 0.1331043392419815 -0.3010326027870178
-0.07812517881393433 0.13066895306110382 -0.2973669767379761
-0.027285797521471977 0.1338060051202774 -0.30264732241630554
-0.011838807724416256 -0.11752257496118546 0.30147308111190796
-0.022071488201618195 -0.13305294513702393 0.29619351029396057
-0.009291330352425575 -0.14692920446395874 0.2910325825214386
-0.01073602493852377 -0.13240768015384674 0.2971664369106293
-0.031017815694212914 -0.1492200791835785 0.2895840108394623
-0.036969464272260666 -0.11896263062953949 0.2977603077888489
-0.034605711698532104 -0.13390299677848816 0.2944149971008301
-0.016441738232970238 -0.1622408777475357 0.2824505567550659
-0.02658419869840145 -0.16550776362419128 0.28269052505493164
-0.007836551405489445 -0.16077029705047607 0.28249382972717285
-0.01914423331618309 -0.16243135929107666 -0.114316925406456
-0.009210150688886642 -0.15128299593925476 -0.12746407091617584
-0.009160809218883514 -0.16520483791828156 -0.11361408978700638
-0.031538430601358414 -0.1439749002456665 -0.1292576789855957
-0.03077300265431404 -0.15967373549938202 -0.11549694836139679
-0.03392748907208443 -0.11009817570447922 -0.1483667492866516
-0.020130984485149384 -0.13234122097492218 -0.14053934812545776
-0.03247997537255287 -0.12793835997581482 -0.1406027227640152
-0.010317414999008179 -0.1155867800116539 -0.1495915949344635
-0.009608784690499306 -0.13492420315742493 -0.13980869948863983
-0.02317349798977375 -0.09150338172912598 -0.15436576306819916
-0.012436622753739357 -0.06861840188503265 -0.15949077904224396
-0.011296631768345833 -0.09273093193769455 -0.15575559437274933
-0.03905853256583214 -0.06587981432676315 -0.15084849298000336
-0.036210834980010986 -0.08898956328630447 -0.15138325095176697
-0.04469473659992218 -0.020604383200407028 -0.14602603018283844
-0.027584124356508255 -0.044531844556331635 -0.15672464668750763
-0.04219945892691612 -0.04203788936138153 -0.14795833826065063
-0.014759184792637825 -0.02566947042942047 -0.16443458199501038
-0.013627423904836178 -0.04551062360405922 -0.16198721528053284
-0.031054213643074036 -0.009263318032026291 -0.16047219932079315
-0.016573071479797363 -0.0019493139116093516 -0.17310932278633118
-0.015722056850790977 -0.011356714181602001 -0.16802333295345306
-0.04672248661518097 0.0063459924422204494 -0.15432557463645935
-0.04560660570859909 -0.004720082972198725 -0.14836442470550537
-0.05350586771965027 0.01551877986639738 -0.1758495569229126
-0.03416925296187401 0.0066840797662734985 -0.17332415282726288
-0.04982979595661163 0.013325270265340805 -0.16326074302196503
-0.01816830225288868 0.004641260486096144 -0.18920187652111053
-0.017369449138641357 0.0031757010146975517 -0.18004995584487915
-0.037865374237298965 0.006354879587888718 -0.1970648169517517
-0.020051350817084312 0.00016305460303556174 -0.21475237607955933
-0.019026733934879303 0.003070217790082097 -0.2009209394454956
-0.05830979347229004 0.00691281957551837 -0.21108867228031158
-0.056328024715185165 0.012227936647832394 -0.19277091324329376
-0.061995524913072586 0.0017325517255812883 -0.2438572347164154
-0.041552264243364334 -0.0005409394507296383 -0.22870397567749023
-0.059465087950229645 0.003033124841749668 -0.22786784172058105
-0.023025434464216232 -0.0028619561344385147 -0.24692784249782562
-0.021348755806684494 -0.002381292637437582 -0.2302398681640625
-0.04851106181740761 0.0014868107391521335 -0.2628353238105774
-0.02743266150355339 0.007062350865453482 -0.2815541625022888
-0.02518807351589203 0.0004207736055832356 -0.2643603980541229
-0.07532349973917007 0.010190912522375584 -0.2756440043449402
-0.06810350716114044 0.0041555739007890224 -0.2598072290420532
-0.08473468571901321 0.03205297887325287 -0.30533501505851746
-0.056991834193468094 0.01755077950656414 -0.2957306206226349
-0.08119075745344162 0.01972844824194908 -0.2912941575050354
-0.030552182346582413 0.028807729482650757 -0.3112892210483551
-0.029355354607105255 0.016659390181303024 -0.297525018453598
-0.05952034145593643 0.044099316000938416 -0.32030820846557617
-0.02996128425002098 0.058643631637096405 -0.3288322687149048
-0.030619297176599503 0.04310360178351402 -0.3218630254268646
-0.08259836584329605 0.061527613550424576 -0.3237323462963104
-0.08498544991016388 0.04645008221268654 -0.3163454532623291
-0.055785540491342545 0.07499855011701584 -0.3304573893547058
-0.07822873443365097 0.07589380443096161 -0.3269030451774597
-0.028982840478420258 0.07452522963285446 -0.3317823112010956
-0.023449106141924858 0.19296817481517792 -0.07302726805210114
-0.048960816115140915 0.16572298109531403 -0.06912383437156677
-0.024848710745573044 0.17079468071460724 -0.06099748983979225
-0.015591304749250412 0.23564442992210388 -0.1012125164270401
-0.038154236972332 0.21187631785869598 -0.09755939245223999
-0.01948641613125801 0.21560725569725037 -0.08690482378005981
-0.06613564491271973 0.1921757012605667 -0.10296179354190826
-0.04872164502739906 0.2268618941307068 -0.12252916395664215
-0.05518509820103645 0.20961210131645203 -0.11090653389692307
-0.07404572516679764 0.17070581018924713 -0.09188161790370941
-0.0810253843665123 0.17833112180233002 -0.10464666783809662
-0.0716002881526947 0.15660659968852997 -0.08009029924869537
-0.09988601505756378 0.19078393280506134 -0.24544915556907654
-0.09181056171655655 0.20170743763446808 -0.2549828290939331
-0.09783933311700821 0.18153850734233856 -0.256879985332489
-0.09525518864393234 0.21794025599956512 -0.22719360888004303
-0.09309683740139008 0.21397748589515686 -0.24303075671195984
-0.0984397754073143 0.2038356363773346 -0.23598308861255646
-0.0822598859667778 0.23433265089988708 -0.2389717847108841
-0.08674389123916626 0.2196051925420761 -0.24830028414726257
-0.08277300745248795 0.3122924566268921 -0.16849935054779053
-0.07766886055469513 0.3225958049297333 -0.17058737576007843
-0.08324285596609116 0.320796400308609 -0.1813957393169403
-0.08749154955148697 0.3107666075229645 -0.17765049636363983
-0.08383209258317947 0.31814736127853394 -0.17434188723564148
-0.061766013503074646 0.3211847245693207 -0.16602842509746552
-0.06856407225131989 0.32657867670059204 -0.17404745519161224
-0.06947246938943863 0.3178073465824127 -0.1630992293357849
-0.06985189765691757 0.32378315925598145 -0.16795416176319122
-0.06410595774650574 0.32103675603866577 -0.18654084205627441
-0.07413806766271591 0.3247792720794678 -0.18485581874847412
-0.05938742309808731 0.322562575340271 -0.17738930881023407
-0.0668867751955986 0.3255698084831238 -0.18078215420246124
-0.0837922915816307 0.3131672441959381 -0.19087840616703033
-0.07608583569526672 0.31654423475265503 -0.19380758702754974
-0.08022672683000565 0.3204297423362732 -0.18807518482208252
-0.08113937079906464 0.2524815499782562 -0.1771203875541687
-0.07692313194274902 0.2569226622581482 -0.18216155469417572
-0.07396883517503738 0.2574496865272522 -0.1939915120601654
-0.08029627799987793 0.2517060935497284 -0.19050167500972748
-0.07794705778360367 0.25451046228408813 -0.18530866503715515
-0.07852625101804733 0.2662353217601776 -0.17927409708499908
-0.07433551549911499 0.26299741864204407 -0.19005811214447021
-0.07811745256185532 0.25773870944976807 -0.17079873383045197
-0.07697606831789017 0.2602301239967346 -0.18022769689559937
-0.06407003104686737 0.2689191699028015 -0.2029811590909958
-0.06886197626590729 0.262719988822937 -0.1992281973361969
-0.07241633534431458 0.27174943685531616 -0.19766603410243988
-0.0699620172381401 0.2659246623516083 -0.19817297160625458
-0.06991874426603317 0.2593298554420471 -0.20535819232463837
-0.062495119869709015 0.26456189155578613 -0.2058674544095993
-0.06891452521085739 0.2609248459339142 -0.20142556726932526
-0.07438535988330841 0.25868767499923706 -0.16143353283405304
-0.0651070848107338 0.26004350185394287 -0.15478074550628662
-0.058504533022642136 0.2678488790988922 -0.1566898673772812
-0.07006556540727615 0.26888012886047363 -0.16176079213619232
-0.0673345997929573 0.26302215456962585 -0.1586538702249527
-0.0593634694814682 0.25660157203674316 -0.1473756730556488
-0.05310247838497162 0.26302987337112427 -0.15087014436721802
-0.07193528860807419 0.2544158101081848 -0.1525389403104782
-0.06270724534988403 0.25822362303733826 -0.15104053914546967
-0.03720979392528534 0.27206626534461975 -0.15683206915855408
-0.04725106060504913 0.2692634165287018 -0.15510724484920502
-0.03982512280344963 0.2673114240169525 -0.1499401032924652
-0.04434660077095032 0.2679137885570526 -0.15286852419376373
-0.05228836461901665 0.27825191617012024 -0.157621830701828
-0.04186291620135307 0.27606767416000366 -0.15885092318058014
-0.04955855384469032 0.2723722755908966 -0.15668292343616486
-0.05538022145628929 0.2689999043941498 -0.20374001562595367
-0.04604128748178482 0.2710002362728119 -0.20145995914936066
-0.05349504575133324 0.26786008477211 -0.20893032848834991
-0.05442005395889282 0.26798564195632935 -0.20557379722595215
-0.059392448514699936 0.27763137221336365 -0.20249275863170624
-0.049339860677719116 0.2746330201625824 -0.19908407330513
-0.05687244236469269 0.2718873620033264 -0.2028915137052536
-0.037153538316488266 0.2786746025085449 -0.18503239750862122
-0.0405743233859539 0.2741214632987976 -0.19327090680599213
-0.04505793750286102 0.2827633321285248 -0.1924571692943573
-0.0424436554312706 0.27696099877357483 -0.19273769855499268
-0.036109793931245804 0.27399277687072754 -0.19663091003894806
-0.03323029726743698 0.27511677145957947 -0.18598638474941254
-0.038710013031959534 0.27341049909591675 -0.19444087147712708
-0.032477233558893204 0.2767318785190582 -0.17731589078903198
-0.030173564329743385 0.2759351432323456 -0.16961291432380676
-0.027440274134278297 0.276614785194397 -0.17801834642887115
-0.030407017096877098 0.27601975202560425 -0.17756666243076324
-0.03708595782518387 0.28538304567337036 -0.1769426465034485
-0.034314144402742386 0.2795346975326538 -0.1697268933057785
-0.034440379589796066 0.2795776128768921 -0.17714782059192657
-0.03475454822182655 0.27554836869239807 -0.16311661899089813
-0.03942250832915306 0.28417134284973145 -0.1634543240070343
-0.03678504005074501 0.2784099280834198 -0.16341336071491241
-0.029043618589639664 0.2748930752277374 -0.1617310494184494
-0.03246332332491875 0.27467861771583557 -0.16255752742290497
-0.08960352838039398 0.2495245486497879 -0.1775500476360321
-0.08735205978155136 0.25175437331199646 -0.16649478673934937
-0.08039750903844833 0.2534625828266144 -0.16685451567173004
-0.08383479714393616 0.25173816084861755 -0.17116928100585938
-0.10243190824985504 0.2520858943462372 -0.15850858390331268
-0.08633548021316528 0.25193095207214355 -0.1575426310300827
-0.10206136107444763 0.25207197666168213 -0.1676790565252304
-0.09300835430622101 0.25200435519218445 -0.16213558614253998
-0.07800733298063278 0.2539104223251343 -0.15872149169445038
-0.08336611092090607 0.2508575916290283 -0.15088637173175812
-0.07956137508153915 0.2525263726711273 -0.15452495217323303
-0.07799342274665833 0.25564026832580566 -0.16388823091983795
-0.09075109660625458 0.24511048197746277 -0.19177520275115967
-0.10736025124788284 0.23919840157032013 -0.19688978791236877
-0.10779957473278046 0.2483777552843094 -0.18132425844669342
-0.0990011915564537 0.24587823450565338 -0.18671278655529022
-0.12286512553691864 0.23168282210826874 -0.20232005417346954
-0.09977860003709793 0.22608216106891632 -0.21132513880729675
-0.110013946890831 0.22788426280021667 -0.20631372928619385
-0.145033597946167 0.24331340193748474 -0.1897946000099182
-0.13840515911579132 0.23340919613838196 -0.1989074945449829
-0.15559157729148865 0.251232385635376 -0.1646953970193863
-0.13290302455425262 0.2504495680332184 -0.17764702439308167
-0.15098315477371216 0.24932439625263214 -0.1778784692287445
-0.12023036181926727 0.25318053364753723 -0.16468457877635956
-0.11597780138254166 0.2514595687389374 -0.17354825139045715
-0.10717401653528214 0.24914897978305817 -0.1495973765850067
-0.09607509523630142 0.24316850304603577 -0.14323516190052032
-0.0709129124879837 0.24971427023410797 -0.14643250405788422
-0.09013210237026215 0.24827304482460022 -0.14739343523979187
-0.13624602556228638 0.25051870942115784 -0.15401723980903625
-0.1172509416937828 0.25159749388694763 -0.15603069961071014
-0.15803276002407074 0.24254797399044037 -0.1407831609249115
-0.15819735825061798 0.2488294392824173 -0.15178239345550537
-0.12744726240634918 0.23357030749320984 -0.13496960699558258
-0.1543300300836563 0.2328214943408966 -0.13334253430366516
-0.06907758116722107 0.2355806678533554 -0.13773690164089203
-0.09741237759590149 0.2339393049478531 -0.13760089874267578
-0.04124315455555916 0.26028886437416077 -0.1425817906856537
-0.023285936564207077 0.2662171721458435 -0.14212894439697266
-0.027240397408604622 0.2717532813549042 -0.15295159816741943
-0.03266698494553566 0.266445130109787 -0.1462957262992859
-0.049593329429626465 0.24931474030017853 -0.1389462798833847
-0.05430413782596588 0.25421565771102905 -0.14372819662094116
-0.029816891998052597 0.245626300573349 -0.1231129914522171
-0.04729510843753815 0.240146204829216 -0.13187775015830994
-0.013895884156227112 0.2601586580276489 -0.12672105431556702
-0.01439447607845068 0.2500125467777252 -0.11453291773796082
-0.009997487999498844 0.27279770374298096 -0.14790655672550201
-0.012095367535948753 0.26753050088882446 -0.1376325786113739
-0.016924334689974785 0.27420490980148315 -0.21925725042819977
-0.025020921602845192 0.27648845314979553 -0.20365075767040253
-0.010424946434795856 0.27987125515937805 -0.19203408062458038
-0.013609958812594414 0.2783087193965912 -0.20533771812915802
-0.03742404654622078 0.26310715079307556 -0.23253343999385834
-0.019091492518782616 0.26631608605384827 -0.2331976443529129
-0.06820203363895416 0.25195568799972534 -0.23210185766220093
-0.05183281749486923 0.26513606309890747 -0.22215822339057922
-0.05423884093761444 0.25815755128860474 -0.23270152509212494
-0.04074278473854065 0.2719739079475403 -0.20948904752731323
-0.06334710121154785 0.26242595911026 -0.21499155461788177
-0.05210869759321213 0.26764023303985596 -0.2143462896347046
-0.026031900197267532 0.2769103944301605 -0.18913233280181885
-0.032033853232860565 0.27503448724746704 -0.20022468268871307
-0.00809805653989315 0.27906641364097595 -0.16875861585140228
-0.016665417701005936 0.2758598029613495 -0.15940074622631073
-0.008606810122728348 0.27663180232048035 -0.15818093717098236
-0.016504177823662758 0.27896055579185486 -0.17954418063163757
-0.00864587351679802 0.28013476729393005 -0.17994216084480286
-0.022064726799726486 0.27720558643341064 -0.16926749050617218
-0.02278750017285347 0.2776912748813629 -0.17879034578800201
-0.023627694696187973 0.2752833068370819 -0.16063177585601807
-0.08534981310367584 0.23765479028224945 -0.22422346472740173
-0.074314646422863 0.2522342801094055 -0.2197100967168808
-0.07798028737306595 0.24498993158340454 -0.22913479804992676
-0.08853903412818909 0.2403428703546524 -0.2081320583820343
-0.09208644181489944 0.23034554719924927 -0.21779091656208038
-0.07824418693780899 0.25137534737586975 -0.20566652715206146
-0.0842180922627449 0.2472236305475235 -0.19857250154018402
-0.07167331874370575 0.25672367215156555 -0.2116187959909439
-0.08042764663696289 0.27881988883018494 -0.1889399141073227
-0.08058065921068192 0.2927479147911072 -0.19597560167312622
-0.07056864351034164 0.2842760384082794 -0.20200088620185852
-0.0764254704117775 0.28140443563461304 -0.19711504876613617
-0.08016452193260193 0.27647724747657776 -0.16974081099033356
-0.0856577605009079 0.28912943601608276 -0.17912109196186066
-0.0819944441318512 0.2767411470413208 -0.17906776070594788
-0.08710477501153946 0.30249837040901184 -0.18687815964221954
-0.08566664904356003 0.3003458082675934 -0.1713307797908783
-0.08779524266719818 0.30078279972076416 -0.17894604802131653
-0.078083835542202 0.3053131699562073 -0.1979202777147293
-0.08347313851118088 0.3036378026008606 -0.19370442628860474
-0.055982980877161026 0.28998953104019165 -0.19829776883125305
-0.054166585206985474 0.3033372163772583 -0.1912219077348709
-0.04391423612833023 0.29410335421562195 -0.18441765010356903
-0.049157872796058655 0.2923634648323059 -0.1920456737279892
-0.06801154464483261 0.2983238697052002 -0.2007443606853485
-0.06343712657690048 0.28721603751182556 -0.20200592279434204
-0.06584276258945465 0.31186822056770325 -0.194963276386261
-0.07212074846029282 0.3086380362510681 -0.19802112877368927
-0.05458774417638779 0.31406170129776 -0.1831503063440323
-0.0595075897872448 0.31326034665107727 -0.1897037923336029
-0.04106425866484642 0.2948850393295288 -0.1692771464586258
-0.04877535253763199 0.30461111664772034 -0.16336467862129211
-0.04865402728319168 0.2914477288722992 -0.15922263264656067
-0.04353480786085129 0.29374054074287415 -0.16324451565742493
-0.04646824300289154 0.30585333704948425 -0.17626994848251343
-0.04120335727930069 0.2949746549129486 -0.17658138275146484
-0.052821192890405655 0.31610220670700073 -0.1696925163269043
-0.05255535989999771 0.31551992893218994 -0.17621199786663055
-0.0590493381023407 0.31151196360588074 -0.16097334027290344
-0.05479639396071434 0.3142765462398529 -0.1643955558538437
-0.06541387736797333 0.2836925983428955 -0.15931575000286102
-0.0779435783624649 0.29164209961891174 -0.1640682816505432
-0.0739765614271164 0.2793372571468353 -0.163201242685318
-0.061328623443841934 0.2990313172340393 -0.1584954559803009
-0.056460168212652206 0.2879142463207245 -0.15795141458511353
-0.0740835890173912 0.3067323863506317 -0.16160739958286285
-0.0661487802863121 0.3092763423919678 -0.16007885336875916
-0.0808430165052414 0.3030419945716858 -0.16545464098453522
-0.08823688328266144 -0.2142939418554306 0.0892285406589508
-0.0792514905333519 -0.2203431874513626 0.11029620468616486
-0.07095618546009064 -0.2178904116153717 0.13304540514945984
-0.08240053057670593 -0.21588662266731262 0.11146965622901917
-0.06834422051906586 -0.23065310716629028 0.10816682875156403
-0.06601779907941818 -0.225286602973938 0.12818081676959991
-0.07985155284404755 -0.22446514666080475 0.08832015097141266
-0.07533548027276993 -0.225286602973938 0.10910845547914505
-0.04232928529381752 -0.22429203987121582 0.15665587782859802
-0.05508270487189293 -0.22221019864082336 0.14862099289894104
-0.05101561173796654 -0.2278120070695877 0.14170120656490326
-0.054421987384557724 -0.22483336925506592 0.14422623813152313
-0.03979034721851349 -0.22184467315673828 0.17114107310771942
-0.055557187646627426 -0.22050005197525024 0.15373054146766663
-0.02920655719935894 -0.22171485424041748 0.17347638309001923
-0.01700076088309288 -0.21728764474391937 0.19010834395885468
-0.027242522686719894 -0.2200518548488617 0.18289297819137573
-0.03546082228422165 -0.22698785364627838 0.15511806309223175
-0.02122611552476883 -0.22391879558563232 0.16985362768173218
-0.031520579010248184 -0.22402852773666382 0.16488046944141388
-0.009206325747072697 -0.21983817219734192 0.18319512903690338
-0.012714125216007233 -0.2285565733909607 0.1603199690580368
-0.010676753707230091 -0.2238384187221527 0.17252857983112335
-0.008152112364768982 -0.2157193124294281 0.19390960037708282
-0.012273374944925308 -0.21397362649440765 -0.021548515185713768
-0.02540135756134987 -0.21194857358932495 -0.027170423418283463
-0.012491489760577679 -0.21213982999324799 -0.034505173563957214
-0.013279290869832039 -0.22013415396213531 0.008184993639588356
-0.02457885816693306 -0.2157803624868393 -0.003046455094590783
-0.012382026761770248 -0.21618683636188507 -0.007517319638282061
-0.047951191663742065 -0.21604734659194946 0.014929349534213543
-0.03729383274912834 -0.2137734740972519 -0.005557573400437832
-0.03791514039039612 -0.21858203411102295 0.015699414536356926
-0.03640526533126831 -0.21557673811912537 0.004278251435607672
-0.05332696810364723 -0.2134106606245041 0.0008637643768452108
-0.03914817422628403 -0.21274298429489136 -0.015322689898312092
-0.06318791210651398 -0.21487505733966827 0.0254680085927248
-0.079464390873909 -0.2122623175382614 0.043763741850852966
-0.06753435730934143 -0.21283842623233795 0.02121429331600666
-0.053469933569431305 -0.2206314206123352 0.031459297984838486
-0.06937046349048615 -0.2199525535106659 0.046990059316158295
-0.05930666998028755 -0.21766166388988495 0.029379000887274742
-0.08233678340911865 -0.21747928857803345 0.06684640049934387
-0.06890950351953506 -0.22779500484466553 0.06723355501890182
-0.07704098522663116 -0.2224540114402771 0.06712537258863449
-0.08681189268827438 -0.21291647851467133 0.06654772162437439
-0.029912367463111877 -0.23298686742782593 0.1439032256603241
-0.018271543085575104 -0.24100089073181152 0.12720905244350433
-0.015469168312847614 -0.23482954502105713 0.14498046040534973
-0.04986688867211342 -0.23399727046489716 0.12633776664733887
-0.04230339825153351 -0.23058895766735077 0.1422019749879837
-0.058644019067287445 -0.2365821897983551 0.0875624492764473
-0.039555810391902924 -0.24159051477909088 0.10763130336999893
-0.05596907436847687 -0.23637856543064117 0.10772944241762161
-0.021336931735277176 -0.24641801416873932 0.08716794848442078
-0.020450910553336143 -0.24541573226451874 0.10770510137081146
-0.03930582106113434 -0.2385917752981186 0.06665165722370148
-0.018021397292613983 -0.23525571823120117 0.04574241861701012
-0.02025926485657692 -0.24235130846500397 0.06629695743322372
-0.05005235597491264 -0.228502094745636 0.04745449125766754
-0.05592656880617142 -0.23345710337162018 0.06701988726854324
-0.03009771555662155 -0.22540251910686493 0.027753863483667374
-0.04325622320175171 -0.22321711480617523 0.030219774693250656
-0.015426897443830967 -0.22717022895812988 0.026155002415180206
-0.0636110007762909 -0.06138886138796806 0.2940896451473236
-0.053723786026239395 -0.05934658274054527 0.298912912607193
-0.053281378000974655 -0.053420666605234146 0.29790908098220825
-0.06285329908132553 -0.05338967964053154 0.29270678758621216
-0.05796050280332565 -0.056640997529029846 0.2963531017303467
-0.04244481399655342 -0.06186430901288986 0.3037906289100647
-0.047317519783973694 -0.05654555931687355 0.3013486862182617
-0.05166512727737427 -0.0667213648557663 0.2995917797088623
-0.048392828553915024 -0.060743287205696106 0.3012157678604126
-0.050604112446308136 -0.04713008180260658 0.2962823808193207
-0.042243894189596176 -0.05365802347660065 0.30302172899246216
-0.0479782372713089 -0.05247904732823372 0.2999174892902374
-0.07292249798774719 -0.05869417265057564 0.28813469409942627
-0.08265477418899536 -0.07204270362854004 0.28314143419265747
-0.06676042824983597 -0.07329656183719635 0.29272764921188354
-0.07183019071817398 -0.06691305339336395 0.289959192276001
-0.09560331702232361 -0.09026926755905151 0.2738310694694519
-0.09563693404197693 -0.061855729669332504 0.27115342020988464
-0.09612184762954712 -0.07560699433088303 0.2728160619735718
-0.08108952641487122 -0.10432558506727219 0.28406989574432373
-0.09632585942745209 -0.10642790794372559 0.2737947702407837
-0.05138963460922241 -0.10415209829807281 0.2963229715824127
-0.06332159787416458 -0.08864451944828033 0.2933535873889923
-0.0659768357872963 -0.10394614934921265 0.29126325249671936
-0.04627273231744766 -0.07710006088018417 0.3006160855293274
-0.05759652704000473 -0.07612892240285873 0.29655054211616516
-0.0641218051314354 -0.04333893582224846 0.28752225637435913
-0.07984305173158646 -0.048411570489406586 0.2794097065925598
-0.07015328109264374 -0.0503557063639164 0.2871439754962921
-0.04509039223194122 -0.03625379875302315 0.2929019033908844
-0.05990402027964592 -0.02867562510073185 0.2814119756221771
-0.05542581528425217 -0.039085086435079575 0.28980425000190735
-0.0728367269039154 -0.020422009751200676 0.2673073410987854
-0.049732815474271774 -0.011883396655321121 0.2753205895423889
-0.06149979308247566 -0.016233284026384354 0.27203401923179626
-0.08716736733913422 -0.035515688359737396 0.26595228910446167
-0.08366864919662476 -0.023300696164369583 0.2601151764392853
-0.09190445393323898 -0.04842965304851532 0.2692485451698303
-0.012137483805418015 -0.017701471224427223 0.2915290892124176
-0.02283742092549801 -0.03131123632192612 0.2980709671974182
-0.010526720434427261 -0.04122137650847435 0.3073009252548218
-0.011441797018051147 -0.030146902427077293 0.2997312545776367
-0.02522176504135132 -0.006134678144007921 0.280474990606308
-0.012655278667807579 -0.004712239373475313 0.2819865047931671
-0.03629869967699051 -0.02133314497768879 0.287565141916275
-0.037610553205013275 -0.008521109819412231 0.27819377183914185
-0.031025543808937073 -0.0439811609685421 0.3032798171043396
-0.034140657633543015 -0.033504705876111984 0.2957260012626648
-0.01212933100759983 -0.08899149298667908 0.3067692816257477
-0.024767182767391205 -0.10318922251462936 0.30292242765426636
-0.01226761844009161 -0.10259148478507996 0.3045297861099243
-0.010578611865639687 -0.07129303365945816 0.310528427362442
-0.02309424988925457 -0.07830693572759628 0.3068457841873169
-0.011530703864991665 -0.07809952646493912 0.3086242973804474
-0.03695864602923393 -0.08969471603631973 0.3021685779094696
-0.031297944486141205 -0.07024898380041122 0.30632996559143066
-0.034723326563835144 -0.07789995521306992 0.3041117191314697
-0.037730563431978226 -0.10380473732948303 0.3001980185508728
-0.03340413048863411 -0.06663122028112411 0.30746400356292725
-0.03049619495868683 -0.06617660075426102 0.3110067546367645
-0.03693839907646179 -0.060325682163238525 0.3075331449508667
-0.03635696694254875 -0.06374283879995346 0.3071664869785309
-0.020295893773436546 -0.07185546308755875 0.3186846375465393
-0.025746669620275497 -0.06678241491317749 0.3162929117679596
-0.023144055157899857 -0.07100606709718704 0.314503937959671
-0.025228874757885933 -0.06896332651376724 0.3149753212928772
-0.023121722042560577 -0.06261405348777771 0.31978583335876465
-0.030463583767414093 -0.06076222285628319 0.31320181488990784
-0.020285576581954956 -0.06747984141111374 0.321880042552948
-0.025215815752744675 -0.06440498679876328 0.3177882134914398
-0.03327040374279022 -0.05373626947402954 0.30876341462135315
-0.03627265617251396 -0.05679949373006821 0.30786505341529846
-0.02251073159277439 -0.05750518664717674 0.31755250692367554
-0.01839905045926571 -0.050550058484077454 0.3131863474845886
-0.026842420920729637 -0.05170801654458046 0.31083017587661743
-0.016481922939419746 -0.06614522635936737 0.3255159258842468
-0.013324343599379063 -0.06254079192876816 0.32544249296188354
-0.0189498420804739 -0.062192466109991074 0.3226180374622345
-0.008077269420027733 -0.0572267584502697 0.32190707325935364
-0.005890907719731331 -0.06804674118757248 0.330735981464386
-0.00686950609087944 -0.06305947154760361 0.32742464542388916
-0.00935075618326664 -0.050097715109586716 0.31494441628456116
-0.00809384509921074 -0.07202403992414474 0.3157210350036621
-0.018463654443621635 -0.0696483850479126 0.3112432360649109
-0.009379774332046509 -0.06994915008544922 0.3129139542579651
-0.0058988286182284355 -0.07825477421283722 0.3223746120929718
-0.013343855738639832 -0.07455664128065109 0.3172858953475952
-0.006880324799567461 -0.0754738450050354 0.3188971281051636
-0.022559918463230133 -0.07032483071088791 0.31227177381515503
-0.016499117016792297 -0.07492274045944214 0.318769633769989
-0.01897372119128704 -0.0729689821600914 0.3155471682548523
-0.026955746114253998 -0.0685710683465004 0.3091246783733368
-0.01525870431214571 -0.07266223430633545 0.3241828978061676
-0.010488198138773441 -0.07138928771018982 0.3289470076560974
-0.015429060906171799 -0.06973864883184433 0.3257400095462799
-0.010495655238628387 -0.07687418162822723 0.32421380281448364
-0.015438064001500607 -0.07460536062717438 0.32175251841545105
-0.005110796075314283 -0.07625801116228104 0.3292715847492218
-0.005308934487402439 -0.07832296937704086 0.32609936594963074
-0.005304722581058741 -0.07263943552970886 0.3310837149620056